{
"type": "FeatureCollection",
"crs": { "type": "name", "properties": { "name": "urn:ogc:def:crs:EPSG::3857" } },
"features": [
{ "type": "Feature", "properties": { "id": 1, "name": "P.K. 7,200", "descriptio": "<html><body><table border=\"1\"><tr><th>Field Name<\/th><th>Field Value<\/th><\/tr><tr><td>LINEA \/ LÍNEA<\/td><td>LINEA 3. TXORIERRI<\/td><\/tr><tr><td>P.K.<\/td><td>7,200<\/td><\/tr><tr><td>ITURRIA \/ FUENTE<\/td><td>Euskal Trenbide Sarea (ETS) 2025<\/td><\/tr><tr><td", "timestamp": null, "begin": null, "end": null, "altitudemo": "absolute", "tessellate": -1, "extrude": 0, "visibility": -1, "draworder": null, "icon": null }, "geometry": { "type": "MultiPoint", "coordinates": [ [ -322614.63461286545, 5356675.5410194304, 0.0 ] ] } },
{ "type": "Feature", "properties": { "id": 2, "name": "P.K. 7,300", "descriptio": "<html><body><table border=\"1\"><tr><th>Field Name<\/th><th>Field Value<\/th><\/tr><tr><td>LINEA \/ LÍNEA<\/td><td>LINEA 3. TXORIERRI<\/td><\/tr><tr><td>P.K.<\/td><td>7,300<\/td><\/tr><tr><td>ITURRIA \/ FUENTE<\/td><td>Euskal Trenbide Sarea (ETS) 2025<\/td><\/tr><tr><td", "timestamp": null, "begin": null, "end": null, "altitudemo": "absolute", "tessellate": -1, "extrude": 0, "visibility": -1, "draworder": null, "icon": null }, "geometry": { "type": "MultiPoint", "coordinates": [ [ -322478.71651510801, 5356694.7737612929, 0.0 ] ] } },
{ "type": "Feature", "properties": { "id": 3, "name": "P.K. 7,400", "descriptio": "<html><body><table border=\"1\"><tr><th>Field Name<\/th><th>Field Value<\/th><\/tr><tr><td>LINEA \/ LÍNEA<\/td><td>LINEA 3. TXORIERRI<\/td><\/tr><tr><td>P.K.<\/td><td>7,400<\/td><\/tr><tr><td>ITURRIA \/ FUENTE<\/td><td>Euskal Trenbide Sarea (ETS) 2025<\/td><\/tr><tr><td", "timestamp": null, "begin": null, "end": null, "altitudemo": "absolute", "tessellate": -1, "extrude": 0, "visibility": -1, "draworder": null, "icon": null }, "geometry": { "type": "MultiPoint", "coordinates": [ [ -322344.24762292323, 5356693.2065968141, 0.0 ] ] } },
{ "type": "Feature", "properties": { "id": 4, "name": "P.K. 7,500", "descriptio": "<html><body><table border=\"1\"><tr><th>Field Name<\/th><th>Field Value<\/th><\/tr><tr><td>LINEA \/ LÍNEA<\/td><td>LINEA 3. TXORIERRI<\/td><\/tr><tr><td>P.K.<\/td><td>7,500<\/td><\/tr><tr><td>ITURRIA \/ FUENTE<\/td><td>Euskal Trenbide Sarea (ETS) 2025<\/td><\/tr><tr><td", "timestamp": null, "begin": null, "end": null, "altitudemo": "absolute", "tessellate": -1, "extrude": 0, "visibility": -1, "draworder": null, "icon": null }, "geometry": { "type": "MultiPoint", "coordinates": [ [ -322208.05484448146, 5356662.9144510487, 0.0 ] ] } },
{ "type": "Feature", "properties": { "id": 5, "name": "P.K. 7,600", "descriptio": "<html><body><table border=\"1\"><tr><th>Field Name<\/th><th>Field Value<\/th><\/tr><tr><td>LINEA \/ LÍNEA<\/td><td>LINEA 3. TXORIERRI<\/td><\/tr><tr><td>P.K.<\/td><td>7,600<\/td><\/tr><tr><td>ITURRIA \/ FUENTE<\/td><td>Euskal Trenbide Sarea (ETS) 2025<\/td><\/tr><tr><td", "timestamp": null, "begin": null, "end": null, "altitudemo": "absolute", "tessellate": -1, "extrude": 0, "visibility": -1, "draworder": null, "icon": null }, "geometry": { "type": "MultiPoint", "coordinates": [ [ -322080.3160224295, 5356613.75542349, 0.0 ] ] } },
{ "type": "Feature", "properties": { "id": 6, "name": "P.K. 7,700", "descriptio": "<html><body><table border=\"1\"><tr><th>Field Name<\/th><th>Field Value<\/th><\/tr><tr><td>LINEA \/ LÍNEA<\/td><td>LINEA 3. TXORIERRI<\/td><\/tr><tr><td>P.K.<\/td><td>7,700<\/td><\/tr><tr><td>ITURRIA \/ FUENTE<\/td><td>Euskal Trenbide Sarea (ETS) 2025<\/td><\/tr><tr><td", "timestamp": null, "begin": null, "end": null, "altitudemo": "absolute", "tessellate": -1, "extrude": 0, "visibility": -1, "draworder": null, "icon": null }, "geometry": { "type": "MultiPoint", "coordinates": [ [ -321952.56849023741, 5356561.105283604, 0.0 ] ] } },
{ "type": "Feature", "properties": { "id": 7, "name": "P.K. 7,800", "descriptio": "<html><body><table border=\"1\"><tr><th>Field Name<\/th><th>Field Value<\/th><\/tr><tr><td>LINEA \/ LÍNEA<\/td><td>LINEA 3. TXORIERRI<\/td><\/tr><tr><td>P.K.<\/td><td>7,800<\/td><\/tr><tr><td>ITURRIA \/ FUENTE<\/td><td>Euskal Trenbide Sarea (ETS) 2025<\/td><\/tr><tr><td", "timestamp": null, "begin": null, "end": null, "altitudemo": "absolute", "tessellate": -1, "extrude": 0, "visibility": -1, "draworder": null, "icon": null }, "geometry": { "type": "MultiPoint", "coordinates": [ [ -321825.0908398907, 5356507.9064738173, 0.0 ] ] } },
{ "type": "Feature", "properties": { "id": 8, "name": "P.K. 7,900", "descriptio": "<html><body><table border=\"1\"><tr><th>Field Name<\/th><th>Field Value<\/th><\/tr><tr><td>LINEA \/ LÍNEA<\/td><td>LINEA 3. TXORIERRI<\/td><\/tr><tr><td>P.K.<\/td><td>7,900<\/td><\/tr><tr><td>ITURRIA \/ FUENTE<\/td><td>Euskal Trenbide Sarea (ETS) 2025<\/td><\/tr><tr><td", "timestamp": null, "begin": null, "end": null, "altitudemo": "absolute", "tessellate": -1, "extrude": 0, "visibility": -1, "draworder": null, "icon": null }, "geometry": { "type": "MultiPoint", "coordinates": [ [ -321698.52234491089, 5356455.3655540934, 0.0 ] ] } },
{ "type": "Feature", "properties": { "id": 9, "name": "P.K. 8,000", "descriptio": "<html><body><table border=\"1\"><tr><th>Field Name<\/th><th>Field Value<\/th><\/tr><tr><td>LINEA \/ LÍNEA<\/td><td>LINEA 3. TXORIERRI<\/td><\/tr><tr><td>P.K.<\/td><td>8,000<\/td><\/tr><tr><td>ITURRIA \/ FUENTE<\/td><td>Euskal Trenbide Sarea (ETS) 2025<\/td><\/tr><tr><td", "timestamp": null, "begin": null, "end": null, "altitudemo": "absolute", "tessellate": -1, "extrude": 0, "visibility": -1, "draworder": null, "icon": null }, "geometry": { "type": "MultiPoint", "coordinates": [ [ -321571.4314805101, 5356403.3491205592, 0.0 ] ] } },
{ "type": "Feature", "properties": { "id": 10, "name": "P.K. 8,100", "descriptio": "<html><body><table border=\"1\"><tr><th>Field Name<\/th><th>Field Value<\/th><\/tr><tr><td>LINEA \/ LÍNEA<\/td><td>LINEA 3. TXORIERRI<\/td><\/tr><tr><td>P.K.<\/td><td>8,100<\/td><\/tr><tr><td>ITURRIA \/ FUENTE<\/td><td>Euskal Trenbide Sarea (ETS) 2025<\/td><\/tr><tr><td", "timestamp": null, "begin": null, "end": null, "altitudemo": "absolute", "tessellate": -1, "extrude": 0, "visibility": -1, "draworder": null, "icon": null }, "geometry": { "type": "MultiPoint", "coordinates": [ [ -321443.01681651198, 5356351.983996599, 0.0 ] ] } },
{ "type": "Feature", "properties": { "id": 11, "name": "P.K. 8,200", "descriptio": "<html><body><table border=\"1\"><tr><th>Field Name<\/th><th>Field Value<\/th><\/tr><tr><td>LINEA \/ LÍNEA<\/td><td>LINEA 3. TXORIERRI<\/td><\/tr><tr><td>P.K.<\/td><td>8,200<\/td><\/tr><tr><td>ITURRIA \/ FUENTE<\/td><td>Euskal Trenbide Sarea (ETS) 2025<\/td><\/tr><tr><td", "timestamp": null, "begin": null, "end": null, "altitudemo": "absolute", "tessellate": -1, "extrude": 0, "visibility": -1, "draworder": null, "icon": null }, "geometry": { "type": "MultiPoint", "coordinates": [ [ -321311.11046592257, 5356311.2242010143, 0.0 ] ] } },
{ "type": "Feature", "properties": { "id": 143, "name": "P.K. 43,800", "descriptio": "<html><body><table border=\"1\"><tr><th>Field Name<\/th><th>Field Value<\/th><\/tr><tr><td>LINEA \/ LÍNEA<\/td><td>BILBO-DONOSTIA \/ BILBAO-SAN SEBASTIAN<\/td><\/tr><tr><td>P.K.<\/td><td>43,800<\/td><\/tr><tr><td>ITURRIA \/ FUENTE<\/td><td>Euskal Trenbide Sarea (ETS) 2", "timestamp": null, "begin": null, "end": null, "altitudemo": "absolute", "tessellate": -1, "extrude": 0, "visibility": -1, "draworder": null, "icon": null }, "geometry": { "type": "MultiPoint", "coordinates": [ [ -278729.12263674487, 5339060.2830911689, 0.0 ] ] } },
{ "type": "Feature", "properties": { "id": 144, "name": "P.K. 43,900", "descriptio": "<html><body><table border=\"1\"><tr><th>Field Name<\/th><th>Field Value<\/th><\/tr><tr><td>LINEA \/ LÍNEA<\/td><td>BILBO-DONOSTIA \/ BILBAO-SAN SEBASTIAN<\/td><\/tr><tr><td>P.K.<\/td><td>43,900<\/td><\/tr><tr><td>ITURRIA \/ FUENTE<\/td><td>Euskal Trenbide Sarea (ETS) 2", "timestamp": null, "begin": null, "end": null, "altitudemo": "absolute", "tessellate": -1, "extrude": 0, "visibility": -1, "draworder": null, "icon": null }, "geometry": { "type": "MultiPoint", "coordinates": [ [ -278607.47647622268, 5339124.3694660021, 0.0 ] ] } },
{ "type": "Feature", "properties": { "id": 145, "name": "P.K. 44,000", "descriptio": "<html><body><table border=\"1\"><tr><th>Field Name<\/th><th>Field Value<\/th><\/tr><tr><td>LINEA \/ LÍNEA<\/td><td>BILBO-DONOSTIA \/ BILBAO-SAN SEBASTIAN<\/td><\/tr><tr><td>P.K.<\/td><td>44,000<\/td><\/tr><tr><td>ITURRIA \/ FUENTE<\/td><td>Euskal Trenbide Sarea (ETS) 2", "timestamp": null, "begin": null, "end": null, "altitudemo": "absolute", "tessellate": -1, "extrude": 0, "visibility": -1, "draworder": null, "icon": null }, "geometry": { "type": "MultiPoint", "coordinates": [ [ -278463.81887512706, 5339168.0688459333, 0.0 ] ] } },
{ "type": "Feature", "properties": { "id": 146, "name": "P.K. 44,100", "descriptio": "<html><body><table border=\"1\"><tr><th>Field Name<\/th><th>Field Value<\/th><\/tr><tr><td>LINEA \/ LÍNEA<\/td><td>BILBO-DONOSTIA \/ BILBAO-SAN SEBASTIAN<\/td><\/tr><tr><td>P.K.<\/td><td>44,100<\/td><\/tr><tr><td>ITURRIA \/ FUENTE<\/td><td>Euskal Trenbide Sarea (ETS) 2", "timestamp": null, "begin": null, "end": null, "altitudemo": "absolute", "tessellate": -1, "extrude": 0, "visibility": -1, "draworder": null, "icon": null }, "geometry": { "type": "MultiPoint", "coordinates": [ [ -278371.40568421793, 5339225.503423593, 0.0 ] ] } },
{ "type": "Feature", "properties": { "id": 147, "name": "P.K. 44,200", "descriptio": "<html><body><table border=\"1\"><tr><th>Field Name<\/th><th>Field Value<\/th><\/tr><tr><td>LINEA \/ LÍNEA<\/td><td>BILBO-DONOSTIA \/ BILBAO-SAN SEBASTIAN<\/td><\/tr><tr><td>P.K.<\/td><td>44,200<\/td><\/tr><tr><td>ITURRIA \/ FUENTE<\/td><td>Euskal Trenbide Sarea (ETS) 2", "timestamp": null, "begin": null, "end": null, "altitudemo": "absolute", "tessellate": -1, "extrude": 0, "visibility": -1, "draworder": null, "icon": null }, "geometry": { "type": "MultiPoint", "coordinates": [ [ -278299.58606900676, 5339324.5723372847, 0.0 ] ] } },
{ "type": "Feature", "properties": { "id": 148, "name": "P.K. 44,300", "descriptio": "<html><body><table border=\"1\"><tr><th>Field Name<\/th><th>Field Value<\/th><\/tr><tr><td>LINEA \/ LÍNEA<\/td><td>BILBO-DONOSTIA \/ BILBAO-SAN SEBASTIAN<\/td><\/tr><tr><td>P.K.<\/td><td>44,300<\/td><\/tr><tr><td>ITURRIA \/ FUENTE<\/td><td>Euskal Trenbide Sarea (ETS) 2", "timestamp": null, "begin": null, "end": null, "altitudemo": "absolute", "tessellate": -1, "extrude": 0, "visibility": -1, "draworder": null, "icon": null }, "geometry": { "type": "MultiPoint", "coordinates": [ [ -278274.57326705597, 5339454.3183862595, 0.0 ] ] } },
{ "type": "Feature", "properties": { "id": 149, "name": "P.K. 44,400", "descriptio": "<html><body><table border=\"1\"><tr><th>Field Name<\/th><th>Field Value<\/th><\/tr><tr><td>LINEA \/ LÍNEA<\/td><td>BILBO-DONOSTIA \/ BILBAO-SAN SEBASTIAN<\/td><\/tr><tr><td>P.K.<\/td><td>44,400<\/td><\/tr><tr><td>ITURRIA \/ FUENTE<\/td><td>Euskal Trenbide Sarea (ETS) 2", "timestamp": null, "begin": null, "end": null, "altitudemo": "absolute", "tessellate": -1, "extrude": 0, "visibility": -1, "draworder": null, "icon": null }, "geometry": { "type": "MultiPoint", "coordinates": [ [ -278310.38571826392, 5339584.0789006343, 0.0 ] ] } },
{ "type": "Feature", "properties": { "id": 150, "name": "P.K. 44,500", "descriptio": "<html><body><table border=\"1\"><tr><th>Field Name<\/th><th>Field Value<\/th><\/tr><tr><td>LINEA \/ LÍNEA<\/td><td>BILBO-DONOSTIA \/ BILBAO-SAN SEBASTIAN<\/td><\/tr><tr><td>P.K.<\/td><td>44,500<\/td><\/tr><tr><td>ITURRIA \/ FUENTE<\/td><td>Euskal Trenbide Sarea (ETS) 2", "timestamp": null, "begin": null, "end": null, "altitudemo": "absolute", "tessellate": -1, "extrude": 0, "visibility": -1, "draworder": null, "icon": null }, "geometry": { "type": "MultiPoint", "coordinates": [ [ -278401.83264802222, 5339696.7919697464, 0.0 ] ] } },
{ "type": "Feature", "properties": { "id": 151, "name": "P.K. 44,600", "descriptio": "<html><body><table border=\"1\"><tr><th>Field Name<\/th><th>Field Value<\/th><\/tr><tr><td>LINEA \/ LÍNEA<\/td><td>BILBO-DONOSTIA \/ BILBAO-SAN SEBASTIAN<\/td><\/tr><tr><td>P.K.<\/td><td>44,600<\/td><\/tr><tr><td>ITURRIA \/ FUENTE<\/td><td>Euskal Trenbide Sarea (ETS) 2", "timestamp": null, "begin": null, "end": null, "altitudemo": "absolute", "tessellate": -1, "extrude": 0, "visibility": -1, "draworder": null, "icon": null }, "geometry": { "type": "MultiPoint", "coordinates": [ [ -278474.68499616202, 5339804.272650741, 0.0 ] ] } },
{ "type": "Feature", "properties": { "id": 152, "name": "P.K. 44,700", "descriptio": "<html><body><table border=\"1\"><tr><th>Field Name<\/th><th>Field Value<\/th><\/tr><tr><td>LINEA \/ LÍNEA<\/td><td>BILBO-DONOSTIA \/ BILBAO-SAN SEBASTIAN<\/td><\/tr><tr><td>P.K.<\/td><td>44,700<\/td><\/tr><tr><td>ITURRIA \/ FUENTE<\/td><td>Euskal Trenbide Sarea (ETS) 2", "timestamp": null, "begin": null, "end": null, "altitudemo": "absolute", "tessellate": -1, "extrude": 0, "visibility": -1, "draworder": null, "icon": null }, "geometry": { "type": "MultiPoint", "coordinates": [ [ -278498.70388326619, 5339935.0871991375, 0.0 ] ] } },
{ "type": "Feature", "properties": { "id": 153, "name": "P.K. 44,800", "descriptio": "<html><body><table border=\"1\"><tr><th>Field Name<\/th><th>Field Value<\/th><\/tr><tr><td>LINEA \/ LÍNEA<\/td><td>BILBO-DONOSTIA \/ BILBAO-SAN SEBASTIAN<\/td><\/tr><tr><td>P.K.<\/td><td>44,800<\/td><\/tr><tr><td>ITURRIA \/ FUENTE<\/td><td>Euskal Trenbide Sarea (ETS) 2", "timestamp": null, "begin": null, "end": null, "altitudemo": "absolute", "tessellate": -1, "extrude": 0, "visibility": -1, "draworder": null, "icon": null }, "geometry": { "type": "MultiPoint", "coordinates": [ [ -278463.77875330538, 5340069.5741054742, 0.0 ] ] } },
{ "type": "Feature", "properties": { "id": 250, "name": "P.K. 9,100", "descriptio": "<html><body><table border=\"1\"><tr><th>Field Name<\/th><th>Field Value<\/th><\/tr><tr><td>LINEA \/ LÍNEA<\/td><td>TRANBIA GASTEIZ \/ TRANVIA VITORIA<\/td><\/tr><tr><td>P.K.<\/td><td>9,100<\/td><\/tr><tr><td>ITURRIA \/ FUENTE<\/td><td>Euskal Trenbide Sarea (ETS) 2025<\/", "timestamp": null, "begin": null, "end": null, "altitudemo": "absolute", "tessellate": -1, "extrude": 0, "visibility": -1, "draworder": null, "icon": null }, "geometry": { "type": "MultiPoint", "coordinates": [ [ -297037.61469588743, 5287426.9687080849, 0.0 ] ] } },
{ "type": "Feature", "properties": { "id": 251, "name": "P.K. 9,000", "descriptio": "<html><body><table border=\"1\"><tr><th>Field Name<\/th><th>Field Value<\/th><\/tr><tr><td>LINEA \/ LÍNEA<\/td><td>TRANBIA GASTEIZ \/ TRANVIA VITORIA<\/td><\/tr><tr><td>P.K.<\/td><td>9,000<\/td><\/tr><tr><td>ITURRIA \/ FUENTE<\/td><td>Euskal Trenbide Sarea (ETS) 2025<\/", "timestamp": null, "begin": null, "end": null, "altitudemo": "absolute", "tessellate": -1, "extrude": 0, "visibility": -1, "draworder": null, "icon": null }, "geometry": { "type": "MultiPoint", "coordinates": [ [ -297173.50447459804, 5287427.89742353, 0.0 ] ] } },
{ "type": "Feature", "properties": { "id": 252, "name": "P.K. 8,900", "descriptio": "<html><body><table border=\"1\"><tr><th>Field Name<\/th><th>Field Value<\/th><\/tr><tr><td>LINEA \/ LÍNEA<\/td><td>TRANBIA GASTEIZ \/ TRANVIA VITORIA<\/td><\/tr><tr><td>P.K.<\/td><td>8,900<\/td><\/tr><tr><td>ITURRIA \/ FUENTE<\/td><td>Euskal Trenbide Sarea (ETS) 2025<\/", "timestamp": null, "begin": null, "end": null, "altitudemo": "absolute", "tessellate": -1, "extrude": 0, "visibility": -1, "draworder": null, "icon": null }, "geometry": { "type": "MultiPoint", "coordinates": [ [ -297309.69375378819, 5287429.9641459286, 0.0 ] ] } },
{ "type": "Feature", "properties": { "id": 253, "name": "P.K. 8,800", "descriptio": "<html><body><table border=\"1\"><tr><th>Field Name<\/th><th>Field Value<\/th><\/tr><tr><td>LINEA \/ LÍNEA<\/td><td>TRANBIA GASTEIZ \/ TRANVIA VITORIA<\/td><\/tr><tr><td>P.K.<\/td><td>8,800<\/td><\/tr><tr><td>ITURRIA \/ FUENTE<\/td><td>Euskal Trenbide Sarea (ETS) 2025<\/", "timestamp": null, "begin": null, "end": null, "altitudemo": "absolute", "tessellate": -1, "extrude": 0, "visibility": -1, "draworder": null, "icon": null }, "geometry": { "type": "MultiPoint", "coordinates": [ [ -297446.42992903467, 5287422.3928500228, 0.0 ] ] } },
{ "type": "Feature", "properties": { "id": 254, "name": "P.K. 8,700", "descriptio": "<html><body><table border=\"1\"><tr><th>Field Name<\/th><th>Field Value<\/th><\/tr><tr><td>LINEA \/ LÍNEA<\/td><td>TRANBIA GASTEIZ \/ TRANVIA VITORIA<\/td><\/tr><tr><td>P.K.<\/td><td>8,700<\/td><\/tr><tr><td>ITURRIA \/ FUENTE<\/td><td>Euskal Trenbide Sarea (ETS) 2025<\/", "timestamp": null, "begin": null, "end": null, "altitudemo": "absolute", "tessellate": -1, "extrude": 0, "visibility": -1, "draworder": null, "icon": null }, "geometry": { "type": "MultiPoint", "coordinates": [ [ -297490.26799296821, 5287294.4281129828, 0.0 ] ] } },
{ "type": "Feature", "properties": { "id": 255, "name": "P.K. 8,600", "descriptio": "<html><body><table border=\"1\"><tr><th>Field Name<\/th><th>Field Value<\/th><\/tr><tr><td>LINEA \/ LÍNEA<\/td><td>TRANBIA GASTEIZ \/ TRANVIA VITORIA<\/td><\/tr><tr><td>P.K.<\/td><td>8,600<\/td><\/tr><tr><td>ITURRIA \/ FUENTE<\/td><td>Euskal Trenbide Sarea (ETS) 2025<\/", "timestamp": null, "begin": null, "end": null, "altitudemo": "absolute", "tessellate": -1, "extrude": 0, "visibility": -1, "draworder": null, "icon": null }, "geometry": { "type": "MultiPoint", "coordinates": [ [ -297491.35180025641, 5287182.6156532057, 0.0 ] ] } },
{ "type": "Feature", "properties": { "id": 256, "name": "P.K. 9,700", "descriptio": "<html><body><table border=\"1\"><tr><th>Field Name<\/th><th>Field Value<\/th><\/tr><tr><td>LINEA \/ LÍNEA<\/td><td>TRANBIA GASTEIZ \/ TRANVIA VITORIA<\/td><\/tr><tr><td>P.K.<\/td><td>9,700<\/td><\/tr><tr><td>ITURRIA \/ FUENTE<\/td><td>Euskal Trenbide Sarea (ETS) 2025<\/", "timestamp": null, "begin": null, "end": null, "altitudemo": "absolute", "tessellate": -1, "extrude": 0, "visibility": -1, "draworder": null, "icon": null }, "geometry": { "type": "MultiPoint", "coordinates": [ [ -296470.03020341956, 5287930.2025107853, 0.0 ] ] } },
{ "type": "Feature", "properties": { "id": 257, "name": "P.K. 9,900", "descriptio": "<html><body><table border=\"1\"><tr><th>Field Name<\/th><th>Field Value<\/th><\/tr><tr><td>LINEA \/ LÍNEA<\/td><td>TRANBIA GASTEIZ \/ TRANVIA VITORIA<\/td><\/tr><tr><td>P.K.<\/td><td>9,900<\/td><\/tr><tr><td>ITURRIA \/ FUENTE<\/td><td>Euskal Trenbide Sarea (ETS) 2025<\/", "timestamp": null, "begin": null, "end": null, "altitudemo": "absolute", "tessellate": -1, "extrude": 0, "visibility": -1, "draworder": null, "icon": null }, "geometry": { "type": "MultiPoint", "coordinates": [ [ -296757.68482430041, 5288004.3008983079, 0.0 ] ] } },
{ "type": "Feature", "properties": { "id": 258, "name": "P.K. 9,700", "descriptio": "<html><body><table border=\"1\"><tr><th>Field Name<\/th><th>Field Value<\/th><\/tr><tr><td>LINEA \/ LÍNEA<\/td><td>TRANBIA GASTEIZ \/ TRANVIA VITORIA<\/td><\/tr><tr><td>P.K.<\/td><td>9,700<\/td><\/tr><tr><td>ITURRIA \/ FUENTE<\/td><td>Euskal Trenbide Sarea (ETS) 2025<\/", "timestamp": null, "begin": null, "end": null, "altitudemo": "absolute", "tessellate": -1, "extrude": 0, "visibility": -1, "draworder": null, "icon": null }, "geometry": { "type": "MultiPoint", "coordinates": [ [ -296538.70075044222, 5287876.6569673782, 0.0 ] ] } },
{ "type": "Feature", "properties": { "id": 259, "name": "P.K. 9,600", "descriptio": "<html><body><table border=\"1\"><tr><th>Field Name<\/th><th>Field Value<\/th><\/tr><tr><td>LINEA \/ LÍNEA<\/td><td>TRANBIA GASTEIZ \/ TRANVIA VITORIA<\/td><\/tr><tr><td>P.K.<\/td><td>9,600<\/td><\/tr><tr><td>ITURRIA \/ FUENTE<\/td><td>Euskal Trenbide Sarea (ETS) 2025<\/", "timestamp": null, "begin": null, "end": null, "altitudemo": "absolute", "tessellate": -1, "extrude": 0, "visibility": -1, "draworder": null, "icon": null }, "geometry": { "type": "MultiPoint", "coordinates": [ [ -296506.13129373756, 5287743.8571385071, 0.0 ] ] } },
{ "type": "Feature", "properties": { "id": 260, "name": "P.K. 9,500", "descriptio": "<html><body><table border=\"1\"><tr><th>Field Name<\/th><th>Field Value<\/th><\/tr><tr><td>LINEA \/ LÍNEA<\/td><td>TRANBIA GASTEIZ \/ TRANVIA VITORIA<\/td><\/tr><tr><td>P.K.<\/td><td>9,500<\/td><\/tr><tr><td>ITURRIA \/ FUENTE<\/td><td>Euskal Trenbide Sarea (ETS) 2025<\/", "timestamp": null, "begin": null, "end": null, "altitudemo": "absolute", "tessellate": -1, "extrude": 0, "visibility": -1, "draworder": null, "icon": null }, "geometry": { "type": "MultiPoint", "coordinates": [ [ -296513.91469738452, 5287606.6801204421, 0.0 ] ] } },
{ "type": "Feature", "properties": { "id": 261, "name": "P.K. 9,400", "descriptio": "<html><body><table border=\"1\"><tr><th>Field Name<\/th><th>Field Value<\/th><\/tr><tr><td>LINEA \/ LÍNEA<\/td><td>TRANBIA GASTEIZ \/ TRANVIA VITORIA<\/td><\/tr><tr><td>P.K.<\/td><td>9,400<\/td><\/tr><tr><td>ITURRIA \/ FUENTE<\/td><td>Euskal Trenbide Sarea (ETS) 2025<\/", "timestamp": null, "begin": null, "end": null, "altitudemo": "absolute", "tessellate": -1, "extrude": 0, "visibility": -1, "draworder": null, "icon": null }, "geometry": { "type": "MultiPoint", "coordinates": [ [ -296634.53285575577, 5287538.0007436657, 0.0 ] ] } },
{ "type": "Feature", "properties": { "id": 262, "name": "P.K. 9,300", "descriptio": "<html><body><table border=\"1\"><tr><th>Field Name<\/th><th>Field Value<\/th><\/tr><tr><td>LINEA \/ LÍNEA<\/td><td>TRANBIA GASTEIZ \/ TRANVIA VITORIA<\/td><\/tr><tr><td>P.K.<\/td><td>9,300<\/td><\/tr><tr><td>ITURRIA \/ FUENTE<\/td><td>Euskal Trenbide Sarea (ETS) 2025<\/", "timestamp": null, "begin": null, "end": null, "altitudemo": "absolute", "tessellate": -1, "extrude": 0, "visibility": -1, "draworder": null, "icon": null }, "geometry": { "type": "MultiPoint", "coordinates": [ [ -296759.93138309999, 5287484.3774185544, 0.0 ] ] } },
{ "type": "Feature", "properties": { "id": 263, "name": "P.K. 9,200", "descriptio": "<html><body><table border=\"1\"><tr><th>Field Name<\/th><th>Field Value<\/th><\/tr><tr><td>LINEA \/ LÍNEA<\/td><td>TRANBIA GASTEIZ \/ TRANVIA VITORIA<\/td><\/tr><tr><td>P.K.<\/td><td>9,200<\/td><\/tr><tr><td>ITURRIA \/ FUENTE<\/td><td>Euskal Trenbide Sarea (ETS) 2025<\/", "timestamp": null, "begin": null, "end": null, "altitudemo": "absolute", "tessellate": -1, "extrude": 0, "visibility": -1, "draworder": null, "icon": null }, "geometry": { "type": "MultiPoint", "coordinates": [ [ -296885.22314913746, 5287430.6251479136, 0.0 ] ] } },
{ "type": "Feature", "properties": { "id": 264, "name": "P.K. 9,800", "descriptio": "<html><body><table border=\"1\"><tr><th>Field Name<\/th><th>Field Value<\/th><\/tr><tr><td>LINEA \/ LÍNEA<\/td><td>TRANBIA GASTEIZ \/ TRANVIA VITORIA<\/td><\/tr><tr><td>P.K.<\/td><td>9,800<\/td><\/tr><tr><td>ITURRIA \/ FUENTE<\/td><td>Euskal Trenbide Sarea (ETS) 2025<\/", "timestamp": null, "begin": null, "end": null, "altitudemo": "absolute", "tessellate": -1, "extrude": 0, "visibility": -1, "draworder": null, "icon": null }, "geometry": { "type": "MultiPoint", "coordinates": [ [ -296623.98117348214, 5287978.0395430345, 0.0 ] ] } },
{ "type": "Feature", "properties": { "id": 279, "name": "P.K. 5,600", "descriptio": "<html><body><table border=\"1\"><tr><th>Field Name<\/th><th>Field Value<\/th><\/tr><tr><td>LINEA \/ LÍNEA<\/td><td>LINEA 3. TXORIERRI<\/td><\/tr><tr><td>P.K.<\/td><td>5,600<\/td><\/tr><tr><td>ITURRIA \/ FUENTE<\/td><td>Euskal Trenbide Sarea (ETS) 2025<\/td><\/tr><tr><td", "timestamp": null, "begin": null, "end": null, "altitudemo": "absolute", "tessellate": -1, "extrude": 0, "visibility": -1, "draworder": null, "icon": null }, "geometry": { "type": "MultiPoint", "coordinates": [ [ -324725.75369252398, 5356941.2429265771, 0.0 ] ] } },
{ "type": "Feature", "properties": { "id": 280, "name": "P.K. 5,700", "descriptio": "<html><body><table border=\"1\"><tr><th>Field Name<\/th><th>Field Value<\/th><\/tr><tr><td>LINEA \/ LÍNEA<\/td><td>LINEA 3. TXORIERRI<\/td><\/tr><tr><td>P.K.<\/td><td>5,700<\/td><\/tr><tr><td>ITURRIA \/ FUENTE<\/td><td>Euskal Trenbide Sarea (ETS) 2025<\/td><\/tr><tr><td", "timestamp": null, "begin": null, "end": null, "altitudemo": "absolute", "tessellate": -1, "extrude": 0, "visibility": -1, "draworder": null, "icon": null }, "geometry": { "type": "MultiPoint", "coordinates": [ [ -324597.45094426733, 5356887.8277946506, 0.0 ] ] } },
{ "type": "Feature", "properties": { "id": 281, "name": "P.K. 5,800", "descriptio": "<html><body><table border=\"1\"><tr><th>Field Name<\/th><th>Field Value<\/th><\/tr><tr><td>LINEA \/ LÍNEA<\/td><td>LINEA 3. TXORIERRI<\/td><\/tr><tr><td>P.K.<\/td><td>5,800<\/td><\/tr><tr><td>ITURRIA \/ FUENTE<\/td><td>Euskal Trenbide Sarea (ETS) 2025<\/td><\/tr><tr><td", "timestamp": null, "begin": null, "end": null, "altitudemo": "absolute", "tessellate": -1, "extrude": 0, "visibility": -1, "draworder": null, "icon": null }, "geometry": { "type": "MultiPoint", "coordinates": [ [ -324468.87896575325, 5356825.0427604616, 0.0 ] ] } },
{ "type": "Feature", "properties": { "id": 282, "name": "P.K. 5,900", "descriptio": "<html><body><table border=\"1\"><tr><th>Field Name<\/th><th>Field Value<\/th><\/tr><tr><td>LINEA \/ LÍNEA<\/td><td>LINEA 3. TXORIERRI<\/td><\/tr><tr><td>P.K.<\/td><td>5,900<\/td><\/tr><tr><td>ITURRIA \/ FUENTE<\/td><td>Euskal Trenbide Sarea (ETS) 2025<\/td><\/tr><tr><td", "timestamp": null, "begin": null, "end": null, "altitudemo": "absolute", "tessellate": -1, "extrude": 0, "visibility": -1, "draworder": null, "icon": null }, "geometry": { "type": "MultiPoint", "coordinates": [ [ -324337.89747932146, 5356812.7000625292, 0.0 ] ] } },
{ "type": "Feature", "properties": { "id": 283, "name": "P.K. 6,000", "descriptio": "<html><body><table border=\"1\"><tr><th>Field Name<\/th><th>Field Value<\/th><\/tr><tr><td>LINEA \/ LÍNEA<\/td><td>LINEA 3. TXORIERRI<\/td><\/tr><tr><td>P.K.<\/td><td>6,000<\/td><\/tr><tr><td>ITURRIA \/ FUENTE<\/td><td>Euskal Trenbide Sarea (ETS) 2025<\/td><\/tr><tr><td", "timestamp": null, "begin": null, "end": null, "altitudemo": "absolute", "tessellate": -1, "extrude": 0, "visibility": -1, "draworder": null, "icon": null }, "geometry": { "type": "MultiPoint", "coordinates": [ [ -324199.06606912613, 5356824.7971362341, 0.0 ] ] } },
{ "type": "Feature", "properties": { "id": 284, "name": "P.K. 6,100", "descriptio": "<html><body><table border=\"1\"><tr><th>Field Name<\/th><th>Field Value<\/th><\/tr><tr><td>LINEA \/ LÍNEA<\/td><td>LINEA 3. TXORIERRI<\/td><\/tr><tr><td>P.K.<\/td><td>6,100<\/td><\/tr><tr><td>ITURRIA \/ FUENTE<\/td><td>Euskal Trenbide Sarea (ETS) 2025<\/td><\/tr><tr><td", "timestamp": null, "begin": null, "end": null, "altitudemo": "absolute", "tessellate": -1, "extrude": 0, "visibility": -1, "draworder": null, "icon": null }, "geometry": { "type": "MultiPoint", "coordinates": [ [ -324062.4003088125, 5356839.3888523942, 0.0 ] ] } },
{ "type": "Feature", "properties": { "id": 285, "name": "P.K. 6,200", "descriptio": "<html><body><table border=\"1\"><tr><th>Field Name<\/th><th>Field Value<\/th><\/tr><tr><td>LINEA \/ LÍNEA<\/td><td>LINEA 3. TXORIERRI<\/td><\/tr><tr><td>P.K.<\/td><td>6,200<\/td><\/tr><tr><td>ITURRIA \/ FUENTE<\/td><td>Euskal Trenbide Sarea (ETS) 2025<\/td><\/tr><tr><td", "timestamp": null, "begin": null, "end": null, "altitudemo": "absolute", "tessellate": -1, "extrude": 0, "visibility": -1, "draworder": null, "icon": null }, "geometry": { "type": "MultiPoint", "coordinates": [ [ -323925.9222806638, 5356851.6676875511, 0.0 ] ] } },
{ "type": "Feature", "properties": { "id": 286, "name": "P.K. 6,300", "descriptio": "<html><body><table border=\"1\"><tr><th>Field Name<\/th><th>Field Value<\/th><\/tr><tr><td>LINEA \/ LÍNEA<\/td><td>LINEA 3. TXORIERRI<\/td><\/tr><tr><td>P.K.<\/td><td>6,300<\/td><\/tr><tr><td>ITURRIA \/ FUENTE<\/td><td>Euskal Trenbide Sarea (ETS) 2025<\/td><\/tr><tr><td", "timestamp": null, "begin": null, "end": null, "altitudemo": "absolute", "tessellate": -1, "extrude": 0, "visibility": -1, "draworder": null, "icon": null }, "geometry": { "type": "MultiPoint", "coordinates": [ [ -323789.3596828244, 5356865.0353233768, 0.0 ] ] } },
{ "type": "Feature", "properties": { "id": 287, "name": "P.K. 6,400", "descriptio": "<html><body><table border=\"1\"><tr><th>Field Name<\/th><th>Field Value<\/th><\/tr><tr><td>LINEA \/ LÍNEA<\/td><td>LINEA 3. TXORIERRI<\/td><\/tr><tr><td>P.K.<\/td><td>6,400<\/td><\/tr><tr><td>ITURRIA \/ FUENTE<\/td><td>Euskal Trenbide Sarea (ETS) 2025<\/td><\/tr><tr><td", "timestamp": null, "begin": null, "end": null, "altitudemo": "absolute", "tessellate": -1, "extrude": 0, "visibility": -1, "draworder": null, "icon": null }, "geometry": { "type": "MultiPoint", "coordinates": [ [ -323652.62466143793, 5356878.1043983661, 0.0 ] ] } },
{ "type": "Feature", "properties": { "id": 288, "name": "P.K. 6,500", "descriptio": "<html><body><table border=\"1\"><tr><th>Field Name<\/th><th>Field Value<\/th><\/tr><tr><td>LINEA \/ LÍNEA<\/td><td>LINEA 3. TXORIERRI<\/td><\/tr><tr><td>P.K.<\/td><td>6,500<\/td><\/tr><tr><td>ITURRIA \/ FUENTE<\/td><td>Euskal Trenbide Sarea (ETS) 2025<\/td><\/tr><tr><td", "timestamp": null, "begin": null, "end": null, "altitudemo": "absolute", "tessellate": -1, "extrude": 0, "visibility": -1, "draworder": null, "icon": null }, "geometry": { "type": "MultiPoint", "coordinates": [ [ -323516.56360318034, 5356891.5495898267, 0.0 ] ] } },
{ "type": "Feature", "properties": { "id": 289, "name": "P.K. 6,600", "descriptio": "<html><body><table border=\"1\"><tr><th>Field Name<\/th><th>Field Value<\/th><\/tr><tr><td>LINEA \/ LÍNEA<\/td><td>LINEA 3. TXORIERRI<\/td><\/tr><tr><td>P.K.<\/td><td>6,600<\/td><\/tr><tr><td>ITURRIA \/ FUENTE<\/td><td>Euskal Trenbide Sarea (ETS) 2025<\/td><\/tr><tr><td", "timestamp": null, "begin": null, "end": null, "altitudemo": "absolute", "tessellate": -1, "extrude": 0, "visibility": -1, "draworder": null, "icon": null }, "geometry": { "type": "MultiPoint", "coordinates": [ [ -323377.68630779465, 5356902.2027942576, 0.0 ] ] } },
{ "type": "Feature", "properties": { "id": 290, "name": "P.K. 6,700", "descriptio": "<html><body><table border=\"1\"><tr><th>Field Name<\/th><th>Field Value<\/th><\/tr><tr><td>LINEA \/ LÍNEA<\/td><td>LINEA 3. TXORIERRI<\/td><\/tr><tr><td>P.K.<\/td><td>6,700<\/td><\/tr><tr><td>ITURRIA \/ FUENTE<\/td><td>Euskal Trenbide Sarea (ETS) 2025<\/td><\/tr><tr><td", "timestamp": null, "begin": null, "end": null, "altitudemo": "absolute", "tessellate": -1, "extrude": 0, "visibility": -1, "draworder": null, "icon": null }, "geometry": { "type": "MultiPoint", "coordinates": [ [ -323242.68321759597, 5356895.3507048758, 0.0 ] ] } },
{ "type": "Feature", "properties": { "id": 291, "name": "P.K. 6,800", "descriptio": "<html><body><table border=\"1\"><tr><th>Field Name<\/th><th>Field Value<\/th><\/tr><tr><td>LINEA \/ LÍNEA<\/td><td>LINEA 3. TXORIERRI<\/td><\/tr><tr><td>P.K.<\/td><td>6,800<\/td><\/tr><tr><td>ITURRIA \/ FUENTE<\/td><td>Euskal Trenbide Sarea (ETS) 2025<\/td><\/tr><tr><td", "timestamp": null, "begin": null, "end": null, "altitudemo": "absolute", "tessellate": -1, "extrude": 0, "visibility": -1, "draworder": null, "icon": null }, "geometry": { "type": "MultiPoint", "coordinates": [ [ -323111.57260264287, 5356860.7592339972, 0.0 ] ] } },
{ "type": "Feature", "properties": { "id": 292, "name": "P.K. 6,900", "descriptio": "<html><body><table border=\"1\"><tr><th>Field Name<\/th><th>Field Value<\/th><\/tr><tr><td>LINEA \/ LÍNEA<\/td><td>LINEA 3. TXORIERRI<\/td><\/tr><tr><td>P.K.<\/td><td>6,900<\/td><\/tr><tr><td>ITURRIA \/ FUENTE<\/td><td>Euskal Trenbide Sarea (ETS) 2025<\/td><\/tr><tr><td", "timestamp": null, "begin": null, "end": null, "altitudemo": "absolute", "tessellate": -1, "extrude": 0, "visibility": -1, "draworder": null, "icon": null }, "geometry": { "type": "MultiPoint", "coordinates": [ [ -322987.64949315274, 5356800.9027614426, 0.0 ] ] } },
{ "type": "Feature", "properties": { "id": 293, "name": "P.K. 7,000", "descriptio": "<html><body><table border=\"1\"><tr><th>Field Name<\/th><th>Field Value<\/th><\/tr><tr><td>LINEA \/ LÍNEA<\/td><td>LINEA 3. TXORIERRI<\/td><\/tr><tr><td>P.K.<\/td><td>7,000<\/td><\/tr><tr><td>ITURRIA \/ FUENTE<\/td><td>Euskal Trenbide Sarea (ETS) 2025<\/td><\/tr><tr><td", "timestamp": null, "begin": null, "end": null, "altitudemo": "absolute", "tessellate": -1, "extrude": 0, "visibility": -1, "draworder": null, "icon": null }, "geometry": { "type": "MultiPoint", "coordinates": [ [ -322876.69851273374, 5356722.8531231973, 0.0 ] ] } },
{ "type": "Feature", "properties": { "id": 294, "name": "P.K. 7,100", "descriptio": "<html><body><table border=\"1\"><tr><th>Field Name<\/th><th>Field Value<\/th><\/tr><tr><td>LINEA \/ LÍNEA<\/td><td>LINEA 3. TXORIERRI<\/td><\/tr><tr><td>P.K.<\/td><td>7,100<\/td><\/tr><tr><td>ITURRIA \/ FUENTE<\/td><td>Euskal Trenbide Sarea (ETS) 2025<\/td><\/tr><tr><td", "timestamp": null, "begin": null, "end": null, "altitudemo": "absolute", "tessellate": -1, "extrude": 0, "visibility": -1, "draworder": null, "icon": null }, "geometry": { "type": "MultiPoint", "coordinates": [ [ -322752.23461596336, 5356669.410842333, 0.0 ] ] } },
{ "type": "Feature", "properties": { "id": 342, "name": "P.K. 9,600", "descriptio": "<html><body><table border=\"1\"><tr><th>Field Name<\/th><th>Field Value<\/th><\/tr><tr><td>LINEA \/ LÍNEA<\/td><td>TRANBIA SALBURUA \/ TRANVIA SALBURUA<\/td><\/tr><tr><td>P.K.<\/td><td>9,600<\/td><\/tr><tr><td>ITURRIA \/ FUENTE<\/td><td>Euskal Trenbide Sarea (ETS) 2025", "timestamp": null, "begin": null, "end": null, "altitudemo": "absolute", "tessellate": -1, "extrude": 0, "visibility": -1, "draworder": null, "icon": null }, "geometry": { "type": "MultiPoint", "coordinates": [ [ -296335.76268215082, 5287901.1766813751, 0.0 ] ] } },
{ "type": "Feature", "properties": { "id": 343, "name": "P.K. 9,500", "descriptio": "<html><body><table border=\"1\"><tr><th>Field Name<\/th><th>Field Value<\/th><\/tr><tr><td>LINEA \/ LÍNEA<\/td><td>TRANBIA SALBURUA \/ TRANVIA SALBURUA<\/td><\/tr><tr><td>P.K.<\/td><td>9,500<\/td><\/tr><tr><td>ITURRIA \/ FUENTE<\/td><td>Euskal Trenbide Sarea (ETS) 2025", "timestamp": null, "begin": null, "end": null, "altitudemo": "absolute", "tessellate": -1, "extrude": 0, "visibility": -1, "draworder": null, "icon": null }, "geometry": { "type": "MultiPoint", "coordinates": [ [ -296199.53937548085, 5287879.5264859656, 0.0 ] ] } },
{ "type": "Feature", "properties": { "id": 344, "name": "P.K. 9,400", "descriptio": "<html><body><table border=\"1\"><tr><th>Field Name<\/th><th>Field Value<\/th><\/tr><tr><td>LINEA \/ LÍNEA<\/td><td>TRANBIA SALBURUA \/ TRANVIA SALBURUA<\/td><\/tr><tr><td>P.K.<\/td><td>9,400<\/td><\/tr><tr><td>ITURRIA \/ FUENTE<\/td><td>Euskal Trenbide Sarea (ETS) 2025", "timestamp": null, "begin": null, "end": null, "altitudemo": "absolute", "tessellate": -1, "extrude": 0, "visibility": -1, "draworder": null, "icon": null }, "geometry": { "type": "MultiPoint", "coordinates": [ [ -296063.60535118432, 5287873.1735825771, 0.0 ] ] } },
{ "type": "Feature", "properties": { "id": 345, "name": "P.K. 9,300", "descriptio": "<html><body><table border=\"1\"><tr><th>Field Name<\/th><th>Field Value<\/th><\/tr><tr><td>LINEA \/ LÍNEA<\/td><td>TRANBIA SALBURUA \/ TRANVIA SALBURUA<\/td><\/tr><tr><td>P.K.<\/td><td>9,300<\/td><\/tr><tr><td>ITURRIA \/ FUENTE<\/td><td>Euskal Trenbide Sarea (ETS) 2025", "timestamp": null, "begin": null, "end": null, "altitudemo": "absolute", "tessellate": -1, "extrude": 0, "visibility": -1, "draworder": null, "icon": null }, "geometry": { "type": "MultiPoint", "coordinates": [ [ -295927.78059177642, 5287888.1406151671, 0.0 ] ] } },
{ "type": "Feature", "properties": { "id": 346, "name": "P.K. 9,200", "descriptio": "<html><body><table border=\"1\"><tr><th>Field Name<\/th><th>Field Value<\/th><\/tr><tr><td>LINEA \/ LÍNEA<\/td><td>TRANBIA SALBURUA \/ TRANVIA SALBURUA<\/td><\/tr><tr><td>P.K.<\/td><td>9,200<\/td><\/tr><tr><td>ITURRIA \/ FUENTE<\/td><td>Euskal Trenbide Sarea (ETS) 2025", "timestamp": null, "begin": null, "end": null, "altitudemo": "absolute", "tessellate": -1, "extrude": 0, "visibility": -1, "draworder": null, "icon": null }, "geometry": { "type": "MultiPoint", "coordinates": [ [ -295792.448417751, 5287906.2280352293, 0.0 ] ] } },
{ "type": "Feature", "properties": { "id": 347, "name": "P.K. 9,100", "descriptio": "<html><body><table border=\"1\"><tr><th>Field Name<\/th><th>Field Value<\/th><\/tr><tr><td>LINEA \/ LÍNEA<\/td><td>TRANBIA SALBURUA \/ TRANVIA SALBURUA<\/td><\/tr><tr><td>P.K.<\/td><td>9,100<\/td><\/tr><tr><td>ITURRIA \/ FUENTE<\/td><td>Euskal Trenbide Sarea (ETS) 2025", "timestamp": null, "begin": null, "end": null, "altitudemo": "absolute", "tessellate": -1, "extrude": 0, "visibility": -1, "draworder": null, "icon": null }, "geometry": { "type": "MultiPoint", "coordinates": [ [ -295657.8039112367, 5287922.5131639168, 0.0 ] ] } },
{ "type": "Feature", "properties": { "id": 348, "name": "P.K. 9,000", "descriptio": "<html><body><table border=\"1\"><tr><th>Field Name<\/th><th>Field Value<\/th><\/tr><tr><td>LINEA \/ LÍNEA<\/td><td>TRANBIA SALBURUA \/ TRANVIA SALBURUA<\/td><\/tr><tr><td>P.K.<\/td><td>9,000<\/td><\/tr><tr><td>ITURRIA \/ FUENTE<\/td><td>Euskal Trenbide Sarea (ETS) 2025", "timestamp": null, "begin": null, "end": null, "altitudemo": "absolute", "tessellate": -1, "extrude": 0, "visibility": -1, "draworder": null, "icon": null }, "geometry": { "type": "MultiPoint", "coordinates": [ [ -295524.88422825513, 5287950.2780327387, 0.0 ] ] } },
{ "type": "Feature", "properties": { "id": 349, "name": "P.K. 8,900", "descriptio": "<html><body><table border=\"1\"><tr><th>Field Name<\/th><th>Field Value<\/th><\/tr><tr><td>LINEA \/ LÍNEA<\/td><td>TRANBIA SALBURUA \/ TRANVIA SALBURUA<\/td><\/tr><tr><td>P.K.<\/td><td>8,900<\/td><\/tr><tr><td>ITURRIA \/ FUENTE<\/td><td>Euskal Trenbide Sarea (ETS) 2025", "timestamp": null, "begin": null, "end": null, "altitudemo": "absolute", "tessellate": -1, "extrude": 0, "visibility": -1, "draworder": null, "icon": null }, "geometry": { "type": "MultiPoint", "coordinates": [ [ -295413.92715959251, 5288026.9279918065, 0.0 ] ] } },
{ "type": "Feature", "properties": { "id": 350, "name": "P.K. 8,800", "descriptio": "<html><body><table border=\"1\"><tr><th>Field Name<\/th><th>Field Value<\/th><\/tr><tr><td>LINEA \/ LÍNEA<\/td><td>TRANBIA SALBURUA \/ TRANVIA SALBURUA<\/td><\/tr><tr><td>P.K.<\/td><td>8,800<\/td><\/tr><tr><td>ITURRIA \/ FUENTE<\/td><td>Euskal Trenbide Sarea (ETS) 2025", "timestamp": null, "begin": null, "end": null, "altitudemo": "absolute", "tessellate": -1, "extrude": 0, "visibility": -1, "draworder": null, "icon": null }, "geometry": { "type": "MultiPoint", "coordinates": [ [ -295299.39656178746, 5288098.7266367897, 0.0 ] ] } },
{ "type": "Feature", "properties": { "id": 351, "name": "P.K. 8,700", "descriptio": "<html><body><table border=\"1\"><tr><th>Field Name<\/th><th>Field Value<\/th><\/tr><tr><td>LINEA \/ LÍNEA<\/td><td>TRANBIA SALBURUA \/ TRANVIA SALBURUA<\/td><\/tr><tr><td>P.K.<\/td><td>8,700<\/td><\/tr><tr><td>ITURRIA \/ FUENTE<\/td><td>Euskal Trenbide Sarea (ETS) 2025", "timestamp": null, "begin": null, "end": null, "altitudemo": "absolute", "tessellate": -1, "extrude": 0, "visibility": -1, "draworder": null, "icon": null }, "geometry": { "type": "MultiPoint", "coordinates": [ [ -295177.28160686255, 5288160.9974531056, 0.0 ] ] } },
{ "type": "Feature", "properties": { "id": 352, "name": "P.K. 8,600", "descriptio": "<html><body><table border=\"1\"><tr><th>Field Name<\/th><th>Field Value<\/th><\/tr><tr><td>LINEA \/ LÍNEA<\/td><td>TRANBIA SALBURUA \/ TRANVIA SALBURUA<\/td><\/tr><tr><td>P.K.<\/td><td>8,600<\/td><\/tr><tr><td>ITURRIA \/ FUENTE<\/td><td>Euskal Trenbide Sarea (ETS) 2025", "timestamp": null, "begin": null, "end": null, "altitudemo": "absolute", "tessellate": -1, "extrude": 0, "visibility": -1, "draworder": null, "icon": null }, "geometry": { "type": "MultiPoint", "coordinates": [ [ -295038.33686150837, 5288204.0296804244, 0.0 ] ] } },
{ "type": "Feature", "properties": { "id": 353, "name": "P.K. 8,500", "descriptio": "<html><body><table border=\"1\"><tr><th>Field Name<\/th><th>Field Value<\/th><\/tr><tr><td>LINEA \/ LÍNEA<\/td><td>TRANBIA SALBURUA \/ TRANVIA SALBURUA<\/td><\/tr><tr><td>P.K.<\/td><td>8,500<\/td><\/tr><tr><td>ITURRIA \/ FUENTE<\/td><td>Euskal Trenbide Sarea (ETS) 2025", "timestamp": null, "begin": null, "end": null, "altitudemo": "absolute", "tessellate": -1, "extrude": 0, "visibility": -1, "draworder": null, "icon": null }, "geometry": { "type": "MultiPoint", "coordinates": [ [ -294935.62847934238, 5288275.698604865, 0.0 ] ] } },
{ "type": "Feature", "properties": { "id": 354, "name": "P.K. 8,400", "descriptio": "<html><body><table border=\"1\"><tr><th>Field Name<\/th><th>Field Value<\/th><\/tr><tr><td>LINEA \/ LÍNEA<\/td><td>TRANBIA SALBURUA \/ TRANVIA SALBURUA<\/td><\/tr><tr><td>P.K.<\/td><td>8,400<\/td><\/tr><tr><td>ITURRIA \/ FUENTE<\/td><td>Euskal Trenbide Sarea (ETS) 2025", "timestamp": null, "begin": null, "end": null, "altitudemo": "absolute", "tessellate": -1, "extrude": 0, "visibility": -1, "draworder": null, "icon": null }, "geometry": { "type": "MultiPoint", "coordinates": [ [ -294956.01157774258, 5288409.6048858296, 0.0 ] ] } },
{ "type": "Feature", "properties": { "id": 355, "name": "P.K. 8,300", "descriptio": "<html><body><table border=\"1\"><tr><th>Field Name<\/th><th>Field Value<\/th><\/tr><tr><td>LINEA \/ LÍNEA<\/td><td>TRANBIA SALBURUA \/ TRANVIA SALBURUA<\/td><\/tr><tr><td>P.K.<\/td><td>8,300<\/td><\/tr><tr><td>ITURRIA \/ FUENTE<\/td><td>Euskal Trenbide Sarea (ETS) 2025", "timestamp": null, "begin": null, "end": null, "altitudemo": "absolute", "tessellate": -1, "extrude": 0, "visibility": -1, "draworder": null, "icon": null }, "geometry": { "type": "MultiPoint", "coordinates": [ [ -294980.68513556832, 5288544.2341004619, 0.0 ] ] } },
{ "type": "Feature", "properties": { "id": 356, "name": "P.K. 8,200", "descriptio": "<html><body><table border=\"1\"><tr><th>Field Name<\/th><th>Field Value<\/th><\/tr><tr><td>LINEA \/ LÍNEA<\/td><td>TRANBIA SALBURUA \/ TRANVIA SALBURUA<\/td><\/tr><tr><td>P.K.<\/td><td>8,200<\/td><\/tr><tr><td>ITURRIA \/ FUENTE<\/td><td>Euskal Trenbide Sarea (ETS) 2025", "timestamp": null, "begin": null, "end": null, "altitudemo": "absolute", "tessellate": -1, "extrude": 0, "visibility": -1, "draworder": null, "icon": null }, "geometry": { "type": "MultiPoint", "coordinates": [ [ -295002.72898430313, 5288679.3819768243, 0.0 ] ] } },
{ "type": "Feature", "properties": { "id": 357, "name": "P.K. 8,100", "descriptio": "<html><body><table border=\"1\"><tr><th>Field Name<\/th><th>Field Value<\/th><\/tr><tr><td>LINEA \/ LÍNEA<\/td><td>TRANBIA SALBURUA \/ TRANVIA SALBURUA<\/td><\/tr><tr><td>P.K.<\/td><td>8,100<\/td><\/tr><tr><td>ITURRIA \/ FUENTE<\/td><td>Euskal Trenbide Sarea (ETS) 2025", "timestamp": null, "begin": null, "end": null, "altitudemo": "absolute", "tessellate": -1, "extrude": 0, "visibility": -1, "draworder": null, "icon": null }, "geometry": { "type": "MultiPoint", "coordinates": [ [ -295026.69801097002, 5288815.2430962026, 0.0 ] ] } },
{ "type": "Feature", "properties": { "id": 358, "name": "P.K. 8,000", "descriptio": "<html><body><table border=\"1\"><tr><th>Field Name<\/th><th>Field Value<\/th><\/tr><tr><td>LINEA \/ LÍNEA<\/td><td>TRANBIA SALBURUA \/ TRANVIA SALBURUA<\/td><\/tr><tr><td>P.K.<\/td><td>8,000<\/td><\/tr><tr><td>ITURRIA \/ FUENTE<\/td><td>Euskal Trenbide Sarea (ETS) 2025", "timestamp": null, "begin": null, "end": null, "altitudemo": "absolute", "tessellate": -1, "extrude": 0, "visibility": -1, "draworder": null, "icon": null }, "geometry": { "type": "MultiPoint", "coordinates": [ [ -295048.56852634263, 5288950.2180301696, 0.0 ] ] } },
{ "type": "Feature", "properties": { "id": 359, "name": "P.K. 7,900", "descriptio": "<html><body><table border=\"1\"><tr><th>Field Name<\/th><th>Field Value<\/th><\/tr><tr><td>LINEA \/ LÍNEA<\/td><td>TRANBIA SALBURUA \/ TRANVIA SALBURUA<\/td><\/tr><tr><td>P.K.<\/td><td>7,900<\/td><\/tr><tr><td>ITURRIA \/ FUENTE<\/td><td>Euskal Trenbide Sarea (ETS) 2025", "timestamp": null, "begin": null, "end": null, "altitudemo": "absolute", "tessellate": -1, "extrude": 0, "visibility": -1, "draworder": null, "icon": null }, "geometry": { "type": "MultiPoint", "coordinates": [ [ -295071.47117735416, 5289090.0353302443, 0.0 ] ] } },
{ "type": "Feature", "properties": { "id": 360, "name": "P.K. 7,800", "descriptio": "<html><body><table border=\"1\"><tr><th>Field Name<\/th><th>Field Value<\/th><\/tr><tr><td>LINEA \/ LÍNEA<\/td><td>TRANBIA SALBURUA \/ TRANVIA SALBURUA<\/td><\/tr><tr><td>P.K.<\/td><td>7,800<\/td><\/tr><tr><td>ITURRIA \/ FUENTE<\/td><td>Euskal Trenbide Sarea (ETS) 2025", "timestamp": null, "begin": null, "end": null, "altitudemo": "absolute", "tessellate": -1, "extrude": 0, "visibility": -1, "draworder": null, "icon": null }, "geometry": { "type": "MultiPoint", "coordinates": [ [ -295093.60758022038, 5289224.5755671291, 0.0 ] ] } },
{ "type": "Feature", "properties": { "id": 361, "name": "P.K. 7,700", "descriptio": "<html><body><table border=\"1\"><tr><th>Field Name<\/th><th>Field Value<\/th><\/tr><tr><td>LINEA \/ LÍNEA<\/td><td>TRANBIA SALBURUA \/ TRANVIA SALBURUA<\/td><\/tr><tr><td>P.K.<\/td><td>7,700<\/td><\/tr><tr><td>ITURRIA \/ FUENTE<\/td><td>Euskal Trenbide Sarea (ETS) 2025", "timestamp": null, "begin": null, "end": null, "altitudemo": "absolute", "tessellate": -1, "extrude": 0, "visibility": -1, "draworder": null, "icon": null }, "geometry": { "type": "MultiPoint", "coordinates": [ [ -295089.54019463103, 5289360.8552298024, 0.0 ] ] } },
{ "type": "Feature", "properties": { "id": 362, "name": "P.K. 7,600", "descriptio": "<html><body><table border=\"1\"><tr><th>Field Name<\/th><th>Field Value<\/th><\/tr><tr><td>LINEA \/ LÍNEA<\/td><td>TRANBIA SALBURUA \/ TRANVIA SALBURUA<\/td><\/tr><tr><td>P.K.<\/td><td>7,600<\/td><\/tr><tr><td>ITURRIA \/ FUENTE<\/td><td>Euskal Trenbide Sarea (ETS) 2025", "timestamp": null, "begin": null, "end": null, "altitudemo": "absolute", "tessellate": -1, "extrude": 0, "visibility": -1, "draworder": null, "icon": null }, "geometry": { "type": "MultiPoint", "coordinates": [ [ -295049.39517237426, 5289492.0623594318, 0.0 ] ] } },
{ "type": "Feature", "properties": { "id": 363, "name": "P.K. 7,500", "descriptio": "<html><body><table border=\"1\"><tr><th>Field Name<\/th><th>Field Value<\/th><\/tr><tr><td>LINEA \/ LÍNEA<\/td><td>TRANBIA SALBURUA \/ TRANVIA SALBURUA<\/td><\/tr><tr><td>P.K.<\/td><td>7,500<\/td><\/tr><tr><td>ITURRIA \/ FUENTE<\/td><td>Euskal Trenbide Sarea (ETS) 2025", "timestamp": null, "begin": null, "end": null, "altitudemo": "absolute", "tessellate": -1, "extrude": 0, "visibility": -1, "draworder": null, "icon": null }, "geometry": { "type": "MultiPoint", "coordinates": [ [ -295038.86871967651, 5289622.1634460846, 0.0 ] ] } },
{ "type": "Feature", "properties": { "id": 364, "name": "P.K. 7,400", "descriptio": "<html><body><table border=\"1\"><tr><th>Field Name<\/th><th>Field Value<\/th><\/tr><tr><td>LINEA \/ LÍNEA<\/td><td>TRANBIA SALBURUA \/ TRANVIA SALBURUA<\/td><\/tr><tr><td>P.K.<\/td><td>7,400<\/td><\/tr><tr><td>ITURRIA \/ FUENTE<\/td><td>Euskal Trenbide Sarea (ETS) 2025", "timestamp": null, "begin": null, "end": null, "altitudemo": "absolute", "tessellate": -1, "extrude": 0, "visibility": -1, "draworder": null, "icon": null }, "geometry": { "type": "MultiPoint", "coordinates": [ [ -295068.98259085545, 5289755.953037329, 0.0 ] ] } },
{ "type": "Feature", "properties": { "id": 365, "name": "P.K. 7,300", "descriptio": "<html><body><table border=\"1\"><tr><th>Field Name<\/th><th>Field Value<\/th><\/tr><tr><td>LINEA \/ LÍNEA<\/td><td>TRANBIA SALBURUA \/ TRANVIA SALBURUA<\/td><\/tr><tr><td>P.K.<\/td><td>7,300<\/td><\/tr><tr><td>ITURRIA \/ FUENTE<\/td><td>Euskal Trenbide Sarea (ETS) 2025", "timestamp": null, "begin": null, "end": null, "altitudemo": "absolute", "tessellate": -1, "extrude": 0, "visibility": -1, "draworder": null, "icon": null }, "geometry": { "type": "MultiPoint", "coordinates": [ [ -295139.52435887401, 5289860.3651504954, 0.0 ] ] } },
{ "type": "Feature", "properties": { "id": 375, "name": "P.K. 7,200", "descriptio": "<html><body><table border=\"1\"><tr><th>Field Name<\/th><th>Field Value<\/th><\/tr><tr><td>LINEA \/ LÍNEA<\/td><td>TRANBIA SALBURUA \/ TRANVIA SALBURUA<\/td><\/tr><tr><td>P.K.<\/td><td>7,200<\/td><\/tr><tr><td>ITURRIA \/ FUENTE<\/td><td>Euskal Trenbide Sarea (ETS) 2025", "timestamp": null, "begin": null, "end": null, "altitudemo": "absolute", "tessellate": -1, "extrude": 0, "visibility": -1, "draworder": null, "icon": null }, "geometry": { "type": "MultiPoint", "coordinates": [ [ -295261.29309254151, 5289887.6915161517, 0.0 ] ] } },
{ "type": "Feature", "properties": { "id": 377, "name": "P.K. 62,700", "descriptio": "<html><body><table border=\"1\"><tr><th>Field Name<\/th><th>Field Value<\/th><\/tr><tr><td>LINEA \/ LÍNEA<\/td><td>BILBO-DONOSTIA \/ BILBAO-SAN SEBASTIAN<\/td><\/tr><tr><td>P.K.<\/td><td>62,700<\/td><\/tr><tr><td>ITURRIA \/ FUENTE<\/td><td>Euskal Trenbide Sarea (ETS) 2", "timestamp": null, "begin": null, "end": null, "altitudemo": "absolute", "tessellate": -1, "extrude": 0, "visibility": -1, "draworder": null, "icon": null }, "geometry": { "type": "MultiPoint", "coordinates": [ [ -264200.28082580044, 5352773.6682039518, 0.0 ] ] } },
{ "type": "Feature", "properties": { "id": 378, "name": "P.K. 62,800", "descriptio": "<html><body><table border=\"1\"><tr><th>Field Name<\/th><th>Field Value<\/th><\/tr><tr><td>LINEA \/ LÍNEA<\/td><td>BILBO-DONOSTIA \/ BILBAO-SAN SEBASTIAN<\/td><\/tr><tr><td>P.K.<\/td><td>62,800<\/td><\/tr><tr><td>ITURRIA \/ FUENTE<\/td><td>Euskal Trenbide Sarea (ETS) 2", "timestamp": null, "begin": null, "end": null, "altitudemo": "absolute", "tessellate": -1, "extrude": 0, "visibility": -1, "draworder": null, "icon": null }, "geometry": { "type": "MultiPoint", "coordinates": [ [ -264196.80531109317, 5352907.0725035882, 0.0 ] ] } },
{ "type": "Feature", "properties": { "id": 379, "name": "P.K. 62,900", "descriptio": "<html><body><table border=\"1\"><tr><th>Field Name<\/th><th>Field Value<\/th><\/tr><tr><td>LINEA \/ LÍNEA<\/td><td>BILBO-DONOSTIA \/ BILBAO-SAN SEBASTIAN<\/td><\/tr><tr><td>P.K.<\/td><td>62,900<\/td><\/tr><tr><td>ITURRIA \/ FUENTE<\/td><td>Euskal Trenbide Sarea (ETS) 2", "timestamp": null, "begin": null, "end": null, "altitudemo": "absolute", "tessellate": -1, "extrude": 0, "visibility": -1, "draworder": null, "icon": null }, "geometry": { "type": "MultiPoint", "coordinates": [ [ -264165.64148041449, 5353039.8716384433, 0.0 ] ] } },
{ "type": "Feature", "properties": { "id": 380, "name": "P.K. 63,000", "descriptio": "<html><body><table border=\"1\"><tr><th>Field Name<\/th><th>Field Value<\/th><\/tr><tr><td>LINEA \/ LÍNEA<\/td><td>BILBO-DONOSTIA \/ BILBAO-SAN SEBASTIAN<\/td><\/tr><tr><td>P.K.<\/td><td>63,000<\/td><\/tr><tr><td>ITURRIA \/ FUENTE<\/td><td>Euskal Trenbide Sarea (ETS) 2", "timestamp": null, "begin": null, "end": null, "altitudemo": "absolute", "tessellate": -1, "extrude": 0, "visibility": -1, "draworder": null, "icon": null }, "geometry": { "type": "MultiPoint", "coordinates": [ [ -264123.12330667762, 5353172.9365625894, 0.0 ] ] } },
{ "type": "Feature", "properties": { "id": 381, "name": "P.K. 63,100", "descriptio": "<html><body><table border=\"1\"><tr><th>Field Name<\/th><th>Field Value<\/th><\/tr><tr><td>LINEA \/ LÍNEA<\/td><td>BILBO-DONOSTIA \/ BILBAO-SAN SEBASTIAN<\/td><\/tr><tr><td>P.K.<\/td><td>63,100<\/td><\/tr><tr><td>ITURRIA \/ FUENTE<\/td><td>Euskal Trenbide Sarea (ETS) 2", "timestamp": null, "begin": null, "end": null, "altitudemo": "absolute", "tessellate": -1, "extrude": 0, "visibility": -1, "draworder": null, "icon": null }, "geometry": { "type": "MultiPoint", "coordinates": [ [ -264074.52539938421, 5353299.0386946183, 0.0 ] ] } },
{ "type": "Feature", "properties": { "id": 382, "name": "P.K. 63,200", "descriptio": "<html><body><table border=\"1\"><tr><th>Field Name<\/th><th>Field Value<\/th><\/tr><tr><td>LINEA \/ LÍNEA<\/td><td>BILBO-DONOSTIA \/ BILBAO-SAN SEBASTIAN<\/td><\/tr><tr><td>P.K.<\/td><td>63,200<\/td><\/tr><tr><td>ITURRIA \/ FUENTE<\/td><td>Euskal Trenbide Sarea (ETS) 2", "timestamp": null, "begin": null, "end": null, "altitudemo": "absolute", "tessellate": -1, "extrude": 0, "visibility": -1, "draworder": null, "icon": null }, "geometry": { "type": "MultiPoint", "coordinates": [ [ -264035.94838626357, 5353430.1994333109, 0.0 ] ] } },
{ "type": "Feature", "properties": { "id": 383, "name": "P.K. 63,300", "descriptio": "<html><body><table border=\"1\"><tr><th>Field Name<\/th><th>Field Value<\/th><\/tr><tr><td>LINEA \/ LÍNEA<\/td><td>BILBO-DONOSTIA \/ BILBAO-SAN SEBASTIAN<\/td><\/tr><tr><td>P.K.<\/td><td>63,300<\/td><\/tr><tr><td>ITURRIA \/ FUENTE<\/td><td>Euskal Trenbide Sarea (ETS) 2", "timestamp": null, "begin": null, "end": null, "altitudemo": "absolute", "tessellate": -1, "extrude": 0, "visibility": -1, "draworder": null, "icon": null }, "geometry": { "type": "MultiPoint", "coordinates": [ [ -264072.03368351649, 5353560.4685101528, 0.0 ] ] } },
{ "type": "Feature", "properties": { "id": 384, "name": "P.K. 63,400", "descriptio": "<html><body><table border=\"1\"><tr><th>Field Name<\/th><th>Field Value<\/th><\/tr><tr><td>LINEA \/ LÍNEA<\/td><td>BILBO-DONOSTIA \/ BILBAO-SAN SEBASTIAN<\/td><\/tr><tr><td>P.K.<\/td><td>63,400<\/td><\/tr><tr><td>ITURRIA \/ FUENTE<\/td><td>Euskal Trenbide Sarea (ETS) 2", "timestamp": null, "begin": null, "end": null, "altitudemo": "absolute", "tessellate": -1, "extrude": 0, "visibility": -1, "draworder": null, "icon": null }, "geometry": { "type": "MultiPoint", "coordinates": [ [ -264122.23249390861, 5353688.5000249818, 0.0 ] ] } },
{ "type": "Feature", "properties": { "id": 385, "name": "P.K. 63,500", "descriptio": "<html><body><table border=\"1\"><tr><th>Field Name<\/th><th>Field Value<\/th><\/tr><tr><td>LINEA \/ LÍNEA<\/td><td>BILBO-DONOSTIA \/ BILBAO-SAN SEBASTIAN<\/td><\/tr><tr><td>P.K.<\/td><td>63,500<\/td><\/tr><tr><td>ITURRIA \/ FUENTE<\/td><td>Euskal Trenbide Sarea (ETS) 2", "timestamp": null, "begin": null, "end": null, "altitudemo": "absolute", "tessellate": -1, "extrude": 0, "visibility": -1, "draworder": null, "icon": null }, "geometry": { "type": "MultiPoint", "coordinates": [ [ -264221.49432028987, 5353779.9137479514, 0.0 ] ] } },
{ "type": "Feature", "properties": { "id": 386, "name": "P.K. 63,600", "descriptio": "<html><body><table border=\"1\"><tr><th>Field Name<\/th><th>Field Value<\/th><\/tr><tr><td>LINEA \/ LÍNEA<\/td><td>BILBO-DONOSTIA \/ BILBAO-SAN SEBASTIAN<\/td><\/tr><tr><td>P.K.<\/td><td>63,600<\/td><\/tr><tr><td>ITURRIA \/ FUENTE<\/td><td>Euskal Trenbide Sarea (ETS) 2", "timestamp": null, "begin": null, "end": null, "altitudemo": "absolute", "tessellate": -1, "extrude": 0, "visibility": -1, "draworder": null, "icon": null }, "geometry": { "type": "MultiPoint", "coordinates": [ [ -264340.59961658804, 5353853.1152498266, 0.0 ] ] } },
{ "type": "Feature", "properties": { "id": 387, "name": "P.K. 63,700", "descriptio": "<html><body><table border=\"1\"><tr><th>Field Name<\/th><th>Field Value<\/th><\/tr><tr><td>LINEA \/ LÍNEA<\/td><td>BILBO-DONOSTIA \/ BILBAO-SAN SEBASTIAN<\/td><\/tr><tr><td>P.K.<\/td><td>63,700<\/td><\/tr><tr><td>ITURRIA \/ FUENTE<\/td><td>Euskal Trenbide Sarea (ETS) 2", "timestamp": null, "begin": null, "end": null, "altitudemo": "absolute", "tessellate": -1, "extrude": 0, "visibility": -1, "draworder": null, "icon": null }, "geometry": { "type": "MultiPoint", "coordinates": [ [ -264439.36728389369, 5353944.4260936286, 0.0 ] ] } },
{ "type": "Feature", "properties": { "id": 388, "name": "P.K. 63,800", "descriptio": "<html><body><table border=\"1\"><tr><th>Field Name<\/th><th>Field Value<\/th><\/tr><tr><td>LINEA \/ LÍNEA<\/td><td>BILBO-DONOSTIA \/ BILBAO-SAN SEBASTIAN<\/td><\/tr><tr><td>P.K.<\/td><td>63,800<\/td><\/tr><tr><td>ITURRIA \/ FUENTE<\/td><td>Euskal Trenbide Sarea (ETS) 2", "timestamp": null, "begin": null, "end": null, "altitudemo": "absolute", "tessellate": -1, "extrude": 0, "visibility": -1, "draworder": null, "icon": null }, "geometry": { "type": "MultiPoint", "coordinates": [ [ -264422.72701498598, 5354077.3691911362, 0.0 ] ] } },
{ "type": "Feature", "properties": { "id": 389, "name": "P.K. 63,900", "descriptio": "<html><body><table border=\"1\"><tr><th>Field Name<\/th><th>Field Value<\/th><\/tr><tr><td>LINEA \/ LÍNEA<\/td><td>BILBO-DONOSTIA \/ BILBAO-SAN SEBASTIAN<\/td><\/tr><tr><td>P.K.<\/td><td>63,900<\/td><\/tr><tr><td>ITURRIA \/ FUENTE<\/td><td>Euskal Trenbide Sarea (ETS) 2", "timestamp": null, "begin": null, "end": null, "altitudemo": "absolute", "tessellate": -1, "extrude": 0, "visibility": -1, "draworder": null, "icon": null }, "geometry": { "type": "MultiPoint", "coordinates": [ [ -264357.70024935342, 5354193.5054977024, 0.0 ] ] } },
{ "type": "Feature", "properties": { "id": 390, "name": "P.K. 64,000", "descriptio": "<html><body><table border=\"1\"><tr><th>Field Name<\/th><th>Field Value<\/th><\/tr><tr><td>LINEA \/ LÍNEA<\/td><td>BILBO-DONOSTIA \/ BILBAO-SAN SEBASTIAN<\/td><\/tr><tr><td>P.K.<\/td><td>64,000<\/td><\/tr><tr><td>ITURRIA \/ FUENTE<\/td><td>Euskal Trenbide Sarea (ETS) 2", "timestamp": null, "begin": null, "end": null, "altitudemo": "absolute", "tessellate": -1, "extrude": 0, "visibility": -1, "draworder": null, "icon": null }, "geometry": { "type": "MultiPoint", "coordinates": [ [ -264333.88830933662, 5354323.6802425142, 0.0 ] ] } },
{ "type": "Feature", "properties": { "id": 391, "name": "P.K. 64,100", "descriptio": "<html><body><table border=\"1\"><tr><th>Field Name<\/th><th>Field Value<\/th><\/tr><tr><td>LINEA \/ LÍNEA<\/td><td>BILBO-DONOSTIA \/ BILBAO-SAN SEBASTIAN<\/td><\/tr><tr><td>P.K.<\/td><td>64,100<\/td><\/tr><tr><td>ITURRIA \/ FUENTE<\/td><td>Euskal Trenbide Sarea (ETS) 2", "timestamp": null, "begin": null, "end": null, "altitudemo": "absolute", "tessellate": -1, "extrude": 0, "visibility": -1, "draworder": null, "icon": null }, "geometry": { "type": "MultiPoint", "coordinates": [ [ -264323.26504126971, 5354458.6249842504, 0.0 ] ] } },
{ "type": "Feature", "properties": { "id": 392, "name": "P.K. 64,200", "descriptio": "<html><body><table border=\"1\"><tr><th>Field Name<\/th><th>Field Value<\/th><\/tr><tr><td>LINEA \/ LÍNEA<\/td><td>BILBO-DONOSTIA \/ BILBAO-SAN SEBASTIAN<\/td><\/tr><tr><td>P.K.<\/td><td>64,200<\/td><\/tr><tr><td>ITURRIA \/ FUENTE<\/td><td>Euskal Trenbide Sarea (ETS) 2", "timestamp": null, "begin": null, "end": null, "altitudemo": "absolute", "tessellate": -1, "extrude": 0, "visibility": -1, "draworder": null, "icon": null }, "geometry": { "type": "MultiPoint", "coordinates": [ [ -264244.81428034871, 5354570.0283028325, 0.0 ] ] } },
{ "type": "Feature", "properties": { "id": 393, "name": "P.K. 64,300", "descriptio": "<html><body><table border=\"1\"><tr><th>Field Name<\/th><th>Field Value<\/th><\/tr><tr><td>LINEA \/ LÍNEA<\/td><td>BILBO-DONOSTIA \/ BILBAO-SAN SEBASTIAN<\/td><\/tr><tr><td>P.K.<\/td><td>64,300<\/td><\/tr><tr><td>ITURRIA \/ FUENTE<\/td><td>Euskal Trenbide Sarea (ETS) 2", "timestamp": null, "begin": null, "end": null, "altitudemo": "absolute", "tessellate": -1, "extrude": 0, "visibility": -1, "draworder": null, "icon": null }, "geometry": { "type": "MultiPoint", "coordinates": [ [ -264121.83254520677, 5354631.3952321503, 0.0 ] ] } },
{ "type": "Feature", "properties": { "id": 394, "name": "P.K. 64,400", "descriptio": "<html><body><table border=\"1\"><tr><th>Field Name<\/th><th>Field Value<\/th><\/tr><tr><td>LINEA \/ LÍNEA<\/td><td>BILBO-DONOSTIA \/ BILBAO-SAN SEBASTIAN<\/td><\/tr><tr><td>P.K.<\/td><td>64,400<\/td><\/tr><tr><td>ITURRIA \/ FUENTE<\/td><td>Euskal Trenbide Sarea (ETS) 2", "timestamp": null, "begin": null, "end": null, "altitudemo": "absolute", "tessellate": -1, "extrude": 0, "visibility": -1, "draworder": null, "icon": null }, "geometry": { "type": "MultiPoint", "coordinates": [ [ -264003.06819954939, 5354695.3238856066, 0.0 ] ] } },
{ "type": "Feature", "properties": { "id": 395, "name": "P.K. 64,500", "descriptio": "<html><body><table border=\"1\"><tr><th>Field Name<\/th><th>Field Value<\/th><\/tr><tr><td>LINEA \/ LÍNEA<\/td><td>BILBO-DONOSTIA \/ BILBAO-SAN SEBASTIAN<\/td><\/tr><tr><td>P.K.<\/td><td>64,500<\/td><\/tr><tr><td>ITURRIA \/ FUENTE<\/td><td>Euskal Trenbide Sarea (ETS) 2", "timestamp": null, "begin": null, "end": null, "altitudemo": "absolute", "tessellate": -1, "extrude": 0, "visibility": -1, "draworder": null, "icon": null }, "geometry": { "type": "MultiPoint", "coordinates": [ [ -263888.8912290454, 5354766.4981710222, 0.0 ] ] } },
{ "type": "Feature", "properties": { "id": 396, "name": "P.K. 64,600", "descriptio": "<html><body><table border=\"1\"><tr><th>Field Name<\/th><th>Field Value<\/th><\/tr><tr><td>LINEA \/ LÍNEA<\/td><td>BILBO-DONOSTIA \/ BILBAO-SAN SEBASTIAN<\/td><\/tr><tr><td>P.K.<\/td><td>64,600<\/td><\/tr><tr><td>ITURRIA \/ FUENTE<\/td><td>Euskal Trenbide Sarea (ETS) 2", "timestamp": null, "begin": null, "end": null, "altitudemo": "absolute", "tessellate": -1, "extrude": 0, "visibility": -1, "draworder": null, "icon": null }, "geometry": { "type": "MultiPoint", "coordinates": [ [ -263770.30969815841, 5354837.4420289025, 0.0 ] ] } },
{ "type": "Feature", "properties": { "id": 397, "name": "P.K. 64,700", "descriptio": "<html><body><table border=\"1\"><tr><th>Field Name<\/th><th>Field Value<\/th><\/tr><tr><td>LINEA \/ LÍNEA<\/td><td>BILBO-DONOSTIA \/ BILBAO-SAN SEBASTIAN<\/td><\/tr><tr><td>P.K.<\/td><td>64,700<\/td><\/tr><tr><td>ITURRIA \/ FUENTE<\/td><td>Euskal Trenbide Sarea (ETS) 2", "timestamp": null, "begin": null, "end": null, "altitudemo": "absolute", "tessellate": -1, "extrude": 0, "visibility": -1, "draworder": null, "icon": null }, "geometry": { "type": "MultiPoint", "coordinates": [ [ -263654.64429723279, 5354910.3634824315, 0.0 ] ] } },
{ "type": "Feature", "properties": { "id": 398, "name": "P.K. 64,800", "descriptio": "<html><body><table border=\"1\"><tr><th>Field Name<\/th><th>Field Value<\/th><\/tr><tr><td>LINEA \/ LÍNEA<\/td><td>BILBO-DONOSTIA \/ BILBAO-SAN SEBASTIAN<\/td><\/tr><tr><td>P.K.<\/td><td>64,800<\/td><\/tr><tr><td>ITURRIA \/ FUENTE<\/td><td>Euskal Trenbide Sarea (ETS) 2", "timestamp": null, "begin": null, "end": null, "altitudemo": "absolute", "tessellate": -1, "extrude": 0, "visibility": -1, "draworder": null, "icon": null }, "geometry": { "type": "MultiPoint", "coordinates": [ [ -263543.69403490797, 5354982.6416000584, 0.0 ] ] } },
{ "type": "Feature", "properties": { "id": 399, "name": "P.K. 64,900", "descriptio": "<html><body><table border=\"1\"><tr><th>Field Name<\/th><th>Field Value<\/th><\/tr><tr><td>LINEA \/ LÍNEA<\/td><td>BILBO-DONOSTIA \/ BILBAO-SAN SEBASTIAN<\/td><\/tr><tr><td>P.K.<\/td><td>64,900<\/td><\/tr><tr><td>ITURRIA \/ FUENTE<\/td><td>Euskal Trenbide Sarea (ETS) 2", "timestamp": null, "begin": null, "end": null, "altitudemo": "absolute", "tessellate": -1, "extrude": 0, "visibility": -1, "draworder": null, "icon": null }, "geometry": { "type": "MultiPoint", "coordinates": [ [ -263477.67305947031, 5355108.8006135225, 0.0 ] ] } },
{ "type": "Feature", "properties": { "id": 400, "name": "P.K. 65,000", "descriptio": "<html><body><table border=\"1\"><tr><th>Field Name<\/th><th>Field Value<\/th><\/tr><tr><td>LINEA \/ LÍNEA<\/td><td>BILBO-DONOSTIA \/ BILBAO-SAN SEBASTIAN<\/td><\/tr><tr><td>P.K.<\/td><td>65,000<\/td><\/tr><tr><td>ITURRIA \/ FUENTE<\/td><td>Euskal Trenbide Sarea (ETS) 2", "timestamp": null, "begin": null, "end": null, "altitudemo": "absolute", "tessellate": -1, "extrude": 0, "visibility": -1, "draworder": null, "icon": null }, "geometry": { "type": "MultiPoint", "coordinates": [ [ -263447.29459709092, 5355239.0503704688, 0.0 ] ] } },
{ "type": "Feature", "properties": { "id": 401, "name": "P.K. 65,100", "descriptio": "<html><body><table border=\"1\"><tr><th>Field Name<\/th><th>Field Value<\/th><\/tr><tr><td>LINEA \/ LÍNEA<\/td><td>BILBO-DONOSTIA \/ BILBAO-SAN SEBASTIAN<\/td><\/tr><tr><td>P.K.<\/td><td>65,100<\/td><\/tr><tr><td>ITURRIA \/ FUENTE<\/td><td>Euskal Trenbide Sarea (ETS) 2", "timestamp": null, "begin": null, "end": null, "altitudemo": "absolute", "tessellate": -1, "extrude": 0, "visibility": -1, "draworder": null, "icon": null }, "geometry": { "type": "MultiPoint", "coordinates": [ [ -263445.04488663655, 5355378.2810584232, 0.0 ] ] } },
{ "type": "Feature", "properties": { "id": 402, "name": "P.K. 65,200", "descriptio": "<html><body><table border=\"1\"><tr><th>Field Name<\/th><th>Field Value<\/th><\/tr><tr><td>LINEA \/ LÍNEA<\/td><td>BILBO-DONOSTIA \/ BILBAO-SAN SEBASTIAN<\/td><\/tr><tr><td>P.K.<\/td><td>65,200<\/td><\/tr><tr><td>ITURRIA \/ FUENTE<\/td><td>Euskal Trenbide Sarea (ETS) 2", "timestamp": null, "begin": null, "end": null, "altitudemo": "absolute", "tessellate": -1, "extrude": 0, "visibility": -1, "draworder": null, "icon": null }, "geometry": { "type": "MultiPoint", "coordinates": [ [ -263443.63821746298, 5355514.2848069863, 0.0 ] ] } },
{ "type": "Feature", "properties": { "id": 403, "name": "P.K. 65,300", "descriptio": "<html><body><table border=\"1\"><tr><th>Field Name<\/th><th>Field Value<\/th><\/tr><tr><td>LINEA \/ LÍNEA<\/td><td>BILBO-DONOSTIA \/ BILBAO-SAN SEBASTIAN<\/td><\/tr><tr><td>P.K.<\/td><td>65,300<\/td><\/tr><tr><td>ITURRIA \/ FUENTE<\/td><td>Euskal Trenbide Sarea (ETS) 2", "timestamp": null, "begin": null, "end": null, "altitudemo": "absolute", "tessellate": -1, "extrude": 0, "visibility": -1, "draworder": null, "icon": null }, "geometry": { "type": "MultiPoint", "coordinates": [ [ -263441.93277597363, 5355653.197217714, 0.0 ] ] } },
{ "type": "Feature", "properties": { "id": 404, "name": "P.K. 65,400", "descriptio": "<html><body><table border=\"1\"><tr><th>Field Name<\/th><th>Field Value<\/th><\/tr><tr><td>LINEA \/ LÍNEA<\/td><td>BILBO-DONOSTIA \/ BILBAO-SAN SEBASTIAN<\/td><\/tr><tr><td>P.K.<\/td><td>65,400<\/td><\/tr><tr><td>ITURRIA \/ FUENTE<\/td><td>Euskal Trenbide Sarea (ETS) 2", "timestamp": null, "begin": null, "end": null, "altitudemo": "absolute", "tessellate": -1, "extrude": 0, "visibility": -1, "draworder": null, "icon": null }, "geometry": { "type": "MultiPoint", "coordinates": [ [ -263437.94840247865, 5355791.0039962307, 0.0 ] ] } },
{ "type": "Feature", "properties": { "id": 405, "name": "P.K. 65,500", "descriptio": "<html><body><table border=\"1\"><tr><th>Field Name<\/th><th>Field Value<\/th><\/tr><tr><td>LINEA \/ LÍNEA<\/td><td>BILBO-DONOSTIA \/ BILBAO-SAN SEBASTIAN<\/td><\/tr><tr><td>P.K.<\/td><td>65,500<\/td><\/tr><tr><td>ITURRIA \/ FUENTE<\/td><td>Euskal Trenbide Sarea (ETS) 2", "timestamp": null, "begin": null, "end": null, "altitudemo": "absolute", "tessellate": -1, "extrude": 0, "visibility": -1, "draworder": null, "icon": null }, "geometry": { "type": "MultiPoint", "coordinates": [ [ -263442.95050408586, 5355926.8126744423, 0.0 ] ] } },
{ "type": "Feature", "properties": { "id": 406, "name": "P.K. 65,600", "descriptio": "<html><body><table border=\"1\"><tr><th>Field Name<\/th><th>Field Value<\/th><\/tr><tr><td>LINEA \/ LÍNEA<\/td><td>BILBO-DONOSTIA \/ BILBAO-SAN SEBASTIAN<\/td><\/tr><tr><td>P.K.<\/td><td>65,600<\/td><\/tr><tr><td>ITURRIA \/ FUENTE<\/td><td>Euskal Trenbide Sarea (ETS) 2", "timestamp": null, "begin": null, "end": null, "altitudemo": "absolute", "tessellate": -1, "extrude": 0, "visibility": -1, "draworder": null, "icon": null }, "geometry": { "type": "MultiPoint", "coordinates": [ [ -263487.05536729383, 5356055.9004601762, 0.0 ] ] } },
{ "type": "Feature", "properties": { "id": 407, "name": "P.K. 65,700", "descriptio": "<html><body><table border=\"1\"><tr><th>Field Name<\/th><th>Field Value<\/th><\/tr><tr><td>LINEA \/ LÍNEA<\/td><td>BILBO-DONOSTIA \/ BILBAO-SAN SEBASTIAN<\/td><\/tr><tr><td>P.K.<\/td><td>65,700<\/td><\/tr><tr><td>ITURRIA \/ FUENTE<\/td><td>Euskal Trenbide Sarea (ETS) 2", "timestamp": null, "begin": null, "end": null, "altitudemo": "absolute", "tessellate": -1, "extrude": 0, "visibility": -1, "draworder": null, "icon": null }, "geometry": { "type": "MultiPoint", "coordinates": [ [ -263519.72031171626, 5356190.0214347206, 0.0 ] ] } },
{ "type": "Feature", "properties": { "id": 408, "name": "P.K. 65,800", "descriptio": "<html><body><table border=\"1\"><tr><th>Field Name<\/th><th>Field Value<\/th><\/tr><tr><td>LINEA \/ LÍNEA<\/td><td>BILBO-DONOSTIA \/ BILBAO-SAN SEBASTIAN<\/td><\/tr><tr><td>P.K.<\/td><td>65,800<\/td><\/tr><tr><td>ITURRIA \/ FUENTE<\/td><td>Euskal Trenbide Sarea (ETS) 2", "timestamp": null, "begin": null, "end": null, "altitudemo": "absolute", "tessellate": -1, "extrude": 0, "visibility": -1, "draworder": null, "icon": null }, "geometry": { "type": "MultiPoint", "coordinates": [ [ -263469.42765692709, 5356319.3981096409, 0.0 ] ] } },
{ "type": "Feature", "properties": { "id": 409, "name": "P.K. 65,900", "descriptio": "<html><body><table border=\"1\"><tr><th>Field Name<\/th><th>Field Value<\/th><\/tr><tr><td>LINEA \/ LÍNEA<\/td><td>BILBO-DONOSTIA \/ BILBAO-SAN SEBASTIAN<\/td><\/tr><tr><td>P.K.<\/td><td>65,900<\/td><\/tr><tr><td>ITURRIA \/ FUENTE<\/td><td>Euskal Trenbide Sarea (ETS) 2", "timestamp": null, "begin": null, "end": null, "altitudemo": "absolute", "tessellate": -1, "extrude": 0, "visibility": -1, "draworder": null, "icon": null }, "geometry": { "type": "MultiPoint", "coordinates": [ [ -263361.03425635252, 5356394.5355532542, 0.0 ] ] } },
{ "type": "Feature", "properties": { "id": 410, "name": "P.K. 66,000", "descriptio": "<html><body><table border=\"1\"><tr><th>Field Name<\/th><th>Field Value<\/th><\/tr><tr><td>LINEA \/ LÍNEA<\/td><td>BILBO-DONOSTIA \/ BILBAO-SAN SEBASTIAN<\/td><\/tr><tr><td>P.K.<\/td><td>66,000<\/td><\/tr><tr><td>ITURRIA \/ FUENTE<\/td><td>Euskal Trenbide Sarea (ETS) 2", "timestamp": null, "begin": null, "end": null, "altitudemo": "absolute", "tessellate": -1, "extrude": 0, "visibility": -1, "draworder": null, "icon": null }, "geometry": { "type": "MultiPoint", "coordinates": [ [ -263230.5942146437, 5356434.163301534, 0.0 ] ] } },
{ "type": "Feature", "properties": { "id": 411, "name": "P.K. 66,100", "descriptio": "<html><body><table border=\"1\"><tr><th>Field Name<\/th><th>Field Value<\/th><\/tr><tr><td>LINEA \/ LÍNEA<\/td><td>BILBO-DONOSTIA \/ BILBAO-SAN SEBASTIAN<\/td><\/tr><tr><td>P.K.<\/td><td>66,100<\/td><\/tr><tr><td>ITURRIA \/ FUENTE<\/td><td>Euskal Trenbide Sarea (ETS) 2", "timestamp": null, "begin": null, "end": null, "altitudemo": "absolute", "tessellate": -1, "extrude": 0, "visibility": -1, "draworder": null, "icon": null }, "geometry": { "type": "MultiPoint", "coordinates": [ [ -263109.78371860395, 5356379.0259965304, 0.0 ] ] } },
{ "type": "Feature", "properties": { "id": 412, "name": "P.K. 66,200", "descriptio": "<html><body><table border=\"1\"><tr><th>Field Name<\/th><th>Field Value<\/th><\/tr><tr><td>LINEA \/ LÍNEA<\/td><td>BILBO-DONOSTIA \/ BILBAO-SAN SEBASTIAN<\/td><\/tr><tr><td>P.K.<\/td><td>66,200<\/td><\/tr><tr><td>ITURRIA \/ FUENTE<\/td><td>Euskal Trenbide Sarea (ETS) 2", "timestamp": null, "begin": null, "end": null, "altitudemo": "absolute", "tessellate": -1, "extrude": 0, "visibility": -1, "draworder": null, "icon": null }, "geometry": { "type": "MultiPoint", "coordinates": [ [ -263037.57432609249, 5356261.9398247665, 0.0 ] ] } },
{ "type": "Feature", "properties": { "id": 413, "name": "P.K. 66,300", "descriptio": "<html><body><table border=\"1\"><tr><th>Field Name<\/th><th>Field Value<\/th><\/tr><tr><td>LINEA \/ LÍNEA<\/td><td>BILBO-DONOSTIA \/ BILBAO-SAN SEBASTIAN<\/td><\/tr><tr><td>P.K.<\/td><td>66,300<\/td><\/tr><tr><td>ITURRIA \/ FUENTE<\/td><td>Euskal Trenbide Sarea (ETS) 2", "timestamp": null, "begin": null, "end": null, "altitudemo": "absolute", "tessellate": -1, "extrude": 0, "visibility": -1, "draworder": null, "icon": null }, "geometry": { "type": "MultiPoint", "coordinates": [ [ -262966.53526648524, 5356143.5781312352, 0.0 ] ] } },
{ "type": "Feature", "properties": { "id": 414, "name": "P.K. 66,400", "descriptio": "<html><body><table border=\"1\"><tr><th>Field Name<\/th><th>Field Value<\/th><\/tr><tr><td>LINEA \/ LÍNEA<\/td><td>BILBO-DONOSTIA \/ BILBAO-SAN SEBASTIAN<\/td><\/tr><tr><td>P.K.<\/td><td>66,400<\/td><\/tr><tr><td>ITURRIA \/ FUENTE<\/td><td>Euskal Trenbide Sarea (ETS) 2", "timestamp": null, "begin": null, "end": null, "altitudemo": "absolute", "tessellate": -1, "extrude": 0, "visibility": -1, "draworder": null, "icon": null }, "geometry": { "type": "MultiPoint", "coordinates": [ [ -262878.82949306443, 5356032.6339244861, 0.0 ] ] } },
{ "type": "Feature", "properties": { "id": 415, "name": "P.K. 66,500", "descriptio": "<html><body><table border=\"1\"><tr><th>Field Name<\/th><th>Field Value<\/th><\/tr><tr><td>LINEA \/ LÍNEA<\/td><td>BILBO-DONOSTIA \/ BILBAO-SAN SEBASTIAN<\/td><\/tr><tr><td>P.K.<\/td><td>66,500<\/td><\/tr><tr><td>ITURRIA \/ FUENTE<\/td><td>Euskal Trenbide Sarea (ETS) 2", "timestamp": null, "begin": null, "end": null, "altitudemo": "absolute", "tessellate": -1, "extrude": 0, "visibility": -1, "draworder": null, "icon": null }, "geometry": { "type": "MultiPoint", "coordinates": [ [ -262765.50300531328, 5355968.0828542318, 0.0 ] ] } },
{ "type": "Feature", "properties": { "id": 416, "name": "P.K. 66,600", "descriptio": "<html><body><table border=\"1\"><tr><th>Field Name<\/th><th>Field Value<\/th><\/tr><tr><td>LINEA \/ LÍNEA<\/td><td>BILBO-DONOSTIA \/ BILBAO-SAN SEBASTIAN<\/td><\/tr><tr><td>P.K.<\/td><td>66,600<\/td><\/tr><tr><td>ITURRIA \/ FUENTE<\/td><td>Euskal Trenbide Sarea (ETS) 2", "timestamp": null, "begin": null, "end": null, "altitudemo": "absolute", "tessellate": -1, "extrude": 0, "visibility": -1, "draworder": null, "icon": null }, "geometry": { "type": "MultiPoint", "coordinates": [ [ -262632.40346688632, 5355947.0765930917, 0.0 ] ] } },
{ "type": "Feature", "properties": { "id": 417, "name": "P.K. 66,700", "descriptio": "<html><body><table border=\"1\"><tr><th>Field Name<\/th><th>Field Value<\/th><\/tr><tr><td>LINEA \/ LÍNEA<\/td><td>BILBO-DONOSTIA \/ BILBAO-SAN SEBASTIAN<\/td><\/tr><tr><td>P.K.<\/td><td>66,700<\/td><\/tr><tr><td>ITURRIA \/ FUENTE<\/td><td>Euskal Trenbide Sarea (ETS) 2", "timestamp": null, "begin": null, "end": null, "altitudemo": "absolute", "tessellate": -1, "extrude": 0, "visibility": -1, "draworder": null, "icon": null }, "geometry": { "type": "MultiPoint", "coordinates": [ [ -262517.98196042771, 5356013.004525193, 0.0 ] ] } },
{ "type": "Feature", "properties": { "id": 418, "name": "P.K. 66,800", "descriptio": "<html><body><table border=\"1\"><tr><th>Field Name<\/th><th>Field Value<\/th><\/tr><tr><td>LINEA \/ LÍNEA<\/td><td>BILBO-DONOSTIA \/ BILBAO-SAN SEBASTIAN<\/td><\/tr><tr><td>P.K.<\/td><td>66,800<\/td><\/tr><tr><td>ITURRIA \/ FUENTE<\/td><td>Euskal Trenbide Sarea (ETS) 2", "timestamp": null, "begin": null, "end": null, "altitudemo": "absolute", "tessellate": -1, "extrude": 0, "visibility": -1, "draworder": null, "icon": null }, "geometry": { "type": "MultiPoint", "coordinates": [ [ -262420.16868418455, 5356117.5473532462, 0.0 ] ] } },
{ "type": "Feature", "properties": { "id": 419, "name": "P.K. 66,900", "descriptio": "<html><body><table border=\"1\"><tr><th>Field Name<\/th><th>Field Value<\/th><\/tr><tr><td>LINEA \/ LÍNEA<\/td><td>BILBO-DONOSTIA \/ BILBAO-SAN SEBASTIAN<\/td><\/tr><tr><td>P.K.<\/td><td>66,900<\/td><\/tr><tr><td>ITURRIA \/ FUENTE<\/td><td>Euskal Trenbide Sarea (ETS) 2", "timestamp": null, "begin": null, "end": null, "altitudemo": "absolute", "tessellate": -1, "extrude": 0, "visibility": -1, "draworder": null, "icon": null }, "geometry": { "type": "MultiPoint", "coordinates": [ [ -262405.3272784666, 5356253.780161052, 0.0 ] ] } },
{ "type": "Feature", "properties": { "id": 420, "name": "P.K. 67,000", "descriptio": "<html><body><table border=\"1\"><tr><th>Field Name<\/th><th>Field Value<\/th><\/tr><tr><td>LINEA \/ LÍNEA<\/td><td>BILBO-DONOSTIA \/ BILBAO-SAN SEBASTIAN<\/td><\/tr><tr><td>P.K.<\/td><td>67,000<\/td><\/tr><tr><td>ITURRIA \/ FUENTE<\/td><td>Euskal Trenbide Sarea (ETS) 2", "timestamp": null, "begin": null, "end": null, "altitudemo": "absolute", "tessellate": -1, "extrude": 0, "visibility": -1, "draworder": null, "icon": null }, "geometry": { "type": "MultiPoint", "coordinates": [ [ -262370.16489965131, 5356381.7925198013, 0.0 ] ] } },
{ "type": "Feature", "properties": { "id": 421, "name": "P.K. 67,100", "descriptio": "<html><body><table border=\"1\"><tr><th>Field Name<\/th><th>Field Value<\/th><\/tr><tr><td>LINEA \/ LÍNEA<\/td><td>BILBO-DONOSTIA \/ BILBAO-SAN SEBASTIAN<\/td><\/tr><tr><td>P.K.<\/td><td>67,100<\/td><\/tr><tr><td>ITURRIA \/ FUENTE<\/td><td>Euskal Trenbide Sarea (ETS) 2", "timestamp": null, "begin": null, "end": null, "altitudemo": "absolute", "tessellate": -1, "extrude": 0, "visibility": -1, "draworder": null, "icon": null }, "geometry": { "type": "MultiPoint", "coordinates": [ [ -262324.14432356483, 5356509.7476321273, 0.0 ] ] } },
{ "type": "Feature", "properties": { "id": 422, "name": "P.K. 67,200", "descriptio": "<html><body><table border=\"1\"><tr><th>Field Name<\/th><th>Field Value<\/th><\/tr><tr><td>LINEA \/ LÍNEA<\/td><td>BILBO-DONOSTIA \/ BILBAO-SAN SEBASTIAN<\/td><\/tr><tr><td>P.K.<\/td><td>67,200<\/td><\/tr><tr><td>ITURRIA \/ FUENTE<\/td><td>Euskal Trenbide Sarea (ETS) 2", "timestamp": null, "begin": null, "end": null, "altitudemo": "absolute", "tessellate": -1, "extrude": 0, "visibility": -1, "draworder": null, "icon": null }, "geometry": { "type": "MultiPoint", "coordinates": [ [ -262257.6946668335, 5356631.5467246929, 0.0 ] ] } },
{ "type": "Feature", "properties": { "id": 423, "name": "P.K. 67,300", "descriptio": "<html><body><table border=\"1\"><tr><th>Field Name<\/th><th>Field Value<\/th><\/tr><tr><td>LINEA \/ LÍNEA<\/td><td>BILBO-DONOSTIA \/ BILBAO-SAN SEBASTIAN<\/td><\/tr><tr><td>P.K.<\/td><td>67,300<\/td><\/tr><tr><td>ITURRIA \/ FUENTE<\/td><td>Euskal Trenbide Sarea (ETS) 2", "timestamp": null, "begin": null, "end": null, "altitudemo": "absolute", "tessellate": -1, "extrude": 0, "visibility": -1, "draworder": null, "icon": null }, "geometry": { "type": "MultiPoint", "coordinates": [ [ -262231.10284509516, 5356759.7620725846, 0.0 ] ] } },
{ "type": "Feature", "properties": { "id": 424, "name": "P.K. 67,400", "descriptio": "<html><body><table border=\"1\"><tr><th>Field Name<\/th><th>Field Value<\/th><\/tr><tr><td>LINEA \/ LÍNEA<\/td><td>BILBO-DONOSTIA \/ BILBAO-SAN SEBASTIAN<\/td><\/tr><tr><td>P.K.<\/td><td>67,400<\/td><\/tr><tr><td>ITURRIA \/ FUENTE<\/td><td>Euskal Trenbide Sarea (ETS) 2", "timestamp": null, "begin": null, "end": null, "altitudemo": "absolute", "tessellate": -1, "extrude": 0, "visibility": -1, "draworder": null, "icon": null }, "geometry": { "type": "MultiPoint", "coordinates": [ [ -262214.69984198012, 5356896.5433642771, 0.0 ] ] } },
{ "type": "Feature", "properties": { "id": 425, "name": "P.K. 67,500", "descriptio": "<html><body><table border=\"1\"><tr><th>Field Name<\/th><th>Field Value<\/th><\/tr><tr><td>LINEA \/ LÍNEA<\/td><td>BILBO-DONOSTIA \/ BILBAO-SAN SEBASTIAN<\/td><\/tr><tr><td>P.K.<\/td><td>67,500<\/td><\/tr><tr><td>ITURRIA \/ FUENTE<\/td><td>Euskal Trenbide Sarea (ETS) 2", "timestamp": null, "begin": null, "end": null, "altitudemo": "absolute", "tessellate": -1, "extrude": 0, "visibility": -1, "draworder": null, "icon": null }, "geometry": { "type": "MultiPoint", "coordinates": [ [ -262196.12684297294, 5357031.5751944603, 0.0 ] ] } },
{ "type": "Feature", "properties": { "id": 426, "name": "P.K. 67,600", "descriptio": "<html><body><table border=\"1\"><tr><th>Field Name<\/th><th>Field Value<\/th><\/tr><tr><td>LINEA \/ LÍNEA<\/td><td>BILBO-DONOSTIA \/ BILBAO-SAN SEBASTIAN<\/td><\/tr><tr><td>P.K.<\/td><td>67,600<\/td><\/tr><tr><td>ITURRIA \/ FUENTE<\/td><td>Euskal Trenbide Sarea (ETS) 2", "timestamp": null, "begin": null, "end": null, "altitudemo": "absolute", "tessellate": -1, "extrude": 0, "visibility": -1, "draworder": null, "icon": null }, "geometry": { "type": "MultiPoint", "coordinates": [ [ -262126.5632064683, 5357148.9452215694, 0.0 ] ] } },
{ "type": "Feature", "properties": { "id": 427, "name": "P.K. 67,700", "descriptio": "<html><body><table border=\"1\"><tr><th>Field Name<\/th><th>Field Value<\/th><\/tr><tr><td>LINEA \/ LÍNEA<\/td><td>BILBO-DONOSTIA \/ BILBAO-SAN SEBASTIAN<\/td><\/tr><tr><td>P.K.<\/td><td>67,700<\/td><\/tr><tr><td>ITURRIA \/ FUENTE<\/td><td>Euskal Trenbide Sarea (ETS) 2", "timestamp": null, "begin": null, "end": null, "altitudemo": "absolute", "tessellate": -1, "extrude": 0, "visibility": -1, "draworder": null, "icon": null }, "geometry": { "type": "MultiPoint", "coordinates": [ [ -262004.80573287606, 5357213.4287121799, 0.0 ] ] } },
{ "type": "Feature", "properties": { "id": 428, "name": "P.K. 67,800", "descriptio": "<html><body><table border=\"1\"><tr><th>Field Name<\/th><th>Field Value<\/th><\/tr><tr><td>LINEA \/ LÍNEA<\/td><td>BILBO-DONOSTIA \/ BILBAO-SAN SEBASTIAN<\/td><\/tr><tr><td>P.K.<\/td><td>67,800<\/td><\/tr><tr><td>ITURRIA \/ FUENTE<\/td><td>Euskal Trenbide Sarea (ETS) 2", "timestamp": null, "begin": null, "end": null, "altitudemo": "absolute", "tessellate": -1, "extrude": 0, "visibility": -1, "draworder": null, "icon": null }, "geometry": { "type": "MultiPoint", "coordinates": [ [ -261876.62114067364, 5357270.5764306905, 0.0 ] ] } },
{ "type": "Feature", "properties": { "id": 429, "name": "P.K. 67,900", "descriptio": "<html><body><table border=\"1\"><tr><th>Field Name<\/th><th>Field Value<\/th><\/tr><tr><td>LINEA \/ LÍNEA<\/td><td>BILBO-DONOSTIA \/ BILBAO-SAN SEBASTIAN<\/td><\/tr><tr><td>P.K.<\/td><td>67,900<\/td><\/tr><tr><td>ITURRIA \/ FUENTE<\/td><td>Euskal Trenbide Sarea (ETS) 2", "timestamp": null, "begin": null, "end": null, "altitudemo": "absolute", "tessellate": -1, "extrude": 0, "visibility": -1, "draworder": null, "icon": null }, "geometry": { "type": "MultiPoint", "coordinates": [ [ -261754.6946548408, 5357323.9797182232, 0.0 ] ] } },
{ "type": "Feature", "properties": { "id": 430, "name": "P.K. 68,000", "descriptio": "<html><body><table border=\"1\"><tr><th>Field Name<\/th><th>Field Value<\/th><\/tr><tr><td>LINEA \/ LÍNEA<\/td><td>BILBO-DONOSTIA \/ BILBAO-SAN SEBASTIAN<\/td><\/tr><tr><td>P.K.<\/td><td>68,000<\/td><\/tr><tr><td>ITURRIA \/ FUENTE<\/td><td>Euskal Trenbide Sarea (ETS) 2", "timestamp": null, "begin": null, "end": null, "altitudemo": "absolute", "tessellate": -1, "extrude": 0, "visibility": -1, "draworder": null, "icon": null }, "geometry": { "type": "MultiPoint", "coordinates": [ [ -261625.660083061, 5357337.5347961113, 0.0 ] ] } },
{ "type": "Feature", "properties": { "id": 431, "name": "P.K. 68,100", "descriptio": "<html><body><table border=\"1\"><tr><th>Field Name<\/th><th>Field Value<\/th><\/tr><tr><td>LINEA \/ LÍNEA<\/td><td>BILBO-DONOSTIA \/ BILBAO-SAN SEBASTIAN<\/td><\/tr><tr><td>P.K.<\/td><td>68,100<\/td><\/tr><tr><td>ITURRIA \/ FUENTE<\/td><td>Euskal Trenbide Sarea (ETS) 2", "timestamp": null, "begin": null, "end": null, "altitudemo": "absolute", "tessellate": -1, "extrude": 0, "visibility": -1, "draworder": null, "icon": null }, "geometry": { "type": "MultiPoint", "coordinates": [ [ -261493.93693711897, 5357313.3153545158, 0.0 ] ] } },
{ "type": "Feature", "properties": { "id": 432, "name": "P.K. 68,200", "descriptio": "<html><body><table border=\"1\"><tr><th>Field Name<\/th><th>Field Value<\/th><\/tr><tr><td>LINEA \/ LÍNEA<\/td><td>BILBO-DONOSTIA \/ BILBAO-SAN SEBASTIAN<\/td><\/tr><tr><td>P.K.<\/td><td>68,200<\/td><\/tr><tr><td>ITURRIA \/ FUENTE<\/td><td>Euskal Trenbide Sarea (ETS) 2", "timestamp": null, "begin": null, "end": null, "altitudemo": "absolute", "tessellate": -1, "extrude": 0, "visibility": -1, "draworder": null, "icon": null }, "geometry": { "type": "MultiPoint", "coordinates": [ [ -261357.58986360233, 5357314.3442384675, 0.0 ] ] } },
{ "type": "Feature", "properties": { "id": 433, "name": "P.K. 68,300", "descriptio": "<html><body><table border=\"1\"><tr><th>Field Name<\/th><th>Field Value<\/th><\/tr><tr><td>LINEA \/ LÍNEA<\/td><td>BILBO-DONOSTIA \/ BILBAO-SAN SEBASTIAN<\/td><\/tr><tr><td>P.K.<\/td><td>68,300<\/td><\/tr><tr><td>ITURRIA \/ FUENTE<\/td><td>Euskal Trenbide Sarea (ETS) 2", "timestamp": null, "begin": null, "end": null, "altitudemo": "absolute", "tessellate": -1, "extrude": 0, "visibility": -1, "draworder": null, "icon": null }, "geometry": { "type": "MultiPoint", "coordinates": [ [ -261219.8847532931, 5357327.7762755109, 0.0 ] ] } },
{ "type": "Feature", "properties": { "id": 434, "name": "P.K. 68,400", "descriptio": "<html><body><table border=\"1\"><tr><th>Field Name<\/th><th>Field Value<\/th><\/tr><tr><td>LINEA \/ LÍNEA<\/td><td>BILBO-DONOSTIA \/ BILBAO-SAN SEBASTIAN<\/td><\/tr><tr><td>P.K.<\/td><td>68,400<\/td><\/tr><tr><td>ITURRIA \/ FUENTE<\/td><td>Euskal Trenbide Sarea (ETS) 2", "timestamp": null, "begin": null, "end": null, "altitudemo": "absolute", "tessellate": -1, "extrude": 0, "visibility": -1, "draworder": null, "icon": null }, "geometry": { "type": "MultiPoint", "coordinates": [ [ -261083.5875645417, 5357343.266602111, 0.0 ] ] } },
{ "type": "Feature", "properties": { "id": 435, "name": "P.K. 68,500", "descriptio": "<html><body><table border=\"1\"><tr><th>Field Name<\/th><th>Field Value<\/th><\/tr><tr><td>LINEA \/ LÍNEA<\/td><td>BILBO-DONOSTIA \/ BILBAO-SAN SEBASTIAN<\/td><\/tr><tr><td>P.K.<\/td><td>68,500<\/td><\/tr><tr><td>ITURRIA \/ FUENTE<\/td><td>Euskal Trenbide Sarea (ETS) 2", "timestamp": null, "begin": null, "end": null, "altitudemo": "absolute", "tessellate": -1, "extrude": 0, "visibility": -1, "draworder": null, "icon": null }, "geometry": { "type": "MultiPoint", "coordinates": [ [ -260947.18668866486, 5357358.4454844901, 0.0 ] ] } },
{ "type": "Feature", "properties": { "id": 436, "name": "P.K. 68,600", "descriptio": "<html><body><table border=\"1\"><tr><th>Field Name<\/th><th>Field Value<\/th><\/tr><tr><td>LINEA \/ LÍNEA<\/td><td>BILBO-DONOSTIA \/ BILBAO-SAN SEBASTIAN<\/td><\/tr><tr><td>P.K.<\/td><td>68,600<\/td><\/tr><tr><td>ITURRIA \/ FUENTE<\/td><td>Euskal Trenbide Sarea (ETS) 2", "timestamp": null, "begin": null, "end": null, "altitudemo": "absolute", "tessellate": -1, "extrude": 0, "visibility": -1, "draworder": null, "icon": null }, "geometry": { "type": "MultiPoint", "coordinates": [ [ -260810.17848188739, 5357371.5260548051, 0.0 ] ] } },
{ "type": "Feature", "properties": { "id": 437, "name": "P.K. 68,700", "descriptio": "<html><body><table border=\"1\"><tr><th>Field Name<\/th><th>Field Value<\/th><\/tr><tr><td>LINEA \/ LÍNEA<\/td><td>BILBO-DONOSTIA \/ BILBAO-SAN SEBASTIAN<\/td><\/tr><tr><td>P.K.<\/td><td>68,700<\/td><\/tr><tr><td>ITURRIA \/ FUENTE<\/td><td>Euskal Trenbide Sarea (ETS) 2", "timestamp": null, "begin": null, "end": null, "altitudemo": "absolute", "tessellate": -1, "extrude": 0, "visibility": -1, "draworder": null, "icon": null }, "geometry": { "type": "MultiPoint", "coordinates": [ [ -260672.83545381168, 5357386.1434208509, 0.0 ] ] } },
{ "type": "Feature", "properties": { "id": 438, "name": "P.K. 68,800", "descriptio": "<html><body><table border=\"1\"><tr><th>Field Name<\/th><th>Field Value<\/th><\/tr><tr><td>LINEA \/ LÍNEA<\/td><td>BILBO-DONOSTIA \/ BILBAO-SAN SEBASTIAN<\/td><\/tr><tr><td>P.K.<\/td><td>68,800<\/td><\/tr><tr><td>ITURRIA \/ FUENTE<\/td><td>Euskal Trenbide Sarea (ETS) 2", "timestamp": null, "begin": null, "end": null, "altitudemo": "absolute", "tessellate": -1, "extrude": 0, "visibility": -1, "draworder": null, "icon": null }, "geometry": { "type": "MultiPoint", "coordinates": [ [ -260536.27173095246, 5357401.8667736677, 0.0 ] ] } },
{ "type": "Feature", "properties": { "id": 439, "name": "P.K. 68,900", "descriptio": "<html><body><table border=\"1\"><tr><th>Field Name<\/th><th>Field Value<\/th><\/tr><tr><td>LINEA \/ LÍNEA<\/td><td>BILBO-DONOSTIA \/ BILBAO-SAN SEBASTIAN<\/td><\/tr><tr><td>P.K.<\/td><td>68,900<\/td><\/tr><tr><td>ITURRIA \/ FUENTE<\/td><td>Euskal Trenbide Sarea (ETS) 2", "timestamp": null, "begin": null, "end": null, "altitudemo": "absolute", "tessellate": -1, "extrude": 0, "visibility": -1, "draworder": null, "icon": null }, "geometry": { "type": "MultiPoint", "coordinates": [ [ -260399.55399197055, 5357413.235387682, 0.0 ] ] } },
{ "type": "Feature", "properties": { "id": 440, "name": "P.K. 69,000", "descriptio": "<html><body><table border=\"1\"><tr><th>Field Name<\/th><th>Field Value<\/th><\/tr><tr><td>LINEA \/ LÍNEA<\/td><td>BILBO-DONOSTIA \/ BILBAO-SAN SEBASTIAN<\/td><\/tr><tr><td>P.K.<\/td><td>69,000<\/td><\/tr><tr><td>ITURRIA \/ FUENTE<\/td><td>Euskal Trenbide Sarea (ETS) 2", "timestamp": null, "begin": null, "end": null, "altitudemo": "absolute", "tessellate": -1, "extrude": 0, "visibility": -1, "draworder": null, "icon": null }, "geometry": { "type": "MultiPoint", "coordinates": [ [ -260261.9822087606, 5357427.6220668443, 0.0 ] ] } },
{ "type": "Feature", "properties": { "id": 441, "name": "P.K. 69,100", "descriptio": "<html><body><table border=\"1\"><tr><th>Field Name<\/th><th>Field Value<\/th><\/tr><tr><td>LINEA \/ LÍNEA<\/td><td>BILBO-DONOSTIA \/ BILBAO-SAN SEBASTIAN<\/td><\/tr><tr><td>P.K.<\/td><td>69,100<\/td><\/tr><tr><td>ITURRIA \/ FUENTE<\/td><td>Euskal Trenbide Sarea (ETS) 2", "timestamp": null, "begin": null, "end": null, "altitudemo": "absolute", "tessellate": -1, "extrude": 0, "visibility": -1, "draworder": null, "icon": null }, "geometry": { "type": "MultiPoint", "coordinates": [ [ -260122.64726839444, 5357443.6616747016, 0.0 ] ] } },
{ "type": "Feature", "properties": { "id": 442, "name": "P.K. 69,200", "descriptio": "<html><body><table border=\"1\"><tr><th>Field Name<\/th><th>Field Value<\/th><\/tr><tr><td>LINEA \/ LÍNEA<\/td><td>BILBO-DONOSTIA \/ BILBAO-SAN SEBASTIAN<\/td><\/tr><tr><td>P.K.<\/td><td>69,200<\/td><\/tr><tr><td>ITURRIA \/ FUENTE<\/td><td>Euskal Trenbide Sarea (ETS) 2", "timestamp": null, "begin": null, "end": null, "altitudemo": "absolute", "tessellate": -1, "extrude": 0, "visibility": -1, "draworder": null, "icon": null }, "geometry": { "type": "MultiPoint", "coordinates": [ [ -259990.78581449736, 5357434.2213199567, 0.0 ] ] } },
{ "type": "Feature", "properties": { "id": 443, "name": "P.K. 69,300", "descriptio": "<html><body><table border=\"1\"><tr><th>Field Name<\/th><th>Field Value<\/th><\/tr><tr><td>LINEA \/ LÍNEA<\/td><td>BILBO-DONOSTIA \/ BILBAO-SAN SEBASTIAN<\/td><\/tr><tr><td>P.K.<\/td><td>69,300<\/td><\/tr><tr><td>ITURRIA \/ FUENTE<\/td><td>Euskal Trenbide Sarea (ETS) 2", "timestamp": null, "begin": null, "end": null, "altitudemo": "absolute", "tessellate": -1, "extrude": 0, "visibility": -1, "draworder": null, "icon": null }, "geometry": { "type": "MultiPoint", "coordinates": [ [ -259867.67455967682, 5357383.3928604918, 0.0 ] ] } },
{ "type": "Feature", "properties": { "id": 444, "name": "P.K. 69,400", "descriptio": "<html><body><table border=\"1\"><tr><th>Field Name<\/th><th>Field Value<\/th><\/tr><tr><td>LINEA \/ LÍNEA<\/td><td>BILBO-DONOSTIA \/ BILBAO-SAN SEBASTIAN<\/td><\/tr><tr><td>P.K.<\/td><td>69,400<\/td><\/tr><tr><td>ITURRIA \/ FUENTE<\/td><td>Euskal Trenbide Sarea (ETS) 2", "timestamp": null, "begin": null, "end": null, "altitudemo": "absolute", "tessellate": -1, "extrude": 0, "visibility": -1, "draworder": null, "icon": null }, "geometry": { "type": "MultiPoint", "coordinates": [ [ -259772.60110782867, 5357285.0855677165, 0.0 ] ] } },
{ "type": "Feature", "properties": { "id": 445, "name": "P.K. 69,500", "descriptio": "<html><body><table border=\"1\"><tr><th>Field Name<\/th><th>Field Value<\/th><\/tr><tr><td>LINEA \/ LÍNEA<\/td><td>BILBO-DONOSTIA \/ BILBAO-SAN SEBASTIAN<\/td><\/tr><tr><td>P.K.<\/td><td>69,500<\/td><\/tr><tr><td>ITURRIA \/ FUENTE<\/td><td>Euskal Trenbide Sarea (ETS) 2", "timestamp": null, "begin": null, "end": null, "altitudemo": "absolute", "tessellate": -1, "extrude": 0, "visibility": -1, "draworder": null, "icon": null }, "geometry": { "type": "MultiPoint", "coordinates": [ [ -259708.11697199842, 5357161.8415759113, 0.0 ] ] } },
{ "type": "Feature", "properties": { "id": 446, "name": "P.K. 69,600", "descriptio": "<html><body><table border=\"1\"><tr><th>Field Name<\/th><th>Field Value<\/th><\/tr><tr><td>LINEA \/ LÍNEA<\/td><td>BILBO-DONOSTIA \/ BILBAO-SAN SEBASTIAN<\/td><\/tr><tr><td>P.K.<\/td><td>69,600<\/td><\/tr><tr><td>ITURRIA \/ FUENTE<\/td><td>Euskal Trenbide Sarea (ETS) 2", "timestamp": null, "begin": null, "end": null, "altitudemo": "absolute", "tessellate": -1, "extrude": 0, "visibility": -1, "draworder": null, "icon": null }, "geometry": { "type": "MultiPoint", "coordinates": [ [ -259630.36713826566, 5357049.4188925168, 0.0 ] ] } },
{ "type": "Feature", "properties": { "id": 447, "name": "P.K. 69,700", "descriptio": "<html><body><table border=\"1\"><tr><th>Field Name<\/th><th>Field Value<\/th><\/tr><tr><td>LINEA \/ LÍNEA<\/td><td>BILBO-DONOSTIA \/ BILBAO-SAN SEBASTIAN<\/td><\/tr><tr><td>P.K.<\/td><td>69,700<\/td><\/tr><tr><td>ITURRIA \/ FUENTE<\/td><td>Euskal Trenbide Sarea (ETS) 2", "timestamp": null, "begin": null, "end": null, "altitudemo": "absolute", "tessellate": -1, "extrude": 0, "visibility": -1, "draworder": null, "icon": null }, "geometry": { "type": "MultiPoint", "coordinates": [ [ -259530.44865569202, 5356957.332652091, 0.0 ] ] } },
{ "type": "Feature", "properties": { "id": 448, "name": "P.K. 69,800", "descriptio": "<html><body><table border=\"1\"><tr><th>Field Name<\/th><th>Field Value<\/th><\/tr><tr><td>LINEA \/ LÍNEA<\/td><td>BILBO-DONOSTIA \/ BILBAO-SAN SEBASTIAN<\/td><\/tr><tr><td>P.K.<\/td><td>69,800<\/td><\/tr><tr><td>ITURRIA \/ FUENTE<\/td><td>Euskal Trenbide Sarea (ETS) 2", "timestamp": null, "begin": null, "end": null, "altitudemo": "absolute", "tessellate": -1, "extrude": 0, "visibility": -1, "draworder": null, "icon": null }, "geometry": { "type": "MultiPoint", "coordinates": [ [ -259413.02990148001, 5356886.3143061036, 0.0 ] ] } },
{ "type": "Feature", "properties": { "id": 449, "name": "P.K. 69,900", "descriptio": "<html><body><table border=\"1\"><tr><th>Field Name<\/th><th>Field Value<\/th><\/tr><tr><td>LINEA \/ LÍNEA<\/td><td>BILBO-DONOSTIA \/ BILBAO-SAN SEBASTIAN<\/td><\/tr><tr><td>P.K.<\/td><td>69,900<\/td><\/tr><tr><td>ITURRIA \/ FUENTE<\/td><td>Euskal Trenbide Sarea (ETS) 2", "timestamp": null, "begin": null, "end": null, "altitudemo": "absolute", "tessellate": -1, "extrude": 0, "visibility": -1, "draworder": null, "icon": null }, "geometry": { "type": "MultiPoint", "coordinates": [ [ -259287.31532488484, 5356839.5536187049, 0.0 ] ] } },
{ "type": "Feature", "properties": { "id": 450, "name": "P.K. 70,000", "descriptio": "<html><body><table border=\"1\"><tr><th>Field Name<\/th><th>Field Value<\/th><\/tr><tr><td>LINEA \/ LÍNEA<\/td><td>BILBO-DONOSTIA \/ BILBAO-SAN SEBASTIAN<\/td><\/tr><tr><td>P.K.<\/td><td>70,000<\/td><\/tr><tr><td>ITURRIA \/ FUENTE<\/td><td>Euskal Trenbide Sarea (ETS) 2", "timestamp": null, "begin": null, "end": null, "altitudemo": "absolute", "tessellate": -1, "extrude": 0, "visibility": -1, "draworder": null, "icon": null }, "geometry": { "type": "MultiPoint", "coordinates": [ [ -259154.15568900228, 5356809.4516059645, 0.0 ] ] } },
{ "type": "Feature", "properties": { "id": 451, "name": "P.K. 70,100", "descriptio": "<html><body><table border=\"1\"><tr><th>Field Name<\/th><th>Field Value<\/th><\/tr><tr><td>LINEA \/ LÍNEA<\/td><td>BILBO-DONOSTIA \/ BILBAO-SAN SEBASTIAN<\/td><\/tr><tr><td>P.K.<\/td><td>70,100<\/td><\/tr><tr><td>ITURRIA \/ FUENTE<\/td><td>Euskal Trenbide Sarea (ETS) 2", "timestamp": null, "begin": null, "end": null, "altitudemo": "absolute", "tessellate": -1, "extrude": 0, "visibility": -1, "draworder": null, "icon": null }, "geometry": { "type": "MultiPoint", "coordinates": [ [ -259016.95453422595, 5356791.6241603931, 0.0 ] ] } },
{ "type": "Feature", "properties": { "id": 452, "name": "P.K. 70,200", "descriptio": "<html><body><table border=\"1\"><tr><th>Field Name<\/th><th>Field Value<\/th><\/tr><tr><td>LINEA \/ LÍNEA<\/td><td>BILBO-DONOSTIA \/ BILBAO-SAN SEBASTIAN<\/td><\/tr><tr><td>P.K.<\/td><td>70,200<\/td><\/tr><tr><td>ITURRIA \/ FUENTE<\/td><td>Euskal Trenbide Sarea (ETS) 2", "timestamp": null, "begin": null, "end": null, "altitudemo": "absolute", "tessellate": -1, "extrude": 0, "visibility": -1, "draworder": null, "icon": null }, "geometry": { "type": "MultiPoint", "coordinates": [ [ -258881.24236891707, 5356777.0116395457, 0.0 ] ] } },
{ "type": "Feature", "properties": { "id": 453, "name": "P.K. 70,300", "descriptio": "<html><body><table border=\"1\"><tr><th>Field Name<\/th><th>Field Value<\/th><\/tr><tr><td>LINEA \/ LÍNEA<\/td><td>BILBO-DONOSTIA \/ BILBAO-SAN SEBASTIAN<\/td><\/tr><tr><td>P.K.<\/td><td>70,300<\/td><\/tr><tr><td>ITURRIA \/ FUENTE<\/td><td>Euskal Trenbide Sarea (ETS) 2", "timestamp": null, "begin": null, "end": null, "altitudemo": "absolute", "tessellate": -1, "extrude": 0, "visibility": -1, "draworder": null, "icon": null }, "geometry": { "type": "MultiPoint", "coordinates": [ [ -258744.89201766427, 5356763.5679561272, 0.0 ] ] } },
{ "type": "Feature", "properties": { "id": 454, "name": "P.K. 70,400", "descriptio": "<html><body><table border=\"1\"><tr><th>Field Name<\/th><th>Field Value<\/th><\/tr><tr><td>LINEA \/ LÍNEA<\/td><td>BILBO-DONOSTIA \/ BILBAO-SAN SEBASTIAN<\/td><\/tr><tr><td>P.K.<\/td><td>70,400<\/td><\/tr><tr><td>ITURRIA \/ FUENTE<\/td><td>Euskal Trenbide Sarea (ETS) 2", "timestamp": null, "begin": null, "end": null, "altitudemo": "absolute", "tessellate": -1, "extrude": 0, "visibility": -1, "draworder": null, "icon": null }, "geometry": { "type": "MultiPoint", "coordinates": [ [ -258611.94513511835, 5356749.2477623587, 0.0 ] ] } },
{ "type": "Feature", "properties": { "id": 455, "name": "P.K. 70,500", "descriptio": "<html><body><table border=\"1\"><tr><th>Field Name<\/th><th>Field Value<\/th><\/tr><tr><td>LINEA \/ LÍNEA<\/td><td>BILBO-DONOSTIA \/ BILBAO-SAN SEBASTIAN<\/td><\/tr><tr><td>P.K.<\/td><td>70,500<\/td><\/tr><tr><td>ITURRIA \/ FUENTE<\/td><td>Euskal Trenbide Sarea (ETS) 2", "timestamp": null, "begin": null, "end": null, "altitudemo": "absolute", "tessellate": -1, "extrude": 0, "visibility": -1, "draworder": null, "icon": null }, "geometry": { "type": "MultiPoint", "coordinates": [ [ -258474.31850170443, 5356736.0964608947, 0.0 ] ] } },
{ "type": "Feature", "properties": { "id": 456, "name": "P.K. 70,600", "descriptio": "<html><body><table border=\"1\"><tr><th>Field Name<\/th><th>Field Value<\/th><\/tr><tr><td>LINEA \/ LÍNEA<\/td><td>BILBO-DONOSTIA \/ BILBAO-SAN SEBASTIAN<\/td><\/tr><tr><td>P.K.<\/td><td>70,600<\/td><\/tr><tr><td>ITURRIA \/ FUENTE<\/td><td>Euskal Trenbide Sarea (ETS) 2", "timestamp": null, "begin": null, "end": null, "altitudemo": "absolute", "tessellate": -1, "extrude": 0, "visibility": -1, "draworder": null, "icon": null }, "geometry": { "type": "MultiPoint", "coordinates": [ [ -258336.47914499496, 5356721.7761645131, 0.0 ] ] } },
{ "type": "Feature", "properties": { "id": 457, "name": "P.K. 70,700", "descriptio": "<html><body><table border=\"1\"><tr><th>Field Name<\/th><th>Field Value<\/th><\/tr><tr><td>LINEA \/ LÍNEA<\/td><td>BILBO-DONOSTIA \/ BILBAO-SAN SEBASTIAN<\/td><\/tr><tr><td>P.K.<\/td><td>70,700<\/td><\/tr><tr><td>ITURRIA \/ FUENTE<\/td><td>Euskal Trenbide Sarea (ETS) 2", "timestamp": null, "begin": null, "end": null, "altitudemo": "absolute", "tessellate": -1, "extrude": 0, "visibility": -1, "draworder": null, "icon": null }, "geometry": { "type": "MultiPoint", "coordinates": [ [ -258202.25596781375, 5356732.5894274674, 0.0 ] ] } },
{ "type": "Feature", "properties": { "id": 458, "name": "P.K. 70,800", "descriptio": "<html><body><table border=\"1\"><tr><th>Field Name<\/th><th>Field Value<\/th><\/tr><tr><td>LINEA \/ LÍNEA<\/td><td>BILBO-DONOSTIA \/ BILBAO-SAN SEBASTIAN<\/td><\/tr><tr><td>P.K.<\/td><td>70,800<\/td><\/tr><tr><td>ITURRIA \/ FUENTE<\/td><td>Euskal Trenbide Sarea (ETS) 2", "timestamp": null, "begin": null, "end": null, "altitudemo": "absolute", "tessellate": -1, "extrude": 0, "visibility": -1, "draworder": null, "icon": null }, "geometry": { "type": "MultiPoint", "coordinates": [ [ -258081.22110962655, 5356794.8389254771, 0.0 ] ] } },
{ "type": "Feature", "properties": { "id": 459, "name": "P.K. 70,900", "descriptio": "<html><body><table border=\"1\"><tr><th>Field Name<\/th><th>Field Value<\/th><\/tr><tr><td>LINEA \/ LÍNEA<\/td><td>BILBO-DONOSTIA \/ BILBAO-SAN SEBASTIAN<\/td><\/tr><tr><td>P.K.<\/td><td>70,900<\/td><\/tr><tr><td>ITURRIA \/ FUENTE<\/td><td>Euskal Trenbide Sarea (ETS) 2", "timestamp": null, "begin": null, "end": null, "altitudemo": "absolute", "tessellate": -1, "extrude": 0, "visibility": -1, "draworder": null, "icon": null }, "geometry": { "type": "MultiPoint", "coordinates": [ [ -257980.94033090337, 5356886.4526373297, 0.0 ] ] } },
{ "type": "Feature", "properties": { "id": 460, "name": "P.K. 70,900", "descriptio": "<html><body><table border=\"1\"><tr><th>Field Name<\/th><th>Field Value<\/th><\/tr><tr><td>LINEA \/ LÍNEA<\/td><td>BILBO-DONOSTIA \/ BILBAO-SAN SEBASTIAN<\/td><\/tr><tr><td>P.K.<\/td><td>70,900<\/td><\/tr><tr><td>ITURRIA \/ FUENTE<\/td><td>Euskal Trenbide Sarea (ETS) 2", "timestamp": null, "begin": null, "end": null, "altitudemo": "absolute", "tessellate": -1, "extrude": 0, "visibility": -1, "draworder": null, "icon": null }, "geometry": { "type": "MultiPoint", "coordinates": [ [ -257864.34148058298, 5357000.7784940079, 0.0 ] ] } },
{ "type": "Feature", "properties": { "id": 461, "name": "P.K. 71,000", "descriptio": "<html><body><table border=\"1\"><tr><th>Field Name<\/th><th>Field Value<\/th><\/tr><tr><td>LINEA \/ LÍNEA<\/td><td>BILBO-DONOSTIA \/ BILBAO-SAN SEBASTIAN<\/td><\/tr><tr><td>P.K.<\/td><td>71,000<\/td><\/tr><tr><td>ITURRIA \/ FUENTE<\/td><td>Euskal Trenbide Sarea (ETS) 2", "timestamp": null, "begin": null, "end": null, "altitudemo": "absolute", "tessellate": -1, "extrude": 0, "visibility": -1, "draworder": null, "icon": null }, "geometry": { "type": "MultiPoint", "coordinates": [ [ -257747.79015255073, 5357071.6060214266, 0.0 ] ] } },
{ "type": "Feature", "properties": { "id": 462, "name": "P.K. 71,100", "descriptio": "<html><body><table border=\"1\"><tr><th>Field Name<\/th><th>Field Value<\/th><\/tr><tr><td>LINEA \/ LÍNEA<\/td><td>BILBO-DONOSTIA \/ BILBAO-SAN SEBASTIAN<\/td><\/tr><tr><td>P.K.<\/td><td>71,100<\/td><\/tr><tr><td>ITURRIA \/ FUENTE<\/td><td>Euskal Trenbide Sarea (ETS) 2", "timestamp": null, "begin": null, "end": null, "altitudemo": "absolute", "tessellate": -1, "extrude": 0, "visibility": -1, "draworder": null, "icon": null }, "geometry": { "type": "MultiPoint", "coordinates": [ [ -257619.62943655407, 5357036.0963185532, 0.0 ] ] } },
{ "type": "Feature", "properties": { "id": 463, "name": "P.K. 71,200", "descriptio": "<html><body><table border=\"1\"><tr><th>Field Name<\/th><th>Field Value<\/th><\/tr><tr><td>LINEA \/ LÍNEA<\/td><td>BILBO-DONOSTIA \/ BILBAO-SAN SEBASTIAN<\/td><\/tr><tr><td>P.K.<\/td><td>71,200<\/td><\/tr><tr><td>ITURRIA \/ FUENTE<\/td><td>Euskal Trenbide Sarea (ETS) 2", "timestamp": null, "begin": null, "end": null, "altitudemo": "absolute", "tessellate": -1, "extrude": 0, "visibility": -1, "draworder": null, "icon": null }, "geometry": { "type": "MultiPoint", "coordinates": [ [ -257512.42486541742, 5356947.1631136043, 0.0 ] ] } },
{ "type": "Feature", "properties": { "id": 464, "name": "P.K. 71,300", "descriptio": "<html><body><table border=\"1\"><tr><th>Field Name<\/th><th>Field Value<\/th><\/tr><tr><td>LINEA \/ LÍNEA<\/td><td>BILBO-DONOSTIA \/ BILBAO-SAN SEBASTIAN<\/td><\/tr><tr><td>P.K.<\/td><td>71,300<\/td><\/tr><tr><td>ITURRIA \/ FUENTE<\/td><td>Euskal Trenbide Sarea (ETS) 2", "timestamp": null, "begin": null, "end": null, "altitudemo": "absolute", "tessellate": -1, "extrude": 0, "visibility": -1, "draworder": null, "icon": null }, "geometry": { "type": "MultiPoint", "coordinates": [ [ -257405.68056096803, 5356859.8180605462, 0.0 ] ] } },
{ "type": "Feature", "properties": { "id": 465, "name": "P.K. 71,400", "descriptio": "<html><body><table border=\"1\"><tr><th>Field Name<\/th><th>Field Value<\/th><\/tr><tr><td>LINEA \/ LÍNEA<\/td><td>BILBO-DONOSTIA \/ BILBAO-SAN SEBASTIAN<\/td><\/tr><tr><td>P.K.<\/td><td>71,400<\/td><\/tr><tr><td>ITURRIA \/ FUENTE<\/td><td>Euskal Trenbide Sarea (ETS) 2", "timestamp": null, "begin": null, "end": null, "altitudemo": "absolute", "tessellate": -1, "extrude": 0, "visibility": -1, "draworder": null, "icon": null }, "geometry": { "type": "MultiPoint", "coordinates": [ [ -257303.82247776215, 5356768.9845115328, 0.0 ] ] } },
{ "type": "Feature", "properties": { "id": 466, "name": "P.K. 71,500", "descriptio": "<html><body><table border=\"1\"><tr><th>Field Name<\/th><th>Field Value<\/th><\/tr><tr><td>LINEA \/ LÍNEA<\/td><td>BILBO-DONOSTIA \/ BILBAO-SAN SEBASTIAN<\/td><\/tr><tr><td>P.K.<\/td><td>71,500<\/td><\/tr><tr><td>ITURRIA \/ FUENTE<\/td><td>Euskal Trenbide Sarea (ETS) 2", "timestamp": null, "begin": null, "end": null, "altitudemo": "absolute", "tessellate": -1, "extrude": 0, "visibility": -1, "draworder": null, "icon": null }, "geometry": { "type": "MultiPoint", "coordinates": [ [ -257197.18729022503, 5356682.7229061052, 0.0 ] ] } },
{ "type": "Feature", "properties": { "id": 467, "name": "P.K. 71,600", "descriptio": "<html><body><table border=\"1\"><tr><th>Field Name<\/th><th>Field Value<\/th><\/tr><tr><td>LINEA \/ LÍNEA<\/td><td>BILBO-DONOSTIA \/ BILBAO-SAN SEBASTIAN<\/td><\/tr><tr><td>P.K.<\/td><td>71,600<\/td><\/tr><tr><td>ITURRIA \/ FUENTE<\/td><td>Euskal Trenbide Sarea (ETS) 2", "timestamp": null, "begin": null, "end": null, "altitudemo": "absolute", "tessellate": -1, "extrude": 0, "visibility": -1, "draworder": null, "icon": null }, "geometry": { "type": "MultiPoint", "coordinates": [ [ -257092.30884394416, 5356591.8719938137, 0.0 ] ] } },
{ "type": "Feature", "properties": { "id": 468, "name": "P.K. 71,700", "descriptio": "<html><body><table border=\"1\"><tr><th>Field Name<\/th><th>Field Value<\/th><\/tr><tr><td>LINEA \/ LÍNEA<\/td><td>BILBO-DONOSTIA \/ BILBAO-SAN SEBASTIAN<\/td><\/tr><tr><td>P.K.<\/td><td>71,700<\/td><\/tr><tr><td>ITURRIA \/ FUENTE<\/td><td>Euskal Trenbide Sarea (ETS) 2", "timestamp": null, "begin": null, "end": null, "altitudemo": "absolute", "tessellate": -1, "extrude": 0, "visibility": -1, "draworder": null, "icon": null }, "geometry": { "type": "MultiPoint", "coordinates": [ [ -256989.78015084763, 5356499.814901799, 0.0 ] ] } },
{ "type": "Feature", "properties": { "id": 469, "name": "P.K. 71,800", "descriptio": "<html><body><table border=\"1\"><tr><th>Field Name<\/th><th>Field Value<\/th><\/tr><tr><td>LINEA \/ LÍNEA<\/td><td>BILBO-DONOSTIA \/ BILBAO-SAN SEBASTIAN<\/td><\/tr><tr><td>P.K.<\/td><td>71,800<\/td><\/tr><tr><td>ITURRIA \/ FUENTE<\/td><td>Euskal Trenbide Sarea (ETS) 2", "timestamp": null, "begin": null, "end": null, "altitudemo": "absolute", "tessellate": -1, "extrude": 0, "visibility": -1, "draworder": null, "icon": null }, "geometry": { "type": "MultiPoint", "coordinates": [ [ -256940.60542141428, 5356372.8893402973, 0.0 ] ] } },
{ "type": "Feature", "properties": { "id": 470, "name": "P.K. 71,900", "descriptio": "<html><body><table border=\"1\"><tr><th>Field Name<\/th><th>Field Value<\/th><\/tr><tr><td>LINEA \/ LÍNEA<\/td><td>BILBO-DONOSTIA \/ BILBAO-SAN SEBASTIAN<\/td><\/tr><tr><td>P.K.<\/td><td>71,900<\/td><\/tr><tr><td>ITURRIA \/ FUENTE<\/td><td>Euskal Trenbide Sarea (ETS) 2", "timestamp": null, "begin": null, "end": null, "altitudemo": "absolute", "tessellate": -1, "extrude": 0, "visibility": -1, "draworder": null, "icon": null }, "geometry": { "type": "MultiPoint", "coordinates": [ [ -256915.62864199348, 5356237.9526300216, 0.0 ] ] } },
{ "type": "Feature", "properties": { "id": 471, "name": "P.K. 72,000", "descriptio": "<html><body><table border=\"1\"><tr><th>Field Name<\/th><th>Field Value<\/th><\/tr><tr><td>LINEA \/ LÍNEA<\/td><td>BILBO-DONOSTIA \/ BILBAO-SAN SEBASTIAN<\/td><\/tr><tr><td>P.K.<\/td><td>72,000<\/td><\/tr><tr><td>ITURRIA \/ FUENTE<\/td><td>Euskal Trenbide Sarea (ETS) 2", "timestamp": null, "begin": null, "end": null, "altitudemo": "absolute", "tessellate": -1, "extrude": 0, "visibility": -1, "draworder": null, "icon": null }, "geometry": { "type": "MultiPoint", "coordinates": [ [ -256892.06674312102, 5356101.6388304736, 0.0 ] ] } },
{ "type": "Feature", "properties": { "id": 472, "name": "P.K. 72,100", "descriptio": "<html><body><table border=\"1\"><tr><th>Field Name<\/th><th>Field Value<\/th><\/tr><tr><td>LINEA \/ LÍNEA<\/td><td>BILBO-DONOSTIA \/ BILBAO-SAN SEBASTIAN<\/td><\/tr><tr><td>P.K.<\/td><td>72,100<\/td><\/tr><tr><td>ITURRIA \/ FUENTE<\/td><td>Euskal Trenbide Sarea (ETS) 2", "timestamp": null, "begin": null, "end": null, "altitudemo": "absolute", "tessellate": -1, "extrude": 0, "visibility": -1, "draworder": null, "icon": null }, "geometry": { "type": "MultiPoint", "coordinates": [ [ -256913.06736853378, 5355964.3239957737, 0.0 ] ] } },
{ "type": "Feature", "properties": { "id": 473, "name": "P.K. 72,200", "descriptio": "<html><body><table border=\"1\"><tr><th>Field Name<\/th><th>Field Value<\/th><\/tr><tr><td>LINEA \/ LÍNEA<\/td><td>BILBO-DONOSTIA \/ BILBAO-SAN SEBASTIAN<\/td><\/tr><tr><td>P.K.<\/td><td>72,200<\/td><\/tr><tr><td>ITURRIA \/ FUENTE<\/td><td>Euskal Trenbide Sarea (ETS) 2", "timestamp": null, "begin": null, "end": null, "altitudemo": "absolute", "tessellate": -1, "extrude": 0, "visibility": -1, "draworder": null, "icon": null }, "geometry": { "type": "MultiPoint", "coordinates": [ [ -256983.88601872805, 5355854.1710694721, 0.0 ] ] } },
{ "type": "Feature", "properties": { "id": 474, "name": "P.K. 72,300", "descriptio": "<html><body><table border=\"1\"><tr><th>Field Name<\/th><th>Field Value<\/th><\/tr><tr><td>LINEA \/ LÍNEA<\/td><td>BILBO-DONOSTIA \/ BILBAO-SAN SEBASTIAN<\/td><\/tr><tr><td>P.K.<\/td><td>72,300<\/td><\/tr><tr><td>ITURRIA \/ FUENTE<\/td><td>Euskal Trenbide Sarea (ETS) 2", "timestamp": null, "begin": null, "end": null, "altitudemo": "absolute", "tessellate": -1, "extrude": 0, "visibility": -1, "draworder": null, "icon": null }, "geometry": { "type": "MultiPoint", "coordinates": [ [ -257003.08055979648, 5355723.5250554187, 0.0 ] ] } },
{ "type": "Feature", "properties": { "id": 475, "name": "P.K. 72,400", "descriptio": "<html><body><table border=\"1\"><tr><th>Field Name<\/th><th>Field Value<\/th><\/tr><tr><td>LINEA \/ LÍNEA<\/td><td>BILBO-DONOSTIA \/ BILBAO-SAN SEBASTIAN<\/td><\/tr><tr><td>P.K.<\/td><td>72,400<\/td><\/tr><tr><td>ITURRIA \/ FUENTE<\/td><td>Euskal Trenbide Sarea (ETS) 2", "timestamp": null, "begin": null, "end": null, "altitudemo": "absolute", "tessellate": -1, "extrude": 0, "visibility": -1, "draworder": null, "icon": null }, "geometry": { "type": "MultiPoint", "coordinates": [ [ -256931.0411090744, 5355603.2124797162, 0.0 ] ] } },
{ "type": "Feature", "properties": { "id": 476, "name": "P.K. 72,500", "descriptio": "<html><body><table border=\"1\"><tr><th>Field Name<\/th><th>Field Value<\/th><\/tr><tr><td>LINEA \/ LÍNEA<\/td><td>BILBO-DONOSTIA \/ BILBAO-SAN SEBASTIAN<\/td><\/tr><tr><td>P.K.<\/td><td>72,500<\/td><\/tr><tr><td>ITURRIA \/ FUENTE<\/td><td>Euskal Trenbide Sarea (ETS) 2", "timestamp": null, "begin": null, "end": null, "altitudemo": "absolute", "tessellate": -1, "extrude": 0, "visibility": -1, "draworder": null, "icon": null }, "geometry": { "type": "MultiPoint", "coordinates": [ [ -256836.88423089561, 5355504.8648648076, 0.0 ] ] } },
{ "type": "Feature", "properties": { "id": 477, "name": "P.K. 72,600", "descriptio": "<html><body><table border=\"1\"><tr><th>Field Name<\/th><th>Field Value<\/th><\/tr><tr><td>LINEA \/ LÍNEA<\/td><td>BILBO-DONOSTIA \/ BILBAO-SAN SEBASTIAN<\/td><\/tr><tr><td>P.K.<\/td><td>72,600<\/td><\/tr><tr><td>ITURRIA \/ FUENTE<\/td><td>Euskal Trenbide Sarea (ETS) 2", "timestamp": null, "begin": null, "end": null, "altitudemo": "absolute", "tessellate": -1, "extrude": 0, "visibility": -1, "draworder": null, "icon": null }, "geometry": { "type": "MultiPoint", "coordinates": [ [ -256740.88769076689, 5355405.9068641579, 0.0 ] ] } },
{ "type": "Feature", "properties": { "id": 478, "name": "P.K. 72,700", "descriptio": "<html><body><table border=\"1\"><tr><th>Field Name<\/th><th>Field Value<\/th><\/tr><tr><td>LINEA \/ LÍNEA<\/td><td>BILBO-DONOSTIA \/ BILBAO-SAN SEBASTIAN<\/td><\/tr><tr><td>P.K.<\/td><td>72,700<\/td><\/tr><tr><td>ITURRIA \/ FUENTE<\/td><td>Euskal Trenbide Sarea (ETS) 2", "timestamp": null, "begin": null, "end": null, "altitudemo": "absolute", "tessellate": -1, "extrude": 0, "visibility": -1, "draworder": null, "icon": null }, "geometry": { "type": "MultiPoint", "coordinates": [ [ -256644.6152803821, 5355304.6532609062, 0.0 ] ] } },
{ "type": "Feature", "properties": { "id": 479, "name": "P.K. 72,800", "descriptio": "<html><body><table border=\"1\"><tr><th>Field Name<\/th><th>Field Value<\/th><\/tr><tr><td>LINEA \/ LÍNEA<\/td><td>BILBO-DONOSTIA \/ BILBAO-SAN SEBASTIAN<\/td><\/tr><tr><td>P.K.<\/td><td>72,800<\/td><\/tr><tr><td>ITURRIA \/ FUENTE<\/td><td>Euskal Trenbide Sarea (ETS) 2", "timestamp": null, "begin": null, "end": null, "altitudemo": "absolute", "tessellate": -1, "extrude": 0, "visibility": -1, "draworder": null, "icon": null }, "geometry": { "type": "MultiPoint", "coordinates": [ [ -256555.87927439113, 5355211.3186559789, 0.0 ] ] } },
{ "type": "Feature", "properties": { "id": 480, "name": "P.K. 72,900", "descriptio": "<html><body><table border=\"1\"><tr><th>Field Name<\/th><th>Field Value<\/th><\/tr><tr><td>LINEA \/ LÍNEA<\/td><td>BILBO-DONOSTIA \/ BILBAO-SAN SEBASTIAN<\/td><\/tr><tr><td>P.K.<\/td><td>72,900<\/td><\/tr><tr><td>ITURRIA \/ FUENTE<\/td><td>Euskal Trenbide Sarea (ETS) 2", "timestamp": null, "begin": null, "end": null, "altitudemo": "absolute", "tessellate": -1, "extrude": 0, "visibility": -1, "draworder": null, "icon": null }, "geometry": { "type": "MultiPoint", "coordinates": [ [ -256470.35859956595, 5355113.6095990809, 0.0 ] ] } },
{ "type": "Feature", "properties": { "id": 481, "name": "P.K. 73,000", "descriptio": "<html><body><table border=\"1\"><tr><th>Field Name<\/th><th>Field Value<\/th><\/tr><tr><td>LINEA \/ LÍNEA<\/td><td>BILBO-DONOSTIA \/ BILBAO-SAN SEBASTIAN<\/td><\/tr><tr><td>P.K.<\/td><td>73,000<\/td><\/tr><tr><td>ITURRIA \/ FUENTE<\/td><td>Euskal Trenbide Sarea (ETS) 2", "timestamp": null, "begin": null, "end": null, "altitudemo": "absolute", "tessellate": -1, "extrude": 0, "visibility": -1, "draworder": null, "icon": null }, "geometry": { "type": "MultiPoint", "coordinates": [ [ -256385.4431308248, 5355008.668545437, 0.0 ] ] } },
{ "type": "Feature", "properties": { "id": 482, "name": "P.K. 73,100", "descriptio": "<html><body><table border=\"1\"><tr><th>Field Name<\/th><th>Field Value<\/th><\/tr><tr><td>LINEA \/ LÍNEA<\/td><td>BILBO-DONOSTIA \/ BILBAO-SAN SEBASTIAN<\/td><\/tr><tr><td>P.K.<\/td><td>73,100<\/td><\/tr><tr><td>ITURRIA \/ FUENTE<\/td><td>Euskal Trenbide Sarea (ETS) 2", "timestamp": null, "begin": null, "end": null, "altitudemo": "absolute", "tessellate": -1, "extrude": 0, "visibility": -1, "draworder": null, "icon": null }, "geometry": { "type": "MultiPoint", "coordinates": [ [ -256304.4746004405, 5354903.2896341998, 0.0 ] ] } },
{ "type": "Feature", "properties": { "id": 483, "name": "P.K. 73,200", "descriptio": "<html><body><table border=\"1\"><tr><th>Field Name<\/th><th>Field Value<\/th><\/tr><tr><td>LINEA \/ LÍNEA<\/td><td>BILBO-DONOSTIA \/ BILBAO-SAN SEBASTIAN<\/td><\/tr><tr><td>P.K.<\/td><td>73,200<\/td><\/tr><tr><td>ITURRIA \/ FUENTE<\/td><td>Euskal Trenbide Sarea (ETS) 2", "timestamp": null, "begin": null, "end": null, "altitudemo": "absolute", "tessellate": -1, "extrude": 0, "visibility": -1, "draworder": null, "icon": null }, "geometry": { "type": "MultiPoint", "coordinates": [ [ -256200.51400539392, 5354818.0412917305, 0.0 ] ] } },
{ "type": "Feature", "properties": { "id": 484, "name": "P.K. 73,300", "descriptio": "<html><body><table border=\"1\"><tr><th>Field Name<\/th><th>Field Value<\/th><\/tr><tr><td>LINEA \/ LÍNEA<\/td><td>BILBO-DONOSTIA \/ BILBAO-SAN SEBASTIAN<\/td><\/tr><tr><td>P.K.<\/td><td>73,300<\/td><\/tr><tr><td>ITURRIA \/ FUENTE<\/td><td>Euskal Trenbide Sarea (ETS) 2", "timestamp": null, "begin": null, "end": null, "altitudemo": "absolute", "tessellate": -1, "extrude": 0, "visibility": -1, "draworder": null, "icon": null }, "geometry": { "type": "MultiPoint", "coordinates": [ [ -256067.6576585983, 5354788.3578203432, 0.0 ] ] } },
{ "type": "Feature", "properties": { "id": 485, "name": "P.K. 73,400", "descriptio": "<html><body><table border=\"1\"><tr><th>Field Name<\/th><th>Field Value<\/th><\/tr><tr><td>LINEA \/ LÍNEA<\/td><td>BILBO-DONOSTIA \/ BILBAO-SAN SEBASTIAN<\/td><\/tr><tr><td>P.K.<\/td><td>73,400<\/td><\/tr><tr><td>ITURRIA \/ FUENTE<\/td><td>Euskal Trenbide Sarea (ETS) 2", "timestamp": null, "begin": null, "end": null, "altitudemo": "absolute", "tessellate": -1, "extrude": 0, "visibility": -1, "draworder": null, "icon": null }, "geometry": { "type": "MultiPoint", "coordinates": [ [ -255927.2809473314, 5354781.9280730793, 0.0 ] ] } },
{ "type": "Feature", "properties": { "id": 486, "name": "P.K. 73,500", "descriptio": "<html><body><table border=\"1\"><tr><th>Field Name<\/th><th>Field Value<\/th><\/tr><tr><td>LINEA \/ LÍNEA<\/td><td>BILBO-DONOSTIA \/ BILBAO-SAN SEBASTIAN<\/td><\/tr><tr><td>P.K.<\/td><td>73,500<\/td><\/tr><tr><td>ITURRIA \/ FUENTE<\/td><td>Euskal Trenbide Sarea (ETS) 2", "timestamp": null, "begin": null, "end": null, "altitudemo": "absolute", "tessellate": -1, "extrude": 0, "visibility": -1, "draworder": null, "icon": null }, "geometry": { "type": "MultiPoint", "coordinates": [ [ -255786.68564518265, 5354774.9520014292, 0.0 ] ] } },
{ "type": "Feature", "properties": { "id": 487, "name": "P.K. 73,600", "descriptio": "<html><body><table border=\"1\"><tr><th>Field Name<\/th><th>Field Value<\/th><\/tr><tr><td>LINEA \/ LÍNEA<\/td><td>BILBO-DONOSTIA \/ BILBAO-SAN SEBASTIAN<\/td><\/tr><tr><td>P.K.<\/td><td>73,600<\/td><\/tr><tr><td>ITURRIA \/ FUENTE<\/td><td>Euskal Trenbide Sarea (ETS) 2", "timestamp": null, "begin": null, "end": null, "altitudemo": "absolute", "tessellate": -1, "extrude": 0, "visibility": -1, "draworder": null, "icon": null }, "geometry": { "type": "MultiPoint", "coordinates": [ [ -255648.68970674623, 5354768.7721933573, 0.0 ] ] } },
{ "type": "Feature", "properties": { "id": 488, "name": "P.K. 73,700", "descriptio": "<html><body><table border=\"1\"><tr><th>Field Name<\/th><th>Field Value<\/th><\/tr><tr><td>LINEA \/ LÍNEA<\/td><td>BILBO-DONOSTIA \/ BILBAO-SAN SEBASTIAN<\/td><\/tr><tr><td>P.K.<\/td><td>73,700<\/td><\/tr><tr><td>ITURRIA \/ FUENTE<\/td><td>Euskal Trenbide Sarea (ETS) 2", "timestamp": null, "begin": null, "end": null, "altitudemo": "absolute", "tessellate": -1, "extrude": 0, "visibility": -1, "draworder": null, "icon": null }, "geometry": { "type": "MultiPoint", "coordinates": [ [ -255510.74006602555, 5354760.6966705313, 0.0 ] ] } },
{ "type": "Feature", "properties": { "id": 489, "name": "P.K. 73,800", "descriptio": "<html><body><table border=\"1\"><tr><th>Field Name<\/th><th>Field Value<\/th><\/tr><tr><td>LINEA \/ LÍNEA<\/td><td>BILBO-DONOSTIA \/ BILBAO-SAN SEBASTIAN<\/td><\/tr><tr><td>P.K.<\/td><td>73,800<\/td><\/tr><tr><td>ITURRIA \/ FUENTE<\/td><td>Euskal Trenbide Sarea (ETS) 2", "timestamp": null, "begin": null, "end": null, "altitudemo": "absolute", "tessellate": -1, "extrude": 0, "visibility": -1, "draworder": null, "icon": null }, "geometry": { "type": "MultiPoint", "coordinates": [ [ -255381.63994040369, 5354751.8806514358, 0.0 ] ] } },
{ "type": "Feature", "properties": { "id": 490, "name": "P.K. 73,900", "descriptio": "<html><body><table border=\"1\"><tr><th>Field Name<\/th><th>Field Value<\/th><\/tr><tr><td>LINEA \/ LÍNEA<\/td><td>BILBO-DONOSTIA \/ BILBAO-SAN SEBASTIAN<\/td><\/tr><tr><td>P.K.<\/td><td>73,900<\/td><\/tr><tr><td>ITURRIA \/ FUENTE<\/td><td>Euskal Trenbide Sarea (ETS) 2", "timestamp": null, "begin": null, "end": null, "altitudemo": "absolute", "tessellate": -1, "extrude": 0, "visibility": -1, "draworder": null, "icon": null }, "geometry": { "type": "MultiPoint", "coordinates": [ [ -255255.88328159749, 5354698.296636587, 0.0 ] ] } },
{ "type": "Feature", "properties": { "id": 491, "name": "P.K. 74,000", "descriptio": "<html><body><table border=\"1\"><tr><th>Field Name<\/th><th>Field Value<\/th><\/tr><tr><td>LINEA \/ LÍNEA<\/td><td>BILBO-DONOSTIA \/ BILBAO-SAN SEBASTIAN<\/td><\/tr><tr><td>P.K.<\/td><td>74,000<\/td><\/tr><tr><td>ITURRIA \/ FUENTE<\/td><td>Euskal Trenbide Sarea (ETS) 2", "timestamp": null, "begin": null, "end": null, "altitudemo": "absolute", "tessellate": -1, "extrude": 0, "visibility": -1, "draworder": null, "icon": null }, "geometry": { "type": "MultiPoint", "coordinates": [ [ -255133.73709840429, 5354635.0546320314, 0.0 ] ] } },
{ "type": "Feature", "properties": { "id": 492, "name": "P.K. 74,100", "descriptio": "<html><body><table border=\"1\"><tr><th>Field Name<\/th><th>Field Value<\/th><\/tr><tr><td>LINEA \/ LÍNEA<\/td><td>BILBO-DONOSTIA \/ BILBAO-SAN SEBASTIAN<\/td><\/tr><tr><td>P.K.<\/td><td>74,100<\/td><\/tr><tr><td>ITURRIA \/ FUENTE<\/td><td>Euskal Trenbide Sarea (ETS) 2", "timestamp": null, "begin": null, "end": null, "altitudemo": "absolute", "tessellate": -1, "extrude": 0, "visibility": -1, "draworder": null, "icon": null }, "geometry": { "type": "MultiPoint", "coordinates": [ [ -254997.07308575363, 5354607.7245977279, 0.0 ] ] } },
{ "type": "Feature", "properties": { "id": 493, "name": "P.K. 74,200", "descriptio": "<html><body><table border=\"1\"><tr><th>Field Name<\/th><th>Field Value<\/th><\/tr><tr><td>LINEA \/ LÍNEA<\/td><td>BILBO-DONOSTIA \/ BILBAO-SAN SEBASTIAN<\/td><\/tr><tr><td>P.K.<\/td><td>74,200<\/td><\/tr><tr><td>ITURRIA \/ FUENTE<\/td><td>Euskal Trenbide Sarea (ETS) 2", "timestamp": null, "begin": null, "end": null, "altitudemo": "absolute", "tessellate": -1, "extrude": 0, "visibility": -1, "draworder": null, "icon": null }, "geometry": { "type": "MultiPoint", "coordinates": [ [ -254862.14317305584, 5354585.7765235119, 0.0 ] ] } },
{ "type": "Feature", "properties": { "id": 494, "name": "P.K. 74,300", "descriptio": "<html><body><table border=\"1\"><tr><th>Field Name<\/th><th>Field Value<\/th><\/tr><tr><td>LINEA \/ LÍNEA<\/td><td>BILBO-DONOSTIA \/ BILBAO-SAN SEBASTIAN<\/td><\/tr><tr><td>P.K.<\/td><td>74,300<\/td><\/tr><tr><td>ITURRIA \/ FUENTE<\/td><td>Euskal Trenbide Sarea (ETS) 2", "timestamp": null, "begin": null, "end": null, "altitudemo": "absolute", "tessellate": -1, "extrude": 0, "visibility": -1, "draworder": null, "icon": null }, "geometry": { "type": "MultiPoint", "coordinates": [ [ -254728.3200879189, 5354565.0276743108, 0.0 ] ] } },
{ "type": "Feature", "properties": { "id": 495, "name": "P.K. 74,400", "descriptio": "<html><body><table border=\"1\"><tr><th>Field Name<\/th><th>Field Value<\/th><\/tr><tr><td>LINEA \/ LÍNEA<\/td><td>BILBO-DONOSTIA \/ BILBAO-SAN SEBASTIAN<\/td><\/tr><tr><td>P.K.<\/td><td>74,400<\/td><\/tr><tr><td>ITURRIA \/ FUENTE<\/td><td>Euskal Trenbide Sarea (ETS) 2", "timestamp": null, "begin": null, "end": null, "altitudemo": "absolute", "tessellate": -1, "extrude": 0, "visibility": -1, "draworder": null, "icon": null }, "geometry": { "type": "MultiPoint", "coordinates": [ [ -254588.63225350247, 5354576.8065218749, 0.0 ] ] } },
{ "type": "Feature", "properties": { "id": 496, "name": "P.K. 74,500", "descriptio": "<html><body><table border=\"1\"><tr><th>Field Name<\/th><th>Field Value<\/th><\/tr><tr><td>LINEA \/ LÍNEA<\/td><td>BILBO-DONOSTIA \/ BILBAO-SAN SEBASTIAN<\/td><\/tr><tr><td>P.K.<\/td><td>74,500<\/td><\/tr><tr><td>ITURRIA \/ FUENTE<\/td><td>Euskal Trenbide Sarea (ETS) 2", "timestamp": null, "begin": null, "end": null, "altitudemo": "absolute", "tessellate": -1, "extrude": 0, "visibility": -1, "draworder": null, "icon": null }, "geometry": { "type": "MultiPoint", "coordinates": [ [ -254454.67003004026, 5354569.8579674577, 0.0 ] ] } },
{ "type": "Feature", "properties": { "id": 497, "name": "P.K. 74,600", "descriptio": "<html><body><table border=\"1\"><tr><th>Field Name<\/th><th>Field Value<\/th><\/tr><tr><td>LINEA \/ LÍNEA<\/td><td>BILBO-DONOSTIA \/ BILBAO-SAN SEBASTIAN<\/td><\/tr><tr><td>P.K.<\/td><td>74,600<\/td><\/tr><tr><td>ITURRIA \/ FUENTE<\/td><td>Euskal Trenbide Sarea (ETS) 2", "timestamp": null, "begin": null, "end": null, "altitudemo": "absolute", "tessellate": -1, "extrude": 0, "visibility": -1, "draworder": null, "icon": null }, "geometry": { "type": "MultiPoint", "coordinates": [ [ -254341.43882308144, 5354489.9621718936, 0.0 ] ] } },
{ "type": "Feature", "properties": { "id": 498, "name": "P.K. 74,700", "descriptio": "<html><body><table border=\"1\"><tr><th>Field Name<\/th><th>Field Value<\/th><\/tr><tr><td>LINEA \/ LÍNEA<\/td><td>BILBO-DONOSTIA \/ BILBAO-SAN SEBASTIAN<\/td><\/tr><tr><td>P.K.<\/td><td>74,700<\/td><\/tr><tr><td>ITURRIA \/ FUENTE<\/td><td>Euskal Trenbide Sarea (ETS) 2", "timestamp": null, "begin": null, "end": null, "altitudemo": "absolute", "tessellate": -1, "extrude": 0, "visibility": -1, "draworder": null, "icon": null }, "geometry": { "type": "MultiPoint", "coordinates": [ [ -254241.10863438438, 5354410.008923633, 0.0 ] ] } },
{ "type": "Feature", "properties": { "id": 499, "name": "P.K. 74,800", "descriptio": "<html><body><table border=\"1\"><tr><th>Field Name<\/th><th>Field Value<\/th><\/tr><tr><td>LINEA \/ LÍNEA<\/td><td>BILBO-DONOSTIA \/ BILBAO-SAN SEBASTIAN<\/td><\/tr><tr><td>P.K.<\/td><td>74,800<\/td><\/tr><tr><td>ITURRIA \/ FUENTE<\/td><td>Euskal Trenbide Sarea (ETS) 2", "timestamp": null, "begin": null, "end": null, "altitudemo": "absolute", "tessellate": -1, "extrude": 0, "visibility": -1, "draworder": null, "icon": null }, "geometry": { "type": "MultiPoint", "coordinates": [ [ -254109.23202629821, 5354352.423689832, 0.0 ] ] } },
{ "type": "Feature", "properties": { "id": 500, "name": "P.K. 74,900", "descriptio": "<html><body><table border=\"1\"><tr><th>Field Name<\/th><th>Field Value<\/th><\/tr><tr><td>LINEA \/ LÍNEA<\/td><td>BILBO-DONOSTIA \/ BILBAO-SAN SEBASTIAN<\/td><\/tr><tr><td>P.K.<\/td><td>74,900<\/td><\/tr><tr><td>ITURRIA \/ FUENTE<\/td><td>Euskal Trenbide Sarea (ETS) 2", "timestamp": null, "begin": null, "end": null, "altitudemo": "absolute", "tessellate": -1, "extrude": 0, "visibility": -1, "draworder": null, "icon": null }, "geometry": { "type": "MultiPoint", "coordinates": [ [ -253976.05649160349, 5354317.4642172866, 0.0 ] ] } },
{ "type": "Feature", "properties": { "id": 501, "name": "P.K. 75,000", "descriptio": "<html><body><table border=\"1\"><tr><th>Field Name<\/th><th>Field Value<\/th><\/tr><tr><td>LINEA \/ LÍNEA<\/td><td>BILBO-DONOSTIA \/ BILBAO-SAN SEBASTIAN<\/td><\/tr><tr><td>P.K.<\/td><td>75,000<\/td><\/tr><tr><td>ITURRIA \/ FUENTE<\/td><td>Euskal Trenbide Sarea (ETS) 2", "timestamp": null, "begin": null, "end": null, "altitudemo": "absolute", "tessellate": -1, "extrude": 0, "visibility": -1, "draworder": null, "icon": null }, "geometry": { "type": "MultiPoint", "coordinates": [ [ -253849.15066495142, 5354286.4246441685, 0.0 ] ] } },
{ "type": "Feature", "properties": { "id": 502, "name": "P.K. 75,100", "descriptio": "<html><body><table border=\"1\"><tr><th>Field Name<\/th><th>Field Value<\/th><\/tr><tr><td>LINEA \/ LÍNEA<\/td><td>BILBO-DONOSTIA \/ BILBAO-SAN SEBASTIAN<\/td><\/tr><tr><td>P.K.<\/td><td>75,100<\/td><\/tr><tr><td>ITURRIA \/ FUENTE<\/td><td>Euskal Trenbide Sarea (ETS) 2", "timestamp": null, "begin": null, "end": null, "altitudemo": "absolute", "tessellate": -1, "extrude": 0, "visibility": -1, "draworder": null, "icon": null }, "geometry": { "type": "MultiPoint", "coordinates": [ [ -253712.33160083112, 5354277.0991918799, 0.0 ] ] } },
{ "type": "Feature", "properties": { "id": 503, "name": "P.K. 75,200", "descriptio": "<html><body><table border=\"1\"><tr><th>Field Name<\/th><th>Field Value<\/th><\/tr><tr><td>LINEA \/ LÍNEA<\/td><td>BILBO-DONOSTIA \/ BILBAO-SAN SEBASTIAN<\/td><\/tr><tr><td>P.K.<\/td><td>75,200<\/td><\/tr><tr><td>ITURRIA \/ FUENTE<\/td><td>Euskal Trenbide Sarea (ETS) 2", "timestamp": null, "begin": null, "end": null, "altitudemo": "absolute", "tessellate": -1, "extrude": 0, "visibility": -1, "draworder": null, "icon": null }, "geometry": { "type": "MultiPoint", "coordinates": [ [ -253575.39146403671, 5354279.6058494579, 0.0 ] ] } },
{ "type": "Feature", "properties": { "id": 504, "name": "P.K. 75,300", "descriptio": "<html><body><table border=\"1\"><tr><th>Field Name<\/th><th>Field Value<\/th><\/tr><tr><td>LINEA \/ LÍNEA<\/td><td>BILBO-DONOSTIA \/ BILBAO-SAN SEBASTIAN<\/td><\/tr><tr><td>P.K.<\/td><td>75,300<\/td><\/tr><tr><td>ITURRIA \/ FUENTE<\/td><td>Euskal Trenbide Sarea (ETS) 2", "timestamp": null, "begin": null, "end": null, "altitudemo": "absolute", "tessellate": -1, "extrude": 0, "visibility": -1, "draworder": null, "icon": null }, "geometry": { "type": "MultiPoint", "coordinates": [ [ -253441.75633123185, 5354258.2840907555, 0.0 ] ] } },
{ "type": "Feature", "properties": { "id": 505, "name": "P.K. 75,400", "descriptio": "<html><body><table border=\"1\"><tr><th>Field Name<\/th><th>Field Value<\/th><\/tr><tr><td>LINEA \/ LÍNEA<\/td><td>BILBO-DONOSTIA \/ BILBAO-SAN SEBASTIAN<\/td><\/tr><tr><td>P.K.<\/td><td>75,400<\/td><\/tr><tr><td>ITURRIA \/ FUENTE<\/td><td>Euskal Trenbide Sarea (ETS) 2", "timestamp": null, "begin": null, "end": null, "altitudemo": "absolute", "tessellate": -1, "extrude": 0, "visibility": -1, "draworder": null, "icon": null }, "geometry": { "type": "MultiPoint", "coordinates": [ [ -253349.8073386086, 5354157.9247676292, 0.0 ] ] } },
{ "type": "Feature", "properties": { "id": 506, "name": "P.K. 75,500", "descriptio": "<html><body><table border=\"1\"><tr><th>Field Name<\/th><th>Field Value<\/th><\/tr><tr><td>LINEA \/ LÍNEA<\/td><td>BILBO-DONOSTIA \/ BILBAO-SAN SEBASTIAN<\/td><\/tr><tr><td>P.K.<\/td><td>75,500<\/td><\/tr><tr><td>ITURRIA \/ FUENTE<\/td><td>Euskal Trenbide Sarea (ETS) 2", "timestamp": null, "begin": null, "end": null, "altitudemo": "absolute", "tessellate": -1, "extrude": 0, "visibility": -1, "draworder": null, "icon": null }, "geometry": { "type": "MultiPoint", "coordinates": [ [ -253246.1729321256, 5354071.2278058613, 0.0 ] ] } },
{ "type": "Feature", "properties": { "id": 507, "name": "P.K. 90,600", "descriptio": "<html><body><table border=\"1\"><tr><th>Field Name<\/th><th>Field Value<\/th><\/tr><tr><td>LINEA \/ LÍNEA<\/td><td>BILBO-DONOSTIA \/ BILBAO-SAN SEBASTIAN<\/td><\/tr><tr><td>P.K.<\/td><td>90,600<\/td><\/tr><tr><td>ITURRIA \/ FUENTE<\/td><td>Euskal Trenbide Sarea (ETS) 2", "timestamp": null, "begin": null, "end": null, "altitudemo": "absolute", "tessellate": -1, "extrude": 0, "visibility": -1, "draworder": null, "icon": null }, "geometry": { "type": "MultiPoint", "coordinates": [ [ -236102.52546997598, 5353764.7475180067, 0.0 ] ] } },
{ "type": "Feature", "properties": { "id": 508, "name": "P.K. 90,700", "descriptio": "<html><body><table border=\"1\"><tr><th>Field Name<\/th><th>Field Value<\/th><\/tr><tr><td>LINEA \/ LÍNEA<\/td><td>BILBO-DONOSTIA \/ BILBAO-SAN SEBASTIAN<\/td><\/tr><tr><td>P.K.<\/td><td>90,700<\/td><\/tr><tr><td>ITURRIA \/ FUENTE<\/td><td>Euskal Trenbide Sarea (ETS) 2", "timestamp": null, "begin": null, "end": null, "altitudemo": "absolute", "tessellate": -1, "extrude": 0, "visibility": -1, "draworder": null, "icon": null }, "geometry": { "type": "MultiPoint", "coordinates": [ [ -235963.65994532156, 5353770.8975363718, 0.0 ] ] } },
{ "type": "Feature", "properties": { "id": 509, "name": "P.K. 90,800", "descriptio": "<html><body><table border=\"1\"><tr><th>Field Name<\/th><th>Field Value<\/th><\/tr><tr><td>LINEA \/ LÍNEA<\/td><td>BILBO-DONOSTIA \/ BILBAO-SAN SEBASTIAN<\/td><\/tr><tr><td>P.K.<\/td><td>90,800<\/td><\/tr><tr><td>ITURRIA \/ FUENTE<\/td><td>Euskal Trenbide Sarea (ETS) 2", "timestamp": null, "begin": null, "end": null, "altitudemo": "absolute", "tessellate": -1, "extrude": 0, "visibility": -1, "draworder": null, "icon": null }, "geometry": { "type": "MultiPoint", "coordinates": [ [ -235826.85778841798, 5353751.5406775372, 0.0 ] ] } },
{ "type": "Feature", "properties": { "id": 510, "name": "P.K. 90,900", "descriptio": "<html><body><table border=\"1\"><tr><th>Field Name<\/th><th>Field Value<\/th><\/tr><tr><td>LINEA \/ LÍNEA<\/td><td>BILBO-DONOSTIA \/ BILBAO-SAN SEBASTIAN<\/td><\/tr><tr><td>P.K.<\/td><td>90,900<\/td><\/tr><tr><td>ITURRIA \/ FUENTE<\/td><td>Euskal Trenbide Sarea (ETS) 2", "timestamp": null, "begin": null, "end": null, "altitudemo": "absolute", "tessellate": -1, "extrude": 0, "visibility": -1, "draworder": null, "icon": null }, "geometry": { "type": "MultiPoint", "coordinates": [ [ -235693.14583698541, 5353718.5380677655, 0.0 ] ] } },
{ "type": "Feature", "properties": { "id": 511, "name": "P.K. 91,000", "descriptio": "<html><body><table border=\"1\"><tr><th>Field Name<\/th><th>Field Value<\/th><\/tr><tr><td>LINEA \/ LÍNEA<\/td><td>BILBO-DONOSTIA \/ BILBAO-SAN SEBASTIAN<\/td><\/tr><tr><td>P.K.<\/td><td>91,000<\/td><\/tr><tr><td>ITURRIA \/ FUENTE<\/td><td>Euskal Trenbide Sarea (ETS) 2", "timestamp": null, "begin": null, "end": null, "altitudemo": "absolute", "tessellate": -1, "extrude": 0, "visibility": -1, "draworder": null, "icon": null }, "geometry": { "type": "MultiPoint", "coordinates": [ [ -235574.89025114675, 5353648.6047057966, 0.0 ] ] } },
{ "type": "Feature", "properties": { "id": 512, "name": "P.K. 91,100", "descriptio": "<html><body><table border=\"1\"><tr><th>Field Name<\/th><th>Field Value<\/th><\/tr><tr><td>LINEA \/ LÍNEA<\/td><td>BILBO-DONOSTIA \/ BILBAO-SAN SEBASTIAN<\/td><\/tr><tr><td>P.K.<\/td><td>91,100<\/td><\/tr><tr><td>ITURRIA \/ FUENTE<\/td><td>Euskal Trenbide Sarea (ETS) 2", "timestamp": null, "begin": null, "end": null, "altitudemo": "absolute", "tessellate": -1, "extrude": 0, "visibility": -1, "draworder": null, "icon": null }, "geometry": { "type": "MultiPoint", "coordinates": [ [ -235486.96303758575, 5353557.8079092233, 0.0 ] ] } },
{ "type": "Feature", "properties": { "id": 513, "name": "P.K. 91,300", "descriptio": "<html><body><table border=\"1\"><tr><th>Field Name<\/th><th>Field Value<\/th><\/tr><tr><td>LINEA \/ LÍNEA<\/td><td>BILBO-DONOSTIA \/ BILBAO-SAN SEBASTIAN<\/td><\/tr><tr><td>P.K.<\/td><td>91,300<\/td><\/tr><tr><td>ITURRIA \/ FUENTE<\/td><td>Euskal Trenbide Sarea (ETS) 2", "timestamp": null, "begin": null, "end": null, "altitudemo": "absolute", "tessellate": -1, "extrude": 0, "visibility": -1, "draworder": null, "icon": null }, "geometry": { "type": "MultiPoint", "coordinates": [ [ -235429.11698255831, 5353505.8698081542, 0.0 ] ] } },
{ "type": "Feature", "properties": { "id": 514, "name": "P.K. 91,400", "descriptio": "<html><body><table border=\"1\"><tr><th>Field Name<\/th><th>Field Value<\/th><\/tr><tr><td>LINEA \/ LÍNEA<\/td><td>BILBO-DONOSTIA \/ BILBAO-SAN SEBASTIAN<\/td><\/tr><tr><td>P.K.<\/td><td>91,400<\/td><\/tr><tr><td>ITURRIA \/ FUENTE<\/td><td>Euskal Trenbide Sarea (ETS) 2", "timestamp": null, "begin": null, "end": null, "altitudemo": "absolute", "tessellate": -1, "extrude": 0, "visibility": -1, "draworder": null, "icon": null }, "geometry": { "type": "MultiPoint", "coordinates": [ [ -235323.92812138502, 5353417.5914178388, 0.0 ] ] } },
{ "type": "Feature", "properties": { "id": 515, "name": "P.K. 91,500", "descriptio": "<html><body><table border=\"1\"><tr><th>Field Name<\/th><th>Field Value<\/th><\/tr><tr><td>LINEA \/ LÍNEA<\/td><td>BILBO-DONOSTIA \/ BILBAO-SAN SEBASTIAN<\/td><\/tr><tr><td>P.K.<\/td><td>91,500<\/td><\/tr><tr><td>ITURRIA \/ FUENTE<\/td><td>Euskal Trenbide Sarea (ETS) 2", "timestamp": null, "begin": null, "end": null, "altitudemo": "absolute", "tessellate": -1, "extrude": 0, "visibility": -1, "draworder": null, "icon": null }, "geometry": { "type": "MultiPoint", "coordinates": [ [ -235188.43022359876, 5353394.1206897618, 0.0 ] ] } },
{ "type": "Feature", "properties": { "id": 516, "name": "P.K. 91,600", "descriptio": "<html><body><table border=\"1\"><tr><th>Field Name<\/th><th>Field Value<\/th><\/tr><tr><td>LINEA \/ LÍNEA<\/td><td>BILBO-DONOSTIA \/ BILBAO-SAN SEBASTIAN<\/td><\/tr><tr><td>P.K.<\/td><td>91,600<\/td><\/tr><tr><td>ITURRIA \/ FUENTE<\/td><td>Euskal Trenbide Sarea (ETS) 2", "timestamp": null, "begin": null, "end": null, "altitudemo": "absolute", "tessellate": -1, "extrude": 0, "visibility": -1, "draworder": null, "icon": null }, "geometry": { "type": "MultiPoint", "coordinates": [ [ -235052.29001464849, 5353383.8503734898, 0.0 ] ] } },
{ "type": "Feature", "properties": { "id": 517, "name": "P.K. 91,700", "descriptio": "<html><body><table border=\"1\"><tr><th>Field Name<\/th><th>Field Value<\/th><\/tr><tr><td>LINEA \/ LÍNEA<\/td><td>BILBO-DONOSTIA \/ BILBAO-SAN SEBASTIAN<\/td><\/tr><tr><td>P.K.<\/td><td>91,700<\/td><\/tr><tr><td>ITURRIA \/ FUENTE<\/td><td>Euskal Trenbide Sarea (ETS) 2", "timestamp": null, "begin": null, "end": null, "altitudemo": "absolute", "tessellate": -1, "extrude": 0, "visibility": -1, "draworder": null, "icon": null }, "geometry": { "type": "MultiPoint", "coordinates": [ [ -234921.6824706675, 5353422.5126007283, 0.0 ] ] } },
{ "type": "Feature", "properties": { "id": 518, "name": "P.K. 91,800", "descriptio": "<html><body><table border=\"1\"><tr><th>Field Name<\/th><th>Field Value<\/th><\/tr><tr><td>LINEA \/ LÍNEA<\/td><td>BILBO-DONOSTIA \/ BILBAO-SAN SEBASTIAN<\/td><\/tr><tr><td>P.K.<\/td><td>91,800<\/td><\/tr><tr><td>ITURRIA \/ FUENTE<\/td><td>Euskal Trenbide Sarea (ETS) 2", "timestamp": null, "begin": null, "end": null, "altitudemo": "absolute", "tessellate": -1, "extrude": 0, "visibility": -1, "draworder": null, "icon": null }, "geometry": { "type": "MultiPoint", "coordinates": [ [ -234785.53390440266, 5353422.5243528876, 0.0 ] ] } },
{ "type": "Feature", "properties": { "id": 519, "name": "P.K. 91,900", "descriptio": "<html><body><table border=\"1\"><tr><th>Field Name<\/th><th>Field Value<\/th><\/tr><tr><td>LINEA \/ LÍNEA<\/td><td>BILBO-DONOSTIA \/ BILBAO-SAN SEBASTIAN<\/td><\/tr><tr><td>P.K.<\/td><td>91,900<\/td><\/tr><tr><td>ITURRIA \/ FUENTE<\/td><td>Euskal Trenbide Sarea (ETS) 2", "timestamp": null, "begin": null, "end": null, "altitudemo": "absolute", "tessellate": -1, "extrude": 0, "visibility": -1, "draworder": null, "icon": null }, "geometry": { "type": "MultiPoint", "coordinates": [ [ -234660.80796075863, 5353469.4288106347, 0.0 ] ] } },
{ "type": "Feature", "properties": { "id": 520, "name": "P.K. 92,000", "descriptio": "<html><body><table border=\"1\"><tr><th>Field Name<\/th><th>Field Value<\/th><\/tr><tr><td>LINEA \/ LÍNEA<\/td><td>BILBO-DONOSTIA \/ BILBAO-SAN SEBASTIAN<\/td><\/tr><tr><td>P.K.<\/td><td>92,000<\/td><\/tr><tr><td>ITURRIA \/ FUENTE<\/td><td>Euskal Trenbide Sarea (ETS) 2", "timestamp": null, "begin": null, "end": null, "altitudemo": "absolute", "tessellate": -1, "extrude": 0, "visibility": -1, "draworder": null, "icon": null }, "geometry": { "type": "MultiPoint", "coordinates": [ [ -234542.39755522221, 5353538.4655948719, 0.0 ] ] } },
{ "type": "Feature", "properties": { "id": 521, "name": "P.K. 92,100", "descriptio": "<html><body><table border=\"1\"><tr><th>Field Name<\/th><th>Field Value<\/th><\/tr><tr><td>LINEA \/ LÍNEA<\/td><td>BILBO-DONOSTIA \/ BILBAO-SAN SEBASTIAN<\/td><\/tr><tr><td>P.K.<\/td><td>92,100<\/td><\/tr><tr><td>ITURRIA \/ FUENTE<\/td><td>Euskal Trenbide Sarea (ETS) 2", "timestamp": null, "begin": null, "end": null, "altitudemo": "absolute", "tessellate": -1, "extrude": 0, "visibility": -1, "draworder": null, "icon": null }, "geometry": { "type": "MultiPoint", "coordinates": [ [ -234421.37446257725, 5353609.2479143413, 0.0 ] ] } },
{ "type": "Feature", "properties": { "id": 522, "name": "P.K. 92,200", "descriptio": "<html><body><table border=\"1\"><tr><th>Field Name<\/th><th>Field Value<\/th><\/tr><tr><td>LINEA \/ LÍNEA<\/td><td>BILBO-DONOSTIA \/ BILBAO-SAN SEBASTIAN<\/td><\/tr><tr><td>P.K.<\/td><td>92,200<\/td><\/tr><tr><td>ITURRIA \/ FUENTE<\/td><td>Euskal Trenbide Sarea (ETS) 2", "timestamp": null, "begin": null, "end": null, "altitudemo": "absolute", "tessellate": -1, "extrude": 0, "visibility": -1, "draworder": null, "icon": null }, "geometry": { "type": "MultiPoint", "coordinates": [ [ -234284.43828689854, 5353614.1887576096, 0.0 ] ] } },
{ "type": "Feature", "properties": { "id": 523, "name": "P.K. 92,300", "descriptio": "<html><body><table border=\"1\"><tr><th>Field Name<\/th><th>Field Value<\/th><\/tr><tr><td>LINEA \/ LÍNEA<\/td><td>BILBO-DONOSTIA \/ BILBAO-SAN SEBASTIAN<\/td><\/tr><tr><td>P.K.<\/td><td>92,300<\/td><\/tr><tr><td>ITURRIA \/ FUENTE<\/td><td>Euskal Trenbide Sarea (ETS) 2", "timestamp": null, "begin": null, "end": null, "altitudemo": "absolute", "tessellate": -1, "extrude": 0, "visibility": -1, "draworder": null, "icon": null }, "geometry": { "type": "MultiPoint", "coordinates": [ [ -234161.16042356368, 5353567.4134522984, 0.0 ] ] } },
{ "type": "Feature", "properties": { "id": 524, "name": "P.K. 92,400", "descriptio": "<html><body><table border=\"1\"><tr><th>Field Name<\/th><th>Field Value<\/th><\/tr><tr><td>LINEA \/ LÍNEA<\/td><td>BILBO-DONOSTIA \/ BILBAO-SAN SEBASTIAN<\/td><\/tr><tr><td>P.K.<\/td><td>92,400<\/td><\/tr><tr><td>ITURRIA \/ FUENTE<\/td><td>Euskal Trenbide Sarea (ETS) 2", "timestamp": null, "begin": null, "end": null, "altitudemo": "absolute", "tessellate": -1, "extrude": 0, "visibility": -1, "draworder": null, "icon": null }, "geometry": { "type": "MultiPoint", "coordinates": [ [ -234054.8484882846, 5353485.7554212743, 0.0 ] ] } },
{ "type": "Feature", "properties": { "id": 525, "name": "P.K. 92,500", "descriptio": "<html><body><table border=\"1\"><tr><th>Field Name<\/th><th>Field Value<\/th><\/tr><tr><td>LINEA \/ LÍNEA<\/td><td>BILBO-DONOSTIA \/ BILBAO-SAN SEBASTIAN<\/td><\/tr><tr><td>P.K.<\/td><td>92,500<\/td><\/tr><tr><td>ITURRIA \/ FUENTE<\/td><td>Euskal Trenbide Sarea (ETS) 2", "timestamp": null, "begin": null, "end": null, "altitudemo": "absolute", "tessellate": -1, "extrude": 0, "visibility": -1, "draworder": null, "icon": null }, "geometry": { "type": "MultiPoint", "coordinates": [ [ -233961.26172544918, 5353387.5263516586, 0.0 ] ] } },
{ "type": "Feature", "properties": { "id": 526, "name": "P.K. 92,600", "descriptio": "<html><body><table border=\"1\"><tr><th>Field Name<\/th><th>Field Value<\/th><\/tr><tr><td>LINEA \/ LÍNEA<\/td><td>BILBO-DONOSTIA \/ BILBAO-SAN SEBASTIAN<\/td><\/tr><tr><td>P.K.<\/td><td>92,600<\/td><\/tr><tr><td>ITURRIA \/ FUENTE<\/td><td>Euskal Trenbide Sarea (ETS) 2", "timestamp": null, "begin": null, "end": null, "altitudemo": "absolute", "tessellate": -1, "extrude": 0, "visibility": -1, "draworder": null, "icon": null }, "geometry": { "type": "MultiPoint", "coordinates": [ [ -233863.48477627378, 5353280.0593852587, 0.0 ] ] } },
{ "type": "Feature", "properties": { "id": 527, "name": "P.K. 92,700", "descriptio": "<html><body><table border=\"1\"><tr><th>Field Name<\/th><th>Field Value<\/th><\/tr><tr><td>LINEA \/ LÍNEA<\/td><td>BILBO-DONOSTIA \/ BILBAO-SAN SEBASTIAN<\/td><\/tr><tr><td>P.K.<\/td><td>92,700<\/td><\/tr><tr><td>ITURRIA \/ FUENTE<\/td><td>Euskal Trenbide Sarea (ETS) 2", "timestamp": null, "begin": null, "end": null, "altitudemo": "absolute", "tessellate": -1, "extrude": 0, "visibility": -1, "draworder": null, "icon": null }, "geometry": { "type": "MultiPoint", "coordinates": [ [ -233745.79770370977, 5353219.5104631642, 0.0 ] ] } },
{ "type": "Feature", "properties": { "id": 528, "name": "P.K. 92,800", "descriptio": "<html><body><table border=\"1\"><tr><th>Field Name<\/th><th>Field Value<\/th><\/tr><tr><td>LINEA \/ LÍNEA<\/td><td>BILBO-DONOSTIA \/ BILBAO-SAN SEBASTIAN<\/td><\/tr><tr><td>P.K.<\/td><td>92,800<\/td><\/tr><tr><td>ITURRIA \/ FUENTE<\/td><td>Euskal Trenbide Sarea (ETS) 2", "timestamp": null, "begin": null, "end": null, "altitudemo": "absolute", "tessellate": -1, "extrude": 0, "visibility": -1, "draworder": null, "icon": null }, "geometry": { "type": "MultiPoint", "coordinates": [ [ -233617.55390719211, 5353168.3820172064, 0.0 ] ] } },
{ "type": "Feature", "properties": { "id": 529, "name": "P.K. 92,900", "descriptio": "<html><body><table border=\"1\"><tr><th>Field Name<\/th><th>Field Value<\/th><\/tr><tr><td>LINEA \/ LÍNEA<\/td><td>BILBO-DONOSTIA \/ BILBAO-SAN SEBASTIAN<\/td><\/tr><tr><td>P.K.<\/td><td>92,900<\/td><\/tr><tr><td>ITURRIA \/ FUENTE<\/td><td>Euskal Trenbide Sarea (ETS) 2", "timestamp": null, "begin": null, "end": null, "altitudemo": "absolute", "tessellate": -1, "extrude": 0, "visibility": -1, "draworder": null, "icon": null }, "geometry": { "type": "MultiPoint", "coordinates": [ [ -233489.85888469825, 5353118.1295808153, 0.0 ] ] } },
{ "type": "Feature", "properties": { "id": 530, "name": "P.K. 93,000", "descriptio": "<html><body><table border=\"1\"><tr><th>Field Name<\/th><th>Field Value<\/th><\/tr><tr><td>LINEA \/ LÍNEA<\/td><td>BILBO-DONOSTIA \/ BILBAO-SAN SEBASTIAN<\/td><\/tr><tr><td>P.K.<\/td><td>93,000<\/td><\/tr><tr><td>ITURRIA \/ FUENTE<\/td><td>Euskal Trenbide Sarea (ETS) 2", "timestamp": null, "begin": null, "end": null, "altitudemo": "absolute", "tessellate": -1, "extrude": 0, "visibility": -1, "draworder": null, "icon": null }, "geometry": { "type": "MultiPoint", "coordinates": [ [ -233352.02629576257, 5353107.2942387229, 0.0 ] ] } },
{ "type": "Feature", "properties": { "id": 531, "name": "P.K. 93,100", "descriptio": "<html><body><table border=\"1\"><tr><th>Field Name<\/th><th>Field Value<\/th><\/tr><tr><td>LINEA \/ LÍNEA<\/td><td>BILBO-DONOSTIA \/ BILBAO-SAN SEBASTIAN<\/td><\/tr><tr><td>P.K.<\/td><td>93,100<\/td><\/tr><tr><td>ITURRIA \/ FUENTE<\/td><td>Euskal Trenbide Sarea (ETS) 2", "timestamp": null, "begin": null, "end": null, "altitudemo": "absolute", "tessellate": -1, "extrude": 0, "visibility": -1, "draworder": null, "icon": null }, "geometry": { "type": "MultiPoint", "coordinates": [ [ -233218.99629221411, 5353108.1386875138, 0.0 ] ] } },
{ "type": "Feature", "properties": { "id": 532, "name": "P.K. 93,200", "descriptio": "<html><body><table border=\"1\"><tr><th>Field Name<\/th><th>Field Value<\/th><\/tr><tr><td>LINEA \/ LÍNEA<\/td><td>BILBO-DONOSTIA \/ BILBAO-SAN SEBASTIAN<\/td><\/tr><tr><td>P.K.<\/td><td>93,200<\/td><\/tr><tr><td>ITURRIA \/ FUENTE<\/td><td>Euskal Trenbide Sarea (ETS) 2", "timestamp": null, "begin": null, "end": null, "altitudemo": "absolute", "tessellate": -1, "extrude": 0, "visibility": -1, "draworder": null, "icon": null }, "geometry": { "type": "MultiPoint", "coordinates": [ [ -233082.14709384408, 5353111.8360046884, 0.0 ] ] } },
{ "type": "Feature", "properties": { "id": 533, "name": "P.K. 93,300", "descriptio": "<html><body><table border=\"1\"><tr><th>Field Name<\/th><th>Field Value<\/th><\/tr><tr><td>LINEA \/ LÍNEA<\/td><td>BILBO-DONOSTIA \/ BILBAO-SAN SEBASTIAN<\/td><\/tr><tr><td>P.K.<\/td><td>93,300<\/td><\/tr><tr><td>ITURRIA \/ FUENTE<\/td><td>Euskal Trenbide Sarea (ETS) 2", "timestamp": null, "begin": null, "end": null, "altitudemo": "absolute", "tessellate": -1, "extrude": 0, "visibility": -1, "draworder": null, "icon": null }, "geometry": { "type": "MultiPoint", "coordinates": [ [ -232965.61593004808, 5353185.130255173, 0.0 ] ] } },
{ "type": "Feature", "properties": { "id": 534, "name": "P.K. 93,400", "descriptio": "<html><body><table border=\"1\"><tr><th>Field Name<\/th><th>Field Value<\/th><\/tr><tr><td>LINEA \/ LÍNEA<\/td><td>BILBO-DONOSTIA \/ BILBAO-SAN SEBASTIAN<\/td><\/tr><tr><td>P.K.<\/td><td>93,400<\/td><\/tr><tr><td>ITURRIA \/ FUENTE<\/td><td>Euskal Trenbide Sarea (ETS) 2", "timestamp": null, "begin": null, "end": null, "altitudemo": "absolute", "tessellate": -1, "extrude": 0, "visibility": -1, "draworder": null, "icon": null }, "geometry": { "type": "MultiPoint", "coordinates": [ [ -232889.76940044769, 5353300.3546470124, 0.0 ] ] } },
{ "type": "Feature", "properties": { "id": 535, "name": "P.K. 93,500", "descriptio": "<html><body><table border=\"1\"><tr><th>Field Name<\/th><th>Field Value<\/th><\/tr><tr><td>LINEA \/ LÍNEA<\/td><td>BILBO-DONOSTIA \/ BILBAO-SAN SEBASTIAN<\/td><\/tr><tr><td>P.K.<\/td><td>93,500<\/td><\/tr><tr><td>ITURRIA \/ FUENTE<\/td><td>Euskal Trenbide Sarea (ETS) 2", "timestamp": null, "begin": null, "end": null, "altitudemo": "absolute", "tessellate": -1, "extrude": 0, "visibility": -1, "draworder": null, "icon": null }, "geometry": { "type": "MultiPoint", "coordinates": [ [ -232830.92909421027, 5353418.4096987285, 0.0 ] ] } },
{ "type": "Feature", "properties": { "id": 536, "name": "P.K. 93,600", "descriptio": "<html><body><table border=\"1\"><tr><th>Field Name<\/th><th>Field Value<\/th><\/tr><tr><td>LINEA \/ LÍNEA<\/td><td>BILBO-DONOSTIA \/ BILBAO-SAN SEBASTIAN<\/td><\/tr><tr><td>P.K.<\/td><td>93,600<\/td><\/tr><tr><td>ITURRIA \/ FUENTE<\/td><td>Euskal Trenbide Sarea (ETS) 2", "timestamp": null, "begin": null, "end": null, "altitudemo": "absolute", "tessellate": -1, "extrude": 0, "visibility": -1, "draworder": null, "icon": null }, "geometry": { "type": "MultiPoint", "coordinates": [ [ -232803.58443509295, 5353554.1316304598, 0.0 ] ] } },
{ "type": "Feature", "properties": { "id": 537, "name": "P.K. 93,700", "descriptio": "<html><body><table border=\"1\"><tr><th>Field Name<\/th><th>Field Value<\/th><\/tr><tr><td>LINEA \/ LÍNEA<\/td><td>BILBO-DONOSTIA \/ BILBAO-SAN SEBASTIAN<\/td><\/tr><tr><td>P.K.<\/td><td>93,700<\/td><\/tr><tr><td>ITURRIA \/ FUENTE<\/td><td>Euskal Trenbide Sarea (ETS) 2", "timestamp": null, "begin": null, "end": null, "altitudemo": "absolute", "tessellate": -1, "extrude": 0, "visibility": -1, "draworder": null, "icon": null }, "geometry": { "type": "MultiPoint", "coordinates": [ [ -232821.97547689444, 5353686.1787252212, 0.0 ] ] } },
{ "type": "Feature", "properties": { "id": 538, "name": "P.K. 93,800", "descriptio": "<html><body><table border=\"1\"><tr><th>Field Name<\/th><th>Field Value<\/th><\/tr><tr><td>LINEA \/ LÍNEA<\/td><td>BILBO-DONOSTIA \/ BILBAO-SAN SEBASTIAN<\/td><\/tr><tr><td>P.K.<\/td><td>93,800<\/td><\/tr><tr><td>ITURRIA \/ FUENTE<\/td><td>Euskal Trenbide Sarea (ETS) 2", "timestamp": null, "begin": null, "end": null, "altitudemo": "absolute", "tessellate": -1, "extrude": 0, "visibility": -1, "draworder": null, "icon": null }, "geometry": { "type": "MultiPoint", "coordinates": [ [ -232852.88440349122, 5353821.7306036269, 0.0 ] ] } },
{ "type": "Feature", "properties": { "id": 539, "name": "P.K. 93,900", "descriptio": "<html><body><table border=\"1\"><tr><th>Field Name<\/th><th>Field Value<\/th><\/tr><tr><td>LINEA \/ LÍNEA<\/td><td>BILBO-DONOSTIA \/ BILBAO-SAN SEBASTIAN<\/td><\/tr><tr><td>P.K.<\/td><td>93,900<\/td><\/tr><tr><td>ITURRIA \/ FUENTE<\/td><td>Euskal Trenbide Sarea (ETS) 2", "timestamp": null, "begin": null, "end": null, "altitudemo": "absolute", "tessellate": -1, "extrude": 0, "visibility": -1, "draworder": null, "icon": null }, "geometry": { "type": "MultiPoint", "coordinates": [ [ -232884.89894259634, 5353958.1235539019, 0.0 ] ] } },
{ "type": "Feature", "properties": { "id": 540, "name": "P.K. 94,000", "descriptio": "<html><body><table border=\"1\"><tr><th>Field Name<\/th><th>Field Value<\/th><\/tr><tr><td>LINEA \/ LÍNEA<\/td><td>BILBO-DONOSTIA \/ BILBAO-SAN SEBASTIAN<\/td><\/tr><tr><td>P.K.<\/td><td>94,000<\/td><\/tr><tr><td>ITURRIA \/ FUENTE<\/td><td>Euskal Trenbide Sarea (ETS) 2", "timestamp": null, "begin": null, "end": null, "altitudemo": "absolute", "tessellate": -1, "extrude": 0, "visibility": -1, "draworder": null, "icon": null }, "geometry": { "type": "MultiPoint", "coordinates": [ [ -232907.61667613682, 5354096.7742450386, 0.0 ] ] } },
{ "type": "Feature", "properties": { "id": 541, "name": "P.K. 94,100", "descriptio": "<html><body><table border=\"1\"><tr><th>Field Name<\/th><th>Field Value<\/th><\/tr><tr><td>LINEA \/ LÍNEA<\/td><td>BILBO-DONOSTIA \/ BILBAO-SAN SEBASTIAN<\/td><\/tr><tr><td>P.K.<\/td><td>94,100<\/td><\/tr><tr><td>ITURRIA \/ FUENTE<\/td><td>Euskal Trenbide Sarea (ETS) 2", "timestamp": null, "begin": null, "end": null, "altitudemo": "absolute", "tessellate": -1, "extrude": 0, "visibility": -1, "draworder": null, "icon": null }, "geometry": { "type": "MultiPoint", "coordinates": [ [ -232861.56027173658, 5354220.2984129377, 0.0 ] ] } },
{ "type": "Feature", "properties": { "id": 542, "name": "P.K. 94,200", "descriptio": "<html><body><table border=\"1\"><tr><th>Field Name<\/th><th>Field Value<\/th><\/tr><tr><td>LINEA \/ LÍNEA<\/td><td>BILBO-DONOSTIA \/ BILBAO-SAN SEBASTIAN<\/td><\/tr><tr><td>P.K.<\/td><td>94,200<\/td><\/tr><tr><td>ITURRIA \/ FUENTE<\/td><td>Euskal Trenbide Sarea (ETS) 2", "timestamp": null, "begin": null, "end": null, "altitudemo": "absolute", "tessellate": -1, "extrude": 0, "visibility": -1, "draworder": null, "icon": null }, "geometry": { "type": "MultiPoint", "coordinates": [ [ -232749.27364890283, 5354292.0838107439, 0.0 ] ] } },
{ "type": "Feature", "properties": { "id": 543, "name": "P.K. 94,300", "descriptio": "<html><body><table border=\"1\"><tr><th>Field Name<\/th><th>Field Value<\/th><\/tr><tr><td>LINEA \/ LÍNEA<\/td><td>BILBO-DONOSTIA \/ BILBAO-SAN SEBASTIAN<\/td><\/tr><tr><td>P.K.<\/td><td>94,300<\/td><\/tr><tr><td>ITURRIA \/ FUENTE<\/td><td>Euskal Trenbide Sarea (ETS) 2", "timestamp": null, "begin": null, "end": null, "altitudemo": "absolute", "tessellate": -1, "extrude": 0, "visibility": -1, "draworder": null, "icon": null }, "geometry": { "type": "MultiPoint", "coordinates": [ [ -232616.97307264598, 5354281.7904224833, 0.0 ] ] } },
{ "type": "Feature", "properties": { "id": 544, "name": "P.K. 94,400", "descriptio": "<html><body><table border=\"1\"><tr><th>Field Name<\/th><th>Field Value<\/th><\/tr><tr><td>LINEA \/ LÍNEA<\/td><td>BILBO-DONOSTIA \/ BILBAO-SAN SEBASTIAN<\/td><\/tr><tr><td>P.K.<\/td><td>94,400<\/td><\/tr><tr><td>ITURRIA \/ FUENTE<\/td><td>Euskal Trenbide Sarea (ETS) 2", "timestamp": null, "begin": null, "end": null, "altitudemo": "absolute", "tessellate": -1, "extrude": 0, "visibility": -1, "draworder": null, "icon": null }, "geometry": { "type": "MultiPoint", "coordinates": [ [ -232500.44668832337, 5354207.9064606726, 0.0 ] ] } },
{ "type": "Feature", "properties": { "id": 545, "name": "P.K. 94,500", "descriptio": "<html><body><table border=\"1\"><tr><th>Field Name<\/th><th>Field Value<\/th><\/tr><tr><td>LINEA \/ LÍNEA<\/td><td>BILBO-DONOSTIA \/ BILBAO-SAN SEBASTIAN<\/td><\/tr><tr><td>P.K.<\/td><td>94,500<\/td><\/tr><tr><td>ITURRIA \/ FUENTE<\/td><td>Euskal Trenbide Sarea (ETS) 2", "timestamp": null, "begin": null, "end": null, "altitudemo": "absolute", "tessellate": -1, "extrude": 0, "visibility": -1, "draworder": null, "icon": null }, "geometry": { "type": "MultiPoint", "coordinates": [ [ -232384.12882260024, 5354134.8614083827, 0.0 ] ] } },
{ "type": "Feature", "properties": { "id": 546, "name": "P.K. 94,600", "descriptio": "<html><body><table border=\"1\"><tr><th>Field Name<\/th><th>Field Value<\/th><\/tr><tr><td>LINEA \/ LÍNEA<\/td><td>BILBO-DONOSTIA \/ BILBAO-SAN SEBASTIAN<\/td><\/tr><tr><td>P.K.<\/td><td>94,600<\/td><\/tr><tr><td>ITURRIA \/ FUENTE<\/td><td>Euskal Trenbide Sarea (ETS) 2", "timestamp": null, "begin": null, "end": null, "altitudemo": "absolute", "tessellate": -1, "extrude": 0, "visibility": -1, "draworder": null, "icon": null }, "geometry": { "type": "MultiPoint", "coordinates": [ [ -232259.44179685414, 5354089.2103016246, 0.0 ] ] } },
{ "type": "Feature", "properties": { "id": 547, "name": "P.K. 94,700", "descriptio": "<html><body><table border=\"1\"><tr><th>Field Name<\/th><th>Field Value<\/th><\/tr><tr><td>LINEA \/ LÍNEA<\/td><td>BILBO-DONOSTIA \/ BILBAO-SAN SEBASTIAN<\/td><\/tr><tr><td>P.K.<\/td><td>94,700<\/td><\/tr><tr><td>ITURRIA \/ FUENTE<\/td><td>Euskal Trenbide Sarea (ETS) 2", "timestamp": null, "begin": null, "end": null, "altitudemo": "absolute", "tessellate": -1, "extrude": 0, "visibility": -1, "draworder": null, "icon": null }, "geometry": { "type": "MultiPoint", "coordinates": [ [ -232125.89364803693, 5354061.9210483218, 0.0 ] ] } },
{ "type": "Feature", "properties": { "id": 548, "name": "P.K. 94,800", "descriptio": "<html><body><table border=\"1\"><tr><th>Field Name<\/th><th>Field Value<\/th><\/tr><tr><td>LINEA \/ LÍNEA<\/td><td>BILBO-DONOSTIA \/ BILBAO-SAN SEBASTIAN<\/td><\/tr><tr><td>P.K.<\/td><td>94,800<\/td><\/tr><tr><td>ITURRIA \/ FUENTE<\/td><td>Euskal Trenbide Sarea (ETS) 2", "timestamp": null, "begin": null, "end": null, "altitudemo": "absolute", "tessellate": -1, "extrude": 0, "visibility": -1, "draworder": null, "icon": null }, "geometry": { "type": "MultiPoint", "coordinates": [ [ -231988.88960270953, 5354076.4312508581, 0.0 ] ] } },
{ "type": "Feature", "properties": { "id": 549, "name": "P.K. 94,900", "descriptio": "<html><body><table border=\"1\"><tr><th>Field Name<\/th><th>Field Value<\/th><\/tr><tr><td>LINEA \/ LÍNEA<\/td><td>BILBO-DONOSTIA \/ BILBAO-SAN SEBASTIAN<\/td><\/tr><tr><td>P.K.<\/td><td>94,900<\/td><\/tr><tr><td>ITURRIA \/ FUENTE<\/td><td>Euskal Trenbide Sarea (ETS) 2", "timestamp": null, "begin": null, "end": null, "altitudemo": "absolute", "tessellate": -1, "extrude": 0, "visibility": -1, "draworder": null, "icon": null }, "geometry": { "type": "MultiPoint", "coordinates": [ [ -231860.3820413083, 5354119.4484078754, 0.0 ] ] } },
{ "type": "Feature", "properties": { "id": 550, "name": "P.K. 95,000", "descriptio": "<html><body><table border=\"1\"><tr><th>Field Name<\/th><th>Field Value<\/th><\/tr><tr><td>LINEA \/ LÍNEA<\/td><td>BILBO-DONOSTIA \/ BILBAO-SAN SEBASTIAN<\/td><\/tr><tr><td>P.K.<\/td><td>95,000<\/td><\/tr><tr><td>ITURRIA \/ FUENTE<\/td><td>Euskal Trenbide Sarea (ETS) 2", "timestamp": null, "begin": null, "end": null, "altitudemo": "absolute", "tessellate": -1, "extrude": 0, "visibility": -1, "draworder": null, "icon": null }, "geometry": { "type": "MultiPoint", "coordinates": [ [ -231723.04992925437, 5354128.9873851566, 0.0 ] ] } },
{ "type": "Feature", "properties": { "id": 551, "name": "P.K. 95,100", "descriptio": "<html><body><table border=\"1\"><tr><th>Field Name<\/th><th>Field Value<\/th><\/tr><tr><td>LINEA \/ LÍNEA<\/td><td>BILBO-DONOSTIA \/ BILBAO-SAN SEBASTIAN<\/td><\/tr><tr><td>P.K.<\/td><td>95,100<\/td><\/tr><tr><td>ITURRIA \/ FUENTE<\/td><td>Euskal Trenbide Sarea (ETS) 2", "timestamp": null, "begin": null, "end": null, "altitudemo": "absolute", "tessellate": -1, "extrude": 0, "visibility": -1, "draworder": null, "icon": null }, "geometry": { "type": "MultiPoint", "coordinates": [ [ -231596.90263254405, 5354086.582962851, 0.0 ] ] } },
{ "type": "Feature", "properties": { "id": 552, "name": "P.K. 95,200", "descriptio": "<html><body><table border=\"1\"><tr><th>Field Name<\/th><th>Field Value<\/th><\/tr><tr><td>LINEA \/ LÍNEA<\/td><td>BILBO-DONOSTIA \/ BILBAO-SAN SEBASTIAN<\/td><\/tr><tr><td>P.K.<\/td><td>95,200<\/td><\/tr><tr><td>ITURRIA \/ FUENTE<\/td><td>Euskal Trenbide Sarea (ETS) 2", "timestamp": null, "begin": null, "end": null, "altitudemo": "absolute", "tessellate": -1, "extrude": 0, "visibility": -1, "draworder": null, "icon": null }, "geometry": { "type": "MultiPoint", "coordinates": [ [ -231509.68433769888, 5353973.6676270841, 0.0 ] ] } },
{ "type": "Feature", "properties": { "id": 553, "name": "P.K. 95,300", "descriptio": "<html><body><table border=\"1\"><tr><th>Field Name<\/th><th>Field Value<\/th><\/tr><tr><td>LINEA \/ LÍNEA<\/td><td>BILBO-DONOSTIA \/ BILBAO-SAN SEBASTIAN<\/td><\/tr><tr><td>P.K.<\/td><td>95,300<\/td><\/tr><tr><td>ITURRIA \/ FUENTE<\/td><td>Euskal Trenbide Sarea (ETS) 2", "timestamp": null, "begin": null, "end": null, "altitudemo": "absolute", "tessellate": -1, "extrude": 0, "visibility": -1, "draworder": null, "icon": null }, "geometry": { "type": "MultiPoint", "coordinates": [ [ -231481.66084969963, 5353835.8089179453, 0.0 ] ] } },
{ "type": "Feature", "properties": { "id": 554, "name": "P.K. 95,400", "descriptio": "<html><body><table border=\"1\"><tr><th>Field Name<\/th><th>Field Value<\/th><\/tr><tr><td>LINEA \/ LÍNEA<\/td><td>BILBO-DONOSTIA \/ BILBAO-SAN SEBASTIAN<\/td><\/tr><tr><td>P.K.<\/td><td>95,400<\/td><\/tr><tr><td>ITURRIA \/ FUENTE<\/td><td>Euskal Trenbide Sarea (ETS) 2", "timestamp": null, "begin": null, "end": null, "altitudemo": "absolute", "tessellate": -1, "extrude": 0, "visibility": -1, "draworder": null, "icon": null }, "geometry": { "type": "MultiPoint", "coordinates": [ [ -231463.90079033934, 5353697.9450205695, 0.0 ] ] } },
{ "type": "Feature", "properties": { "id": 555, "name": "P.K. 95,500", "descriptio": "<html><body><table border=\"1\"><tr><th>Field Name<\/th><th>Field Value<\/th><\/tr><tr><td>LINEA \/ LÍNEA<\/td><td>BILBO-DONOSTIA \/ BILBAO-SAN SEBASTIAN<\/td><\/tr><tr><td>P.K.<\/td><td>95,500<\/td><\/tr><tr><td>ITURRIA \/ FUENTE<\/td><td>Euskal Trenbide Sarea (ETS) 2", "timestamp": null, "begin": null, "end": null, "altitudemo": "absolute", "tessellate": -1, "extrude": 0, "visibility": -1, "draworder": null, "icon": null }, "geometry": { "type": "MultiPoint", "coordinates": [ [ -231445.75593733302, 5353568.7626227466, 0.0 ] ] } },
{ "type": "Feature", "properties": { "id": 556, "name": "P.K. 95,600", "descriptio": "<html><body><table border=\"1\"><tr><th>Field Name<\/th><th>Field Value<\/th><\/tr><tr><td>LINEA \/ LÍNEA<\/td><td>BILBO-DONOSTIA \/ BILBAO-SAN SEBASTIAN<\/td><\/tr><tr><td>P.K.<\/td><td>95,600<\/td><\/tr><tr><td>ITURRIA \/ FUENTE<\/td><td>Euskal Trenbide Sarea (ETS) 2", "timestamp": null, "begin": null, "end": null, "altitudemo": "absolute", "tessellate": -1, "extrude": 0, "visibility": -1, "draworder": null, "icon": null }, "geometry": { "type": "MultiPoint", "coordinates": [ [ -231417.2707031469, 5353437.2830595067, 0.0 ] ] } },
{ "type": "Feature", "properties": { "id": 557, "name": "P.K. 95,700", "descriptio": "<html><body><table border=\"1\"><tr><th>Field Name<\/th><th>Field Value<\/th><\/tr><tr><td>LINEA \/ LÍNEA<\/td><td>BILBO-DONOSTIA \/ BILBAO-SAN SEBASTIAN<\/td><\/tr><tr><td>P.K.<\/td><td>95,700<\/td><\/tr><tr><td>ITURRIA \/ FUENTE<\/td><td>Euskal Trenbide Sarea (ETS) 2", "timestamp": null, "begin": null, "end": null, "altitudemo": "absolute", "tessellate": -1, "extrude": 0, "visibility": -1, "draworder": null, "icon": null }, "geometry": { "type": "MultiPoint", "coordinates": [ [ -231355.29128032911, 5353317.6446598247, 0.0 ] ] } },
{ "type": "Feature", "properties": { "id": 558, "name": "P.K. 95,800", "descriptio": "<html><body><table border=\"1\"><tr><th>Field Name<\/th><th>Field Value<\/th><\/tr><tr><td>LINEA \/ LÍNEA<\/td><td>BILBO-DONOSTIA \/ BILBAO-SAN SEBASTIAN<\/td><\/tr><tr><td>P.K.<\/td><td>95,800<\/td><\/tr><tr><td>ITURRIA \/ FUENTE<\/td><td>Euskal Trenbide Sarea (ETS) 2", "timestamp": null, "begin": null, "end": null, "altitudemo": "absolute", "tessellate": -1, "extrude": 0, "visibility": -1, "draworder": null, "icon": null }, "geometry": { "type": "MultiPoint", "coordinates": [ [ -231335.30867730157, 5353174.4370929431, 0.0 ] ] } },
{ "type": "Feature", "properties": { "id": 559, "name": "P.K. 95,900", "descriptio": "<html><body><table border=\"1\"><tr><th>Field Name<\/th><th>Field Value<\/th><\/tr><tr><td>LINEA \/ LÍNEA<\/td><td>BILBO-DONOSTIA \/ BILBAO-SAN SEBASTIAN<\/td><\/tr><tr><td>P.K.<\/td><td>95,900<\/td><\/tr><tr><td>ITURRIA \/ FUENTE<\/td><td>Euskal Trenbide Sarea (ETS) 2", "timestamp": null, "begin": null, "end": null, "altitudemo": "absolute", "tessellate": -1, "extrude": 0, "visibility": -1, "draworder": null, "icon": null }, "geometry": { "type": "MultiPoint", "coordinates": [ [ -231332.17402123963, 5353036.0009967163, 0.0 ] ] } },
{ "type": "Feature", "properties": { "id": 560, "name": "P.K. 96,000", "descriptio": "<html><body><table border=\"1\"><tr><th>Field Name<\/th><th>Field Value<\/th><\/tr><tr><td>LINEA \/ LÍNEA<\/td><td>BILBO-DONOSTIA \/ BILBAO-SAN SEBASTIAN<\/td><\/tr><tr><td>P.K.<\/td><td>96,000<\/td><\/tr><tr><td>ITURRIA \/ FUENTE<\/td><td>Euskal Trenbide Sarea (ETS) 2", "timestamp": null, "begin": null, "end": null, "altitudemo": "absolute", "tessellate": -1, "extrude": 0, "visibility": -1, "draworder": null, "icon": null }, "geometry": { "type": "MultiPoint", "coordinates": [ [ -231262.42481816848, 5352919.0442323592, 0.0 ] ] } },
{ "type": "Feature", "properties": { "id": 561, "name": "P.K. 96,100", "descriptio": "<html><body><table border=\"1\"><tr><th>Field Name<\/th><th>Field Value<\/th><\/tr><tr><td>LINEA \/ LÍNEA<\/td><td>BILBO-DONOSTIA \/ BILBAO-SAN SEBASTIAN<\/td><\/tr><tr><td>P.K.<\/td><td>96,100<\/td><\/tr><tr><td>ITURRIA \/ FUENTE<\/td><td>Euskal Trenbide Sarea (ETS) 2", "timestamp": null, "begin": null, "end": null, "altitudemo": "absolute", "tessellate": -1, "extrude": 0, "visibility": -1, "draworder": null, "icon": null }, "geometry": { "type": "MultiPoint", "coordinates": [ [ -231167.87541407978, 5352819.6522136787, 0.0 ] ] } },
{ "type": "Feature", "properties": { "id": 562, "name": "P.K. 96,200", "descriptio": "<html><body><table border=\"1\"><tr><th>Field Name<\/th><th>Field Value<\/th><\/tr><tr><td>LINEA \/ LÍNEA<\/td><td>BILBO-DONOSTIA \/ BILBAO-SAN SEBASTIAN<\/td><\/tr><tr><td>P.K.<\/td><td>96,200<\/td><\/tr><tr><td>ITURRIA \/ FUENTE<\/td><td>Euskal Trenbide Sarea (ETS) 2", "timestamp": null, "begin": null, "end": null, "altitudemo": "absolute", "tessellate": -1, "extrude": 0, "visibility": -1, "draworder": null, "icon": null }, "geometry": { "type": "MultiPoint", "coordinates": [ [ -231035.78935521678, 5352790.0458172373, 0.0 ] ] } },
{ "type": "Feature", "properties": { "id": 563, "name": "P.K. 96,300", "descriptio": "<html><body><table border=\"1\"><tr><th>Field Name<\/th><th>Field Value<\/th><\/tr><tr><td>LINEA \/ LÍNEA<\/td><td>BILBO-DONOSTIA \/ BILBAO-SAN SEBASTIAN<\/td><\/tr><tr><td>P.K.<\/td><td>96,300<\/td><\/tr><tr><td>ITURRIA \/ FUENTE<\/td><td>Euskal Trenbide Sarea (ETS) 2", "timestamp": null, "begin": null, "end": null, "altitudemo": "absolute", "tessellate": -1, "extrude": 0, "visibility": -1, "draworder": null, "icon": null }, "geometry": { "type": "MultiPoint", "coordinates": [ [ -230898.13150786402, 5352785.3445878616, 0.0 ] ] } },
{ "type": "Feature", "properties": { "id": 564, "name": "P.K. 96,400", "descriptio": "<html><body><table border=\"1\"><tr><th>Field Name<\/th><th>Field Value<\/th><\/tr><tr><td>LINEA \/ LÍNEA<\/td><td>BILBO-DONOSTIA \/ BILBAO-SAN SEBASTIAN<\/td><\/tr><tr><td>P.K.<\/td><td>96,400<\/td><\/tr><tr><td>ITURRIA \/ FUENTE<\/td><td>Euskal Trenbide Sarea (ETS) 2", "timestamp": null, "begin": null, "end": null, "altitudemo": "absolute", "tessellate": -1, "extrude": 0, "visibility": -1, "draworder": null, "icon": null }, "geometry": { "type": "MultiPoint", "coordinates": [ [ -230771.19660188424, 5352795.6174904462, 0.0 ] ] } },
{ "type": "Feature", "properties": { "id": 565, "name": "P.K. 96,500", "descriptio": "<html><body><table border=\"1\"><tr><th>Field Name<\/th><th>Field Value<\/th><\/tr><tr><td>LINEA \/ LÍNEA<\/td><td>BILBO-DONOSTIA \/ BILBAO-SAN SEBASTIAN<\/td><\/tr><tr><td>P.K.<\/td><td>96,500<\/td><\/tr><tr><td>ITURRIA \/ FUENTE<\/td><td>Euskal Trenbide Sarea (ETS) 2", "timestamp": null, "begin": null, "end": null, "altitudemo": "absolute", "tessellate": -1, "extrude": 0, "visibility": -1, "draworder": null, "icon": null }, "geometry": { "type": "MultiPoint", "coordinates": [ [ -230635.46087838992, 5352811.7643669294, 0.0 ] ] } },
{ "type": "Feature", "properties": { "id": 566, "name": "P.K. 96,600", "descriptio": "<html><body><table border=\"1\"><tr><th>Field Name<\/th><th>Field Value<\/th><\/tr><tr><td>LINEA \/ LÍNEA<\/td><td>BILBO-DONOSTIA \/ BILBAO-SAN SEBASTIAN<\/td><\/tr><tr><td>P.K.<\/td><td>96,600<\/td><\/tr><tr><td>ITURRIA \/ FUENTE<\/td><td>Euskal Trenbide Sarea (ETS) 2", "timestamp": null, "begin": null, "end": null, "altitudemo": "absolute", "tessellate": -1, "extrude": 0, "visibility": -1, "draworder": null, "icon": null }, "geometry": { "type": "MultiPoint", "coordinates": [ [ -230502.81625812955, 5352836.9352239771, 0.0 ] ] } },
{ "type": "Feature", "properties": { "id": 567, "name": "P.K. 96,700", "descriptio": "<html><body><table border=\"1\"><tr><th>Field Name<\/th><th>Field Value<\/th><\/tr><tr><td>LINEA \/ LÍNEA<\/td><td>BILBO-DONOSTIA \/ BILBAO-SAN SEBASTIAN<\/td><\/tr><tr><td>P.K.<\/td><td>96,700<\/td><\/tr><tr><td>ITURRIA \/ FUENTE<\/td><td>Euskal Trenbide Sarea (ETS) 2", "timestamp": null, "begin": null, "end": null, "altitudemo": "absolute", "tessellate": -1, "extrude": 0, "visibility": -1, "draworder": null, "icon": null }, "geometry": { "type": "MultiPoint", "coordinates": [ [ -230377.4719212098, 5352887.1537258867, 0.0 ] ] } },
{ "type": "Feature", "properties": { "id": 568, "name": "P.K. 96,800", "descriptio": "<html><body><table border=\"1\"><tr><th>Field Name<\/th><th>Field Value<\/th><\/tr><tr><td>LINEA \/ LÍNEA<\/td><td>BILBO-DONOSTIA \/ BILBAO-SAN SEBASTIAN<\/td><\/tr><tr><td>P.K.<\/td><td>96,800<\/td><\/tr><tr><td>ITURRIA \/ FUENTE<\/td><td>Euskal Trenbide Sarea (ETS) 2", "timestamp": null, "begin": null, "end": null, "altitudemo": "absolute", "tessellate": -1, "extrude": 0, "visibility": -1, "draworder": null, "icon": null }, "geometry": { "type": "MultiPoint", "coordinates": [ [ -230269.13432378136, 5352971.2467564018, 0.0 ] ] } },
{ "type": "Feature", "properties": { "id": 569, "name": "P.K. 96,900", "descriptio": "<html><body><table border=\"1\"><tr><th>Field Name<\/th><th>Field Value<\/th><\/tr><tr><td>LINEA \/ LÍNEA<\/td><td>BILBO-DONOSTIA \/ BILBAO-SAN SEBASTIAN<\/td><\/tr><tr><td>P.K.<\/td><td>96,900<\/td><\/tr><tr><td>ITURRIA \/ FUENTE<\/td><td>Euskal Trenbide Sarea (ETS) 2", "timestamp": null, "begin": null, "end": null, "altitudemo": "absolute", "tessellate": -1, "extrude": 0, "visibility": -1, "draworder": null, "icon": null }, "geometry": { "type": "MultiPoint", "coordinates": [ [ -230170.32127752277, 5353062.1475207359, 0.0 ] ] } },
{ "type": "Feature", "properties": { "id": 570, "name": "P.K. 97,000", "descriptio": "<html><body><table border=\"1\"><tr><th>Field Name<\/th><th>Field Value<\/th><\/tr><tr><td>LINEA \/ LÍNEA<\/td><td>BILBO-DONOSTIA \/ BILBAO-SAN SEBASTIAN<\/td><\/tr><tr><td>P.K.<\/td><td>97,000<\/td><\/tr><tr><td>ITURRIA \/ FUENTE<\/td><td>Euskal Trenbide Sarea (ETS) 2", "timestamp": null, "begin": null, "end": null, "altitudemo": "absolute", "tessellate": -1, "extrude": 0, "visibility": -1, "draworder": null, "icon": null }, "geometry": { "type": "MultiPoint", "coordinates": [ [ -230045.0668521467, 5353123.1086138571, 0.0 ] ] } },
{ "type": "Feature", "properties": { "id": 571, "name": "P.K. 97,100", "descriptio": "<html><body><table border=\"1\"><tr><th>Field Name<\/th><th>Field Value<\/th><\/tr><tr><td>LINEA \/ LÍNEA<\/td><td>BILBO-DONOSTIA \/ BILBAO-SAN SEBASTIAN<\/td><\/tr><tr><td>P.K.<\/td><td>97,100<\/td><\/tr><tr><td>ITURRIA \/ FUENTE<\/td><td>Euskal Trenbide Sarea (ETS) 2", "timestamp": null, "begin": null, "end": null, "altitudemo": "absolute", "tessellate": -1, "extrude": 0, "visibility": -1, "draworder": null, "icon": null }, "geometry": { "type": "MultiPoint", "coordinates": [ [ -229913.28778676339, 5353173.7308254037, 0.0 ] ] } },
{ "type": "Feature", "properties": { "id": 572, "name": "P.K. 97,200", "descriptio": "<html><body><table border=\"1\"><tr><th>Field Name<\/th><th>Field Value<\/th><\/tr><tr><td>LINEA \/ LÍNEA<\/td><td>BILBO-DONOSTIA \/ BILBAO-SAN SEBASTIAN<\/td><\/tr><tr><td>P.K.<\/td><td>97,200<\/td><\/tr><tr><td>ITURRIA \/ FUENTE<\/td><td>Euskal Trenbide Sarea (ETS) 2", "timestamp": null, "begin": null, "end": null, "altitudemo": "absolute", "tessellate": -1, "extrude": 0, "visibility": -1, "draworder": null, "icon": null }, "geometry": { "type": "MultiPoint", "coordinates": [ [ -229774.12884563569, 5353186.4008056894, 0.0 ] ] } },
{ "type": "Feature", "properties": { "id": 573, "name": "P.K. 97,300", "descriptio": "<html><body><table border=\"1\"><tr><th>Field Name<\/th><th>Field Value<\/th><\/tr><tr><td>LINEA \/ LÍNEA<\/td><td>BILBO-DONOSTIA \/ BILBAO-SAN SEBASTIAN<\/td><\/tr><tr><td>P.K.<\/td><td>97,300<\/td><\/tr><tr><td>ITURRIA \/ FUENTE<\/td><td>Euskal Trenbide Sarea (ETS) 2", "timestamp": null, "begin": null, "end": null, "altitudemo": "absolute", "tessellate": -1, "extrude": 0, "visibility": -1, "draworder": null, "icon": null }, "geometry": { "type": "MultiPoint", "coordinates": [ [ -229645.07554319091, 5353162.5902936375, 0.0 ] ] } },
{ "type": "Feature", "properties": { "id": 574, "name": "P.K. 97,400", "descriptio": "<html><body><table border=\"1\"><tr><th>Field Name<\/th><th>Field Value<\/th><\/tr><tr><td>LINEA \/ LÍNEA<\/td><td>BILBO-DONOSTIA \/ BILBAO-SAN SEBASTIAN<\/td><\/tr><tr><td>P.K.<\/td><td>97,400<\/td><\/tr><tr><td>ITURRIA \/ FUENTE<\/td><td>Euskal Trenbide Sarea (ETS) 2", "timestamp": null, "begin": null, "end": null, "altitudemo": "absolute", "tessellate": -1, "extrude": 0, "visibility": -1, "draworder": null, "icon": null }, "geometry": { "type": "MultiPoint", "coordinates": [ [ -229510.19542719997, 5353137.1735826861, 0.0 ] ] } },
{ "type": "Feature", "properties": { "id": 575, "name": "P.K. 97,500", "descriptio": "<html><body><table border=\"1\"><tr><th>Field Name<\/th><th>Field Value<\/th><\/tr><tr><td>LINEA \/ LÍNEA<\/td><td>BILBO-DONOSTIA \/ BILBAO-SAN SEBASTIAN<\/td><\/tr><tr><td>P.K.<\/td><td>97,500<\/td><\/tr><tr><td>ITURRIA \/ FUENTE<\/td><td>Euskal Trenbide Sarea (ETS) 2", "timestamp": null, "begin": null, "end": null, "altitudemo": "absolute", "tessellate": -1, "extrude": 0, "visibility": -1, "draworder": null, "icon": null }, "geometry": { "type": "MultiPoint", "coordinates": [ [ -229376.38609892502, 5353111.6877627289, 0.0 ] ] } },
{ "type": "Feature", "properties": { "id": 576, "name": "P.K. 97,600", "descriptio": "<html><body><table border=\"1\"><tr><th>Field Name<\/th><th>Field Value<\/th><\/tr><tr><td>LINEA \/ LÍNEA<\/td><td>BILBO-DONOSTIA \/ BILBAO-SAN SEBASTIAN<\/td><\/tr><tr><td>P.K.<\/td><td>97,600<\/td><\/tr><tr><td>ITURRIA \/ FUENTE<\/td><td>Euskal Trenbide Sarea (ETS) 2", "timestamp": null, "begin": null, "end": null, "altitudemo": "absolute", "tessellate": -1, "extrude": 0, "visibility": -1, "draworder": null, "icon": null }, "geometry": { "type": "MultiPoint", "coordinates": [ [ -229240.82359433876, 5353083.8655903041, 0.0 ] ] } },
{ "type": "Feature", "properties": { "id": 577, "name": "P.K. 97,700", "descriptio": "<html><body><table border=\"1\"><tr><th>Field Name<\/th><th>Field Value<\/th><\/tr><tr><td>LINEA \/ LÍNEA<\/td><td>BILBO-DONOSTIA \/ BILBAO-SAN SEBASTIAN<\/td><\/tr><tr><td>P.K.<\/td><td>97,700<\/td><\/tr><tr><td>ITURRIA \/ FUENTE<\/td><td>Euskal Trenbide Sarea (ETS) 2", "timestamp": null, "begin": null, "end": null, "altitudemo": "absolute", "tessellate": -1, "extrude": 0, "visibility": -1, "draworder": null, "icon": null }, "geometry": { "type": "MultiPoint", "coordinates": [ [ -229105.30761201453, 5353054.6356698275, 0.0 ] ] } },
{ "type": "Feature", "properties": { "id": 578, "name": "P.K. 97,800", "descriptio": "<html><body><table border=\"1\"><tr><th>Field Name<\/th><th>Field Value<\/th><\/tr><tr><td>LINEA \/ LÍNEA<\/td><td>BILBO-DONOSTIA \/ BILBAO-SAN SEBASTIAN<\/td><\/tr><tr><td>P.K.<\/td><td>97,800<\/td><\/tr><tr><td>ITURRIA \/ FUENTE<\/td><td>Euskal Trenbide Sarea (ETS) 2", "timestamp": null, "begin": null, "end": null, "altitudemo": "absolute", "tessellate": -1, "extrude": 0, "visibility": -1, "draworder": null, "icon": null }, "geometry": { "type": "MultiPoint", "coordinates": [ [ -228965.17856266652, 5353028.5736366017, 0.0 ] ] } },
{ "type": "Feature", "properties": { "id": 579, "name": "P.K. 97,900", "descriptio": "<html><body><table border=\"1\"><tr><th>Field Name<\/th><th>Field Value<\/th><\/tr><tr><td>LINEA \/ LÍNEA<\/td><td>BILBO-DONOSTIA \/ BILBAO-SAN SEBASTIAN<\/td><\/tr><tr><td>P.K.<\/td><td>97,900<\/td><\/tr><tr><td>ITURRIA \/ FUENTE<\/td><td>Euskal Trenbide Sarea (ETS) 2", "timestamp": null, "begin": null, "end": null, "altitudemo": "absolute", "tessellate": -1, "extrude": 0, "visibility": -1, "draworder": null, "icon": null }, "geometry": { "type": "MultiPoint", "coordinates": [ [ -228828.90282093082, 5353004.0452461643, 0.0 ] ] } },
{ "type": "Feature", "properties": { "id": 580, "name": "P.K. 98,000", "descriptio": "<html><body><table border=\"1\"><tr><th>Field Name<\/th><th>Field Value<\/th><\/tr><tr><td>LINEA \/ LÍNEA<\/td><td>BILBO-DONOSTIA \/ BILBAO-SAN SEBASTIAN<\/td><\/tr><tr><td>P.K.<\/td><td>98,000<\/td><\/tr><tr><td>ITURRIA \/ FUENTE<\/td><td>Euskal Trenbide Sarea (ETS) 2", "timestamp": null, "begin": null, "end": null, "altitudemo": "absolute", "tessellate": -1, "extrude": 0, "visibility": -1, "draworder": null, "icon": null }, "geometry": { "type": "MultiPoint", "coordinates": [ [ -228692.97819160711, 5352974.5352343889, 0.0 ] ] } },
{ "type": "Feature", "properties": { "id": 581, "name": "P.K. 98,100", "descriptio": "<html><body><table border=\"1\"><tr><th>Field Name<\/th><th>Field Value<\/th><\/tr><tr><td>LINEA \/ LÍNEA<\/td><td>BILBO-DONOSTIA \/ BILBAO-SAN SEBASTIAN<\/td><\/tr><tr><td>P.K.<\/td><td>98,100<\/td><\/tr><tr><td>ITURRIA \/ FUENTE<\/td><td>Euskal Trenbide Sarea (ETS) 2", "timestamp": null, "begin": null, "end": null, "altitudemo": "absolute", "tessellate": -1, "extrude": 0, "visibility": -1, "draworder": null, "icon": null }, "geometry": { "type": "MultiPoint", "coordinates": [ [ -228557.1185361789, 5352950.2826275537, 0.0 ] ] } },
{ "type": "Feature", "properties": { "id": 582, "name": "P.K. 98,200", "descriptio": "<html><body><table border=\"1\"><tr><th>Field Name<\/th><th>Field Value<\/th><\/tr><tr><td>LINEA \/ LÍNEA<\/td><td>BILBO-DONOSTIA \/ BILBAO-SAN SEBASTIAN<\/td><\/tr><tr><td>P.K.<\/td><td>98,200<\/td><\/tr><tr><td>ITURRIA \/ FUENTE<\/td><td>Euskal Trenbide Sarea (ETS) 2", "timestamp": null, "begin": null, "end": null, "altitudemo": "absolute", "tessellate": -1, "extrude": 0, "visibility": -1, "draworder": null, "icon": null }, "geometry": { "type": "MultiPoint", "coordinates": [ [ -228428.64928464236, 5352926.2997107524, 0.0 ] ] } },
{ "type": "Feature", "properties": { "id": 583, "name": "P.K. 98,300", "descriptio": "<html><body><table border=\"1\"><tr><th>Field Name<\/th><th>Field Value<\/th><\/tr><tr><td>LINEA \/ LÍNEA<\/td><td>BILBO-DONOSTIA \/ BILBAO-SAN SEBASTIAN<\/td><\/tr><tr><td>P.K.<\/td><td>98,300<\/td><\/tr><tr><td>ITURRIA \/ FUENTE<\/td><td>Euskal Trenbide Sarea (ETS) 2", "timestamp": null, "begin": null, "end": null, "altitudemo": "absolute", "tessellate": -1, "extrude": 0, "visibility": -1, "draworder": null, "icon": null }, "geometry": { "type": "MultiPoint", "coordinates": [ [ -228298.20429504479, 5352903.2773918761, 0.0 ] ] } },
{ "type": "Feature", "properties": { "id": 584, "name": "P.K. 98,400", "descriptio": "<html><body><table border=\"1\"><tr><th>Field Name<\/th><th>Field Value<\/th><\/tr><tr><td>LINEA \/ LÍNEA<\/td><td>BILBO-DONOSTIA \/ BILBAO-SAN SEBASTIAN<\/td><\/tr><tr><td>P.K.<\/td><td>98,400<\/td><\/tr><tr><td>ITURRIA \/ FUENTE<\/td><td>Euskal Trenbide Sarea (ETS) 2", "timestamp": null, "begin": null, "end": null, "altitudemo": "absolute", "tessellate": -1, "extrude": 0, "visibility": -1, "draworder": null, "icon": null }, "geometry": { "type": "MultiPoint", "coordinates": [ [ -228163.74127246015, 5352880.7128019622, 0.0 ] ] } },
{ "type": "Feature", "properties": { "id": 585, "name": "P.K. 98,500", "descriptio": "<html><body><table border=\"1\"><tr><th>Field Name<\/th><th>Field Value<\/th><\/tr><tr><td>LINEA \/ LÍNEA<\/td><td>BILBO-DONOSTIA \/ BILBAO-SAN SEBASTIAN<\/td><\/tr><tr><td>P.K.<\/td><td>98,500<\/td><\/tr><tr><td>ITURRIA \/ FUENTE<\/td><td>Euskal Trenbide Sarea (ETS) 2", "timestamp": null, "begin": null, "end": null, "altitudemo": "absolute", "tessellate": -1, "extrude": 0, "visibility": -1, "draworder": null, "icon": null }, "geometry": { "type": "MultiPoint", "coordinates": [ [ -228040.40294514061, 5352881.4250030536, 0.0 ] ] } },
{ "type": "Feature", "properties": { "id": 586, "name": "P.K. 98,600", "descriptio": "<html><body><table border=\"1\"><tr><th>Field Name<\/th><th>Field Value<\/th><\/tr><tr><td>LINEA \/ LÍNEA<\/td><td>BILBO-DONOSTIA \/ BILBAO-SAN SEBASTIAN<\/td><\/tr><tr><td>P.K.<\/td><td>98,600<\/td><\/tr><tr><td>ITURRIA \/ FUENTE<\/td><td>Euskal Trenbide Sarea (ETS) 2", "timestamp": null, "begin": null, "end": null, "altitudemo": "absolute", "tessellate": -1, "extrude": 0, "visibility": -1, "draworder": null, "icon": null }, "geometry": { "type": "MultiPoint", "coordinates": [ [ -227895.9264499459, 5352911.4528924134, 0.0 ] ] } },
{ "type": "Feature", "properties": { "id": 587, "name": "P.K. 98,700", "descriptio": "<html><body><table border=\"1\"><tr><th>Field Name<\/th><th>Field Value<\/th><\/tr><tr><td>LINEA \/ LÍNEA<\/td><td>BILBO-DONOSTIA \/ BILBAO-SAN SEBASTIAN<\/td><\/tr><tr><td>P.K.<\/td><td>98,700<\/td><\/tr><tr><td>ITURRIA \/ FUENTE<\/td><td>Euskal Trenbide Sarea (ETS) 2", "timestamp": null, "begin": null, "end": null, "altitudemo": "absolute", "tessellate": -1, "extrude": 0, "visibility": -1, "draworder": null, "icon": null }, "geometry": { "type": "MultiPoint", "coordinates": [ [ -227772.09749485165, 5352970.4600166054, 0.0 ] ] } },
{ "type": "Feature", "properties": { "id": 588, "name": "P.K. 98,800", "descriptio": "<html><body><table border=\"1\"><tr><th>Field Name<\/th><th>Field Value<\/th><\/tr><tr><td>LINEA \/ LÍNEA<\/td><td>BILBO-DONOSTIA \/ BILBAO-SAN SEBASTIAN<\/td><\/tr><tr><td>P.K.<\/td><td>98,800<\/td><\/tr><tr><td>ITURRIA \/ FUENTE<\/td><td>Euskal Trenbide Sarea (ETS) 2", "timestamp": null, "begin": null, "end": null, "altitudemo": "absolute", "tessellate": -1, "extrude": 0, "visibility": -1, "draworder": null, "icon": null }, "geometry": { "type": "MultiPoint", "coordinates": [ [ -227663.06428475759, 5353052.7361616325, 0.0 ] ] } },
{ "type": "Feature", "properties": { "id": 589, "name": "P.K. 98,900", "descriptio": "<html><body><table border=\"1\"><tr><th>Field Name<\/th><th>Field Value<\/th><\/tr><tr><td>LINEA \/ LÍNEA<\/td><td>BILBO-DONOSTIA \/ BILBAO-SAN SEBASTIAN<\/td><\/tr><tr><td>P.K.<\/td><td>98,900<\/td><\/tr><tr><td>ITURRIA \/ FUENTE<\/td><td>Euskal Trenbide Sarea (ETS) 2", "timestamp": null, "begin": null, "end": null, "altitudemo": "absolute", "tessellate": -1, "extrude": 0, "visibility": -1, "draworder": null, "icon": null }, "geometry": { "type": "MultiPoint", "coordinates": [ [ -227557.04216853835, 5353141.7325574802, 0.0 ] ] } },
{ "type": "Feature", "properties": { "id": 590, "name": "P.K. 99,000", "descriptio": "<html><body><table border=\"1\"><tr><th>Field Name<\/th><th>Field Value<\/th><\/tr><tr><td>LINEA \/ LÍNEA<\/td><td>BILBO-DONOSTIA \/ BILBAO-SAN SEBASTIAN<\/td><\/tr><tr><td>P.K.<\/td><td>99,000<\/td><\/tr><tr><td>ITURRIA \/ FUENTE<\/td><td>Euskal Trenbide Sarea (ETS) 2", "timestamp": null, "begin": null, "end": null, "altitudemo": "absolute", "tessellate": -1, "extrude": 0, "visibility": -1, "draworder": null, "icon": null }, "geometry": { "type": "MultiPoint", "coordinates": [ [ -227454.47732239481, 5353229.1434189891, 0.0 ] ] } },
{ "type": "Feature", "properties": { "id": 591, "name": "P.K. 99,100", "descriptio": "<html><body><table border=\"1\"><tr><th>Field Name<\/th><th>Field Value<\/th><\/tr><tr><td>LINEA \/ LÍNEA<\/td><td>BILBO-DONOSTIA \/ BILBAO-SAN SEBASTIAN<\/td><\/tr><tr><td>P.K.<\/td><td>99,100<\/td><\/tr><tr><td>ITURRIA \/ FUENTE<\/td><td>Euskal Trenbide Sarea (ETS) 2", "timestamp": null, "begin": null, "end": null, "altitudemo": "absolute", "tessellate": -1, "extrude": 0, "visibility": -1, "draworder": null, "icon": null }, "geometry": { "type": "MultiPoint", "coordinates": [ [ -227349.2324757782, 5353317.4880512711, 0.0 ] ] } },
{ "type": "Feature", "properties": { "id": 592, "name": "P.K. 99,200", "descriptio": "<html><body><table border=\"1\"><tr><th>Field Name<\/th><th>Field Value<\/th><\/tr><tr><td>LINEA \/ LÍNEA<\/td><td>BILBO-DONOSTIA \/ BILBAO-SAN SEBASTIAN<\/td><\/tr><tr><td>P.K.<\/td><td>99,200<\/td><\/tr><tr><td>ITURRIA \/ FUENTE<\/td><td>Euskal Trenbide Sarea (ETS) 2", "timestamp": null, "begin": null, "end": null, "altitudemo": "absolute", "tessellate": -1, "extrude": 0, "visibility": -1, "draworder": null, "icon": null }, "geometry": { "type": "MultiPoint", "coordinates": [ [ -227246.58624991635, 5353402.4020533804, 0.0 ] ] } },
{ "type": "Feature", "properties": { "id": 593, "name": "P.K. 99,300", "descriptio": "<html><body><table border=\"1\"><tr><th>Field Name<\/th><th>Field Value<\/th><\/tr><tr><td>LINEA \/ LÍNEA<\/td><td>BILBO-DONOSTIA \/ BILBAO-SAN SEBASTIAN<\/td><\/tr><tr><td>P.K.<\/td><td>99,300<\/td><\/tr><tr><td>ITURRIA \/ FUENTE<\/td><td>Euskal Trenbide Sarea (ETS) 2", "timestamp": null, "begin": null, "end": null, "altitudemo": "absolute", "tessellate": -1, "extrude": 0, "visibility": -1, "draworder": null, "icon": null }, "geometry": { "type": "MultiPoint", "coordinates": [ [ -227137.32832266542, 5353492.851219953, 0.0 ] ] } },
{ "type": "Feature", "properties": { "id": 594, "name": "P.K. 99,400", "descriptio": "<html><body><table border=\"1\"><tr><th>Field Name<\/th><th>Field Value<\/th><\/tr><tr><td>LINEA \/ LÍNEA<\/td><td>BILBO-DONOSTIA \/ BILBAO-SAN SEBASTIAN<\/td><\/tr><tr><td>P.K.<\/td><td>99,400<\/td><\/tr><tr><td>ITURRIA \/ FUENTE<\/td><td>Euskal Trenbide Sarea (ETS) 2", "timestamp": null, "begin": null, "end": null, "altitudemo": "absolute", "tessellate": -1, "extrude": 0, "visibility": -1, "draworder": null, "icon": null }, "geometry": { "type": "MultiPoint", "coordinates": [ [ -227033.04235839302, 5353579.9809148954, 0.0 ] ] } },
{ "type": "Feature", "properties": { "id": 595, "name": "P.K. 99,500", "descriptio": "<html><body><table border=\"1\"><tr><th>Field Name<\/th><th>Field Value<\/th><\/tr><tr><td>LINEA \/ LÍNEA<\/td><td>BILBO-DONOSTIA \/ BILBAO-SAN SEBASTIAN<\/td><\/tr><tr><td>P.K.<\/td><td>99,500<\/td><\/tr><tr><td>ITURRIA \/ FUENTE<\/td><td>Euskal Trenbide Sarea (ETS) 2", "timestamp": null, "begin": null, "end": null, "altitudemo": "absolute", "tessellate": -1, "extrude": 0, "visibility": -1, "draworder": null, "icon": null }, "geometry": { "type": "MultiPoint", "coordinates": [ [ -226930.04398997829, 5353666.0194552951, 0.0 ] ] } },
{ "type": "Feature", "properties": { "id": 596, "name": "P.K. 99,600", "descriptio": "<html><body><table border=\"1\"><tr><th>Field Name<\/th><th>Field Value<\/th><\/tr><tr><td>LINEA \/ LÍNEA<\/td><td>BILBO-DONOSTIA \/ BILBAO-SAN SEBASTIAN<\/td><\/tr><tr><td>P.K.<\/td><td>99,600<\/td><\/tr><tr><td>ITURRIA \/ FUENTE<\/td><td>Euskal Trenbide Sarea (ETS) 2", "timestamp": null, "begin": null, "end": null, "altitudemo": "absolute", "tessellate": -1, "extrude": 0, "visibility": -1, "draworder": null, "icon": null }, "geometry": { "type": "MultiPoint", "coordinates": [ [ -226824.20721249934, 5353754.588877419, 0.0 ] ] } },
{ "type": "Feature", "properties": { "id": 597, "name": "P.K. 99,700", "descriptio": "<html><body><table border=\"1\"><tr><th>Field Name<\/th><th>Field Value<\/th><\/tr><tr><td>LINEA \/ LÍNEA<\/td><td>BILBO-DONOSTIA \/ BILBAO-SAN SEBASTIAN<\/td><\/tr><tr><td>P.K.<\/td><td>99,700<\/td><\/tr><tr><td>ITURRIA \/ FUENTE<\/td><td>Euskal Trenbide Sarea (ETS) 2", "timestamp": null, "begin": null, "end": null, "altitudemo": "absolute", "tessellate": -1, "extrude": 0, "visibility": -1, "draworder": null, "icon": null }, "geometry": { "type": "MultiPoint", "coordinates": [ [ -226705.3393265995, 5353822.9208929678, 0.0 ] ] } },
{ "type": "Feature", "properties": { "id": 598, "name": "P.K. 99,800", "descriptio": "<html><body><table border=\"1\"><tr><th>Field Name<\/th><th>Field Value<\/th><\/tr><tr><td>LINEA \/ LÍNEA<\/td><td>BILBO-DONOSTIA \/ BILBAO-SAN SEBASTIAN<\/td><\/tr><tr><td>P.K.<\/td><td>99,800<\/td><\/tr><tr><td>ITURRIA \/ FUENTE<\/td><td>Euskal Trenbide Sarea (ETS) 2", "timestamp": null, "begin": null, "end": null, "altitudemo": "absolute", "tessellate": -1, "extrude": 0, "visibility": -1, "draworder": null, "icon": null }, "geometry": { "type": "MultiPoint", "coordinates": [ [ -226581.96346283314, 5353881.443248448, 0.0 ] ] } },
{ "type": "Feature", "properties": { "id": 599, "name": "P.K. 99,900", "descriptio": "<html><body><table border=\"1\"><tr><th>Field Name<\/th><th>Field Value<\/th><\/tr><tr><td>LINEA \/ LÍNEA<\/td><td>BILBO-DONOSTIA \/ BILBAO-SAN SEBASTIAN<\/td><\/tr><tr><td>P.K.<\/td><td>99,900<\/td><\/tr><tr><td>ITURRIA \/ FUENTE<\/td><td>Euskal Trenbide Sarea (ETS) 2", "timestamp": null, "begin": null, "end": null, "altitudemo": "absolute", "tessellate": -1, "extrude": 0, "visibility": -1, "draworder": null, "icon": null }, "geometry": { "type": "MultiPoint", "coordinates": [ [ -226455.70901655636, 5353937.2690984728, 0.0 ] ] } },
{ "type": "Feature", "properties": { "id": 600, "name": "P.K. 100,000", "descriptio": "<html><body><table border=\"1\"><tr><th>Field Name<\/th><th>Field Value<\/th><\/tr><tr><td>LINEA \/ LÍNEA<\/td><td>BILBO-DONOSTIA \/ BILBAO-SAN SEBASTIAN<\/td><\/tr><tr><td>P.K.<\/td><td>100,000<\/td><\/tr><tr><td>ITURRIA \/ FUENTE<\/td><td>Euskal Trenbide Sarea (ETS)", "timestamp": null, "begin": null, "end": null, "altitudemo": "absolute", "tessellate": -1, "extrude": 0, "visibility": -1, "draworder": null, "icon": null }, "geometry": { "type": "MultiPoint", "coordinates": [ [ -226330.91124202893, 5353996.2594334725, 0.0 ] ] } },
{ "type": "Feature", "properties": { "id": 601, "name": "P.K. 100,100", "descriptio": "<html><body><table border=\"1\"><tr><th>Field Name<\/th><th>Field Value<\/th><\/tr><tr><td>LINEA \/ LÍNEA<\/td><td>BILBO-DONOSTIA \/ BILBAO-SAN SEBASTIAN<\/td><\/tr><tr><td>P.K.<\/td><td>100,100<\/td><\/tr><tr><td>ITURRIA \/ FUENTE<\/td><td>Euskal Trenbide Sarea (ETS)", "timestamp": null, "begin": null, "end": null, "altitudemo": "absolute", "tessellate": -1, "extrude": 0, "visibility": -1, "draworder": null, "icon": null }, "geometry": { "type": "MultiPoint", "coordinates": [ [ -226204.44163196502, 5354054.0602698512, 0.0 ] ] } },
{ "type": "Feature", "properties": { "id": 602, "name": "P.K. 100,200", "descriptio": "<html><body><table border=\"1\"><tr><th>Field Name<\/th><th>Field Value<\/th><\/tr><tr><td>LINEA \/ LÍNEA<\/td><td>BILBO-DONOSTIA \/ BILBAO-SAN SEBASTIAN<\/td><\/tr><tr><td>P.K.<\/td><td>100,200<\/td><\/tr><tr><td>ITURRIA \/ FUENTE<\/td><td>Euskal Trenbide Sarea (ETS)", "timestamp": null, "begin": null, "end": null, "altitudemo": "absolute", "tessellate": -1, "extrude": 0, "visibility": -1, "draworder": null, "icon": null }, "geometry": { "type": "MultiPoint", "coordinates": [ [ -226074.19588600553, 5354109.3631680207, 0.0 ] ] } },
{ "type": "Feature", "properties": { "id": 603, "name": "P.K. 100,300", "descriptio": "<html><body><table border=\"1\"><tr><th>Field Name<\/th><th>Field Value<\/th><\/tr><tr><td>LINEA \/ LÍNEA<\/td><td>BILBO-DONOSTIA \/ BILBAO-SAN SEBASTIAN<\/td><\/tr><tr><td>P.K.<\/td><td>100,300<\/td><\/tr><tr><td>ITURRIA \/ FUENTE<\/td><td>Euskal Trenbide Sarea (ETS)", "timestamp": null, "begin": null, "end": null, "altitudemo": "absolute", "tessellate": -1, "extrude": 0, "visibility": -1, "draworder": null, "icon": null }, "geometry": { "type": "MultiPoint", "coordinates": [ [ -225950.60555782361, 5354169.698729489, 0.0 ] ] } },
{ "type": "Feature", "properties": { "id": 604, "name": "P.K. 100,400", "descriptio": "<html><body><table border=\"1\"><tr><th>Field Name<\/th><th>Field Value<\/th><\/tr><tr><td>LINEA \/ LÍNEA<\/td><td>BILBO-DONOSTIA \/ BILBAO-SAN SEBASTIAN<\/td><\/tr><tr><td>P.K.<\/td><td>100,400<\/td><\/tr><tr><td>ITURRIA \/ FUENTE<\/td><td>Euskal Trenbide Sarea (ETS)", "timestamp": null, "begin": null, "end": null, "altitudemo": "absolute", "tessellate": -1, "extrude": 0, "visibility": -1, "draworder": null, "icon": null }, "geometry": { "type": "MultiPoint", "coordinates": [ [ -225826.66933726994, 5354224.4979315856, 0.0 ] ] } },
{ "type": "Feature", "properties": { "id": 605, "name": "P.K. 100,500", "descriptio": "<html><body><table border=\"1\"><tr><th>Field Name<\/th><th>Field Value<\/th><\/tr><tr><td>LINEA \/ LÍNEA<\/td><td>BILBO-DONOSTIA \/ BILBAO-SAN SEBASTIAN<\/td><\/tr><tr><td>P.K.<\/td><td>100,500<\/td><\/tr><tr><td>ITURRIA \/ FUENTE<\/td><td>Euskal Trenbide Sarea (ETS)", "timestamp": null, "begin": null, "end": null, "altitudemo": "absolute", "tessellate": -1, "extrude": 0, "visibility": -1, "draworder": null, "icon": null }, "geometry": { "type": "MultiPoint", "coordinates": [ [ -225693.57263227916, 5354253.4563899189, 0.0 ] ] } },
{ "type": "Feature", "properties": { "id": 606, "name": "P.K. 100,600", "descriptio": "<html><body><table border=\"1\"><tr><th>Field Name<\/th><th>Field Value<\/th><\/tr><tr><td>LINEA \/ LÍNEA<\/td><td>BILBO-DONOSTIA \/ BILBAO-SAN SEBASTIAN<\/td><\/tr><tr><td>P.K.<\/td><td>100,600<\/td><\/tr><tr><td>ITURRIA \/ FUENTE<\/td><td>Euskal Trenbide Sarea (ETS)", "timestamp": null, "begin": null, "end": null, "altitudemo": "absolute", "tessellate": -1, "extrude": 0, "visibility": -1, "draworder": null, "icon": null }, "geometry": { "type": "MultiPoint", "coordinates": [ [ -225550.96832684748, 5354252.4576942818, 0.0 ] ] } },
{ "type": "Feature", "properties": { "id": 607, "name": "P.K. 100,700", "descriptio": "<html><body><table border=\"1\"><tr><th>Field Name<\/th><th>Field Value<\/th><\/tr><tr><td>LINEA \/ LÍNEA<\/td><td>BILBO-DONOSTIA \/ BILBAO-SAN SEBASTIAN<\/td><\/tr><tr><td>P.K.<\/td><td>100,700<\/td><\/tr><tr><td>ITURRIA \/ FUENTE<\/td><td>Euskal Trenbide Sarea (ETS)", "timestamp": null, "begin": null, "end": null, "altitudemo": "absolute", "tessellate": -1, "extrude": 0, "visibility": -1, "draworder": null, "icon": null }, "geometry": { "type": "MultiPoint", "coordinates": [ [ -225371.30362448483, 5354265.9658826403, 0.0 ] ] } },
{ "type": "Feature", "properties": { "id": 608, "name": "P.K. 100,800", "descriptio": "<html><body><table border=\"1\"><tr><th>Field Name<\/th><th>Field Value<\/th><\/tr><tr><td>LINEA \/ LÍNEA<\/td><td>BILBO-DONOSTIA \/ BILBAO-SAN SEBASTIAN<\/td><\/tr><tr><td>P.K.<\/td><td>100,800<\/td><\/tr><tr><td>ITURRIA \/ FUENTE<\/td><td>Euskal Trenbide Sarea (ETS)", "timestamp": null, "begin": null, "end": null, "altitudemo": "absolute", "tessellate": -1, "extrude": 0, "visibility": -1, "draworder": null, "icon": null }, "geometry": { "type": "MultiPoint", "coordinates": [ [ -225231.83303940855, 5354246.5420935722, 0.0 ] ] } },
{ "type": "Feature", "properties": { "id": 609, "name": "P.K. 100,900", "descriptio": "<html><body><table border=\"1\"><tr><th>Field Name<\/th><th>Field Value<\/th><\/tr><tr><td>LINEA \/ LÍNEA<\/td><td>BILBO-DONOSTIA \/ BILBAO-SAN SEBASTIAN<\/td><\/tr><tr><td>P.K.<\/td><td>100,900<\/td><\/tr><tr><td>ITURRIA \/ FUENTE<\/td><td>Euskal Trenbide Sarea (ETS)", "timestamp": null, "begin": null, "end": null, "altitudemo": "absolute", "tessellate": -1, "extrude": 0, "visibility": -1, "draworder": null, "icon": null }, "geometry": { "type": "MultiPoint", "coordinates": [ [ -225092.66204042287, 5354237.4665011177, 0.0 ] ] } },
{ "type": "Feature", "properties": { "id": 610, "name": "P.K. 101,000", "descriptio": "<html><body><table border=\"1\"><tr><th>Field Name<\/th><th>Field Value<\/th><\/tr><tr><td>LINEA \/ LÍNEA<\/td><td>BILBO-DONOSTIA \/ BILBAO-SAN SEBASTIAN<\/td><\/tr><tr><td>P.K.<\/td><td>101,000<\/td><\/tr><tr><td>ITURRIA \/ FUENTE<\/td><td>Euskal Trenbide Sarea (ETS)", "timestamp": null, "begin": null, "end": null, "altitudemo": "absolute", "tessellate": -1, "extrude": 0, "visibility": -1, "draworder": null, "icon": null }, "geometry": { "type": "MultiPoint", "coordinates": [ [ -224956.0593836878, 5354219.4141409025, 0.0 ] ] } },
{ "type": "Feature", "properties": { "id": 611, "name": "P.K. 101,100", "descriptio": "<html><body><table border=\"1\"><tr><th>Field Name<\/th><th>Field Value<\/th><\/tr><tr><td>LINEA \/ LÍNEA<\/td><td>BILBO-DONOSTIA \/ BILBAO-SAN SEBASTIAN<\/td><\/tr><tr><td>P.K.<\/td><td>101,100<\/td><\/tr><tr><td>ITURRIA \/ FUENTE<\/td><td>Euskal Trenbide Sarea (ETS)", "timestamp": null, "begin": null, "end": null, "altitudemo": "absolute", "tessellate": -1, "extrude": 0, "visibility": -1, "draworder": null, "icon": null }, "geometry": { "type": "MultiPoint", "coordinates": [ [ -224814.69205128265, 5354216.33885838, 0.0 ] ] } },
{ "type": "Feature", "properties": { "id": 612, "name": "P.K. 101,200", "descriptio": "<html><body><table border=\"1\"><tr><th>Field Name<\/th><th>Field Value<\/th><\/tr><tr><td>LINEA \/ LÍNEA<\/td><td>BILBO-DONOSTIA \/ BILBAO-SAN SEBASTIAN<\/td><\/tr><tr><td>P.K.<\/td><td>101,200<\/td><\/tr><tr><td>ITURRIA \/ FUENTE<\/td><td>Euskal Trenbide Sarea (ETS)", "timestamp": null, "begin": null, "end": null, "altitudemo": "absolute", "tessellate": -1, "extrude": 0, "visibility": -1, "draworder": null, "icon": null }, "geometry": { "type": "MultiPoint", "coordinates": [ [ -224678.8891272266, 5354229.5445954427, 0.0 ] ] } },
{ "type": "Feature", "properties": { "id": 678, "name": "P.K. 43,700", "descriptio": "<html><body><table border=\"1\"><tr><th>Field Name<\/th><th>Field Value<\/th><\/tr><tr><td>LINEA \/ LÍNEA<\/td><td>BILBO-DONOSTIA \/ BILBAO-SAN SEBASTIAN<\/td><\/tr><tr><td>P.K.<\/td><td>43,700<\/td><\/tr><tr><td>ITURRIA \/ FUENTE<\/td><td>Euskal Trenbide Sarea (ETS) 2", "timestamp": null, "begin": null, "end": null, "altitudemo": "absolute", "tessellate": -1, "extrude": 0, "visibility": -1, "draworder": null, "icon": null }, "geometry": { "type": "MultiPoint", "coordinates": [ [ -278837.20518959564, 5338976.5568227954, 0.0 ] ] } },
{ "type": "Feature", "properties": { "id": 708, "name": "P.K. 2,500", "descriptio": "<html><body><table border=\"1\"><tr><th>Field Name<\/th><th>Field Value<\/th><\/tr><tr><td>LINEA \/ LÍNEA<\/td><td>LUTXANA-SONDIKA<\/td><\/tr><tr><td>P.K.<\/td><td>2,500<\/td><\/tr><tr><td>ITURRIA \/ FUENTE<\/td><td>Euskal Trenbide Sarea (ETS) 2025<\/td><\/tr><tr><td>LU", "timestamp": null, "begin": null, "end": null, "altitudemo": "absolute", "tessellate": -1, "extrude": 0, "visibility": -1, "draworder": null, "icon": null }, "geometry": { "type": "MultiPoint", "coordinates": [ [ -328172.36324790621, 5358019.4485189654, 0.0 ] ] } },
{ "type": "Feature", "properties": { "id": 709, "name": "P.K. 2,600", "descriptio": "<html><body><table border=\"1\"><tr><th>Field Name<\/th><th>Field Value<\/th><\/tr><tr><td>LINEA \/ LÍNEA<\/td><td>LUTXANA-SONDIKA<\/td><\/tr><tr><td>P.K.<\/td><td>2,600<\/td><\/tr><tr><td>ITURRIA \/ FUENTE<\/td><td>Euskal Trenbide Sarea (ETS) 2025<\/td><\/tr><tr><td>LU", "timestamp": null, "begin": null, "end": null, "altitudemo": "absolute", "tessellate": -1, "extrude": 0, "visibility": -1, "draworder": null, "icon": null }, "geometry": { "type": "MultiPoint", "coordinates": [ [ -328046.37204280775, 5357950.6618983755, 0.0 ] ] } },
{ "type": "Feature", "properties": { "id": 710, "name": "P.K. 2,700", "descriptio": "<html><body><table border=\"1\"><tr><th>Field Name<\/th><th>Field Value<\/th><\/tr><tr><td>LINEA \/ LÍNEA<\/td><td>LUTXANA-SONDIKA<\/td><\/tr><tr><td>P.K.<\/td><td>2,700<\/td><\/tr><tr><td>ITURRIA \/ FUENTE<\/td><td>Euskal Trenbide Sarea (ETS) 2025<\/td><\/tr><tr><td>LU", "timestamp": null, "begin": null, "end": null, "altitudemo": "absolute", "tessellate": -1, "extrude": 0, "visibility": -1, "draworder": null, "icon": null }, "geometry": { "type": "MultiPoint", "coordinates": [ [ -327921.5882591519, 5357883.5787848355, 0.0 ] ] } },
{ "type": "Feature", "properties": { "id": 711, "name": "P.K. 2,800", "descriptio": "<html><body><table border=\"1\"><tr><th>Field Name<\/th><th>Field Value<\/th><\/tr><tr><td>LINEA \/ LÍNEA<\/td><td>LUTXANA-SONDIKA<\/td><\/tr><tr><td>P.K.<\/td><td>2,800<\/td><\/tr><tr><td>ITURRIA \/ FUENTE<\/td><td>Euskal Trenbide Sarea (ETS) 2025<\/td><\/tr><tr><td>LU", "timestamp": null, "begin": null, "end": null, "altitudemo": "absolute", "tessellate": -1, "extrude": 0, "visibility": -1, "draworder": null, "icon": null }, "geometry": { "type": "MultiPoint", "coordinates": [ [ -327801.92605490307, 5357816.7039252222, 0.0 ] ] } },
{ "type": "Feature", "properties": { "id": 712, "name": "P.K. 2,900", "descriptio": "<html><body><table border=\"1\"><tr><th>Field Name<\/th><th>Field Value<\/th><\/tr><tr><td>LINEA \/ LÍNEA<\/td><td>LUTXANA-SONDIKA<\/td><\/tr><tr><td>P.K.<\/td><td>2,900<\/td><\/tr><tr><td>ITURRIA \/ FUENTE<\/td><td>Euskal Trenbide Sarea (ETS) 2025<\/td><\/tr><tr><td>LU", "timestamp": null, "begin": null, "end": null, "altitudemo": "absolute", "tessellate": -1, "extrude": 0, "visibility": -1, "draworder": null, "icon": null }, "geometry": { "type": "MultiPoint", "coordinates": [ [ -327668.64451050106, 5357789.3414432062, 0.0 ] ] } },
{ "type": "Feature", "properties": { "id": 713, "name": "P.K. 3,000", "descriptio": "<html><body><table border=\"1\"><tr><th>Field Name<\/th><th>Field Value<\/th><\/tr><tr><td>LINEA \/ LÍNEA<\/td><td>LUTXANA-SONDIKA<\/td><\/tr><tr><td>P.K.<\/td><td>3,000<\/td><\/tr><tr><td>ITURRIA \/ FUENTE<\/td><td>Euskal Trenbide Sarea (ETS) 2025<\/td><\/tr><tr><td>LU", "timestamp": null, "begin": null, "end": null, "altitudemo": "absolute", "tessellate": -1, "extrude": 0, "visibility": -1, "draworder": null, "icon": null }, "geometry": { "type": "MultiPoint", "coordinates": [ [ -327538.09402226575, 5357785.4096741863, 0.0 ] ] } },
{ "type": "Feature", "properties": { "id": 714, "name": "P.K. 3,100", "descriptio": "<html><body><table border=\"1\"><tr><th>Field Name<\/th><th>Field Value<\/th><\/tr><tr><td>LINEA \/ LÍNEA<\/td><td>LUTXANA-SONDIKA<\/td><\/tr><tr><td>P.K.<\/td><td>3,100<\/td><\/tr><tr><td>ITURRIA \/ FUENTE<\/td><td>Euskal Trenbide Sarea (ETS) 2025<\/td><\/tr><tr><td>LU", "timestamp": null, "begin": null, "end": null, "altitudemo": "absolute", "tessellate": -1, "extrude": 0, "visibility": -1, "draworder": null, "icon": null }, "geometry": { "type": "MultiPoint", "coordinates": [ [ -327401.60951901582, 5357785.7049990175, 0.0 ] ] } },
{ "type": "Feature", "properties": { "id": 715, "name": "P.K. 3,200", "descriptio": "<html><body><table border=\"1\"><tr><th>Field Name<\/th><th>Field Value<\/th><\/tr><tr><td>LINEA \/ LÍNEA<\/td><td>LUTXANA-SONDIKA<\/td><\/tr><tr><td>P.K.<\/td><td>3,200<\/td><\/tr><tr><td>ITURRIA \/ FUENTE<\/td><td>Euskal Trenbide Sarea (ETS) 2025<\/td><\/tr><tr><td>LU", "timestamp": null, "begin": null, "end": null, "altitudemo": "absolute", "tessellate": -1, "extrude": 0, "visibility": -1, "draworder": null, "icon": null }, "geometry": { "type": "MultiPoint", "coordinates": [ [ -327262.46979143965, 5357787.8387310589, 0.0 ] ] } },
{ "type": "Feature", "properties": { "id": 716, "name": "P.K. 3,300", "descriptio": "<html><body><table border=\"1\"><tr><th>Field Name<\/th><th>Field Value<\/th><\/tr><tr><td>LINEA \/ LÍNEA<\/td><td>LUTXANA-SONDIKA<\/td><\/tr><tr><td>P.K.<\/td><td>3,300<\/td><\/tr><tr><td>ITURRIA \/ FUENTE<\/td><td>Euskal Trenbide Sarea (ETS) 2025<\/td><\/tr><tr><td>LU", "timestamp": null, "begin": null, "end": null, "altitudemo": "absolute", "tessellate": -1, "extrude": 0, "visibility": -1, "draworder": null, "icon": null }, "geometry": { "type": "MultiPoint", "coordinates": [ [ -327119.10841872968, 5357780.7121969908, 0.0 ] ] } },
{ "type": "Feature", "properties": { "id": 717, "name": "P.K. 3,400", "descriptio": "<html><body><table border=\"1\"><tr><th>Field Name<\/th><th>Field Value<\/th><\/tr><tr><td>LINEA \/ LÍNEA<\/td><td>LUTXANA-SONDIKA<\/td><\/tr><tr><td>P.K.<\/td><td>3,400<\/td><\/tr><tr><td>ITURRIA \/ FUENTE<\/td><td>Euskal Trenbide Sarea (ETS) 2025<\/td><\/tr><tr><td>LU", "timestamp": null, "begin": null, "end": null, "altitudemo": "absolute", "tessellate": -1, "extrude": 0, "visibility": -1, "draworder": null, "icon": null }, "geometry": { "type": "MultiPoint", "coordinates": [ [ -326988.21906634694, 5357744.9197863983, 0.0 ] ] } },
{ "type": "Feature", "properties": { "id": 718, "name": "P.K. 3,500", "descriptio": "<html><body><table border=\"1\"><tr><th>Field Name<\/th><th>Field Value<\/th><\/tr><tr><td>LINEA \/ LÍNEA<\/td><td>LUTXANA-SONDIKA<\/td><\/tr><tr><td>P.K.<\/td><td>3,500<\/td><\/tr><tr><td>ITURRIA \/ FUENTE<\/td><td>Euskal Trenbide Sarea (ETS) 2025<\/td><\/tr><tr><td>LU", "timestamp": null, "begin": null, "end": null, "altitudemo": "absolute", "tessellate": -1, "extrude": 0, "visibility": -1, "draworder": null, "icon": null }, "geometry": { "type": "MultiPoint", "coordinates": [ [ -326863.00701354037, 5357685.7775016259, 0.0 ] ] } },
{ "type": "Feature", "properties": { "id": 719, "name": "P.K. 3,600", "descriptio": "<html><body><table border=\"1\"><tr><th>Field Name<\/th><th>Field Value<\/th><\/tr><tr><td>LINEA \/ LÍNEA<\/td><td>LUTXANA-SONDIKA<\/td><\/tr><tr><td>P.K.<\/td><td>3,600<\/td><\/tr><tr><td>ITURRIA \/ FUENTE<\/td><td>Euskal Trenbide Sarea (ETS) 2025<\/td><\/tr><tr><td>LU", "timestamp": null, "begin": null, "end": null, "altitudemo": "absolute", "tessellate": -1, "extrude": 0, "visibility": -1, "draworder": null, "icon": null }, "geometry": { "type": "MultiPoint", "coordinates": [ [ -326743.89324187348, 5357621.3271489087, 0.0 ] ] } },
{ "type": "Feature", "properties": { "id": 720, "name": "P.K. 3,700", "descriptio": "<html><body><table border=\"1\"><tr><th>Field Name<\/th><th>Field Value<\/th><\/tr><tr><td>LINEA \/ LÍNEA<\/td><td>LUTXANA-SONDIKA<\/td><\/tr><tr><td>P.K.<\/td><td>3,700<\/td><\/tr><tr><td>ITURRIA \/ FUENTE<\/td><td>Euskal Trenbide Sarea (ETS) 2025<\/td><\/tr><tr><td>LU", "timestamp": null, "begin": null, "end": null, "altitudemo": "absolute", "tessellate": -1, "extrude": 0, "visibility": -1, "draworder": null, "icon": null }, "geometry": { "type": "MultiPoint", "coordinates": [ [ -326622.13684810064, 5357557.8037133794, 0.0 ] ] } },
{ "type": "Feature", "properties": { "id": 721, "name": "P.K. 3,900", "descriptio": "<html><body><table border=\"1\"><tr><th>Field Name<\/th><th>Field Value<\/th><\/tr><tr><td>LINEA \/ LÍNEA<\/td><td>LUTXANA-SONDIKA<\/td><\/tr><tr><td>P.K.<\/td><td>3,900<\/td><\/tr><tr><td>ITURRIA \/ FUENTE<\/td><td>Euskal Trenbide Sarea (ETS) 2025<\/td><\/tr><tr><td>LU", "timestamp": null, "begin": null, "end": null, "altitudemo": "absolute", "tessellate": -1, "extrude": 0, "visibility": -1, "draworder": null, "icon": null }, "geometry": { "type": "MultiPoint", "coordinates": [ [ -326359.53848707717, 5357498.5376230255, 0.0 ] ] } },
{ "type": "Feature", "properties": { "id": 722, "name": "P.K. 4,000", "descriptio": "<html><body><table border=\"1\"><tr><th>Field Name<\/th><th>Field Value<\/th><\/tr><tr><td>LINEA \/ LÍNEA<\/td><td>LUTXANA-SONDIKA<\/td><\/tr><tr><td>P.K.<\/td><td>4,000<\/td><\/tr><tr><td>ITURRIA \/ FUENTE<\/td><td>Euskal Trenbide Sarea (ETS) 2025<\/td><\/tr><tr><td>LU", "timestamp": null, "begin": null, "end": null, "altitudemo": "absolute", "tessellate": -1, "extrude": 0, "visibility": -1, "draworder": null, "icon": null }, "geometry": { "type": "MultiPoint", "coordinates": [ [ -326225.04711982899, 5357493.920249504, 0.0 ] ] } },
{ "type": "Feature", "properties": { "id": 723, "name": "P.K. 4,100", "descriptio": "<html><body><table border=\"1\"><tr><th>Field Name<\/th><th>Field Value<\/th><\/tr><tr><td>LINEA \/ LÍNEA<\/td><td>LUTXANA-SONDIKA<\/td><\/tr><tr><td>P.K.<\/td><td>4,100<\/td><\/tr><tr><td>ITURRIA \/ FUENTE<\/td><td>Euskal Trenbide Sarea (ETS) 2025<\/td><\/tr><tr><td>LU", "timestamp": null, "begin": null, "end": null, "altitudemo": "absolute", "tessellate": -1, "extrude": 0, "visibility": -1, "draworder": null, "icon": null }, "geometry": { "type": "MultiPoint", "coordinates": [ [ -326088.67891943565, 5357486.6192440502, 0.0 ] ] } },
{ "type": "Feature", "properties": { "id": 724, "name": "P.K. 4,200", "descriptio": "<html><body><table border=\"1\"><tr><th>Field Name<\/th><th>Field Value<\/th><\/tr><tr><td>LINEA \/ LÍNEA<\/td><td>LUTXANA-SONDIKA<\/td><\/tr><tr><td>P.K.<\/td><td>4,200<\/td><\/tr><tr><td>ITURRIA \/ FUENTE<\/td><td>Euskal Trenbide Sarea (ETS) 2025<\/td><\/tr><tr><td>LU", "timestamp": null, "begin": null, "end": null, "altitudemo": "absolute", "tessellate": -1, "extrude": 0, "visibility": -1, "draworder": null, "icon": null }, "geometry": { "type": "MultiPoint", "coordinates": [ [ -325950.36198900884, 5357482.3556307545, 0.0 ] ] } },
{ "type": "Feature", "properties": { "id": 725, "name": "P.K. 4,300", "descriptio": "<html><body><table border=\"1\"><tr><th>Field Name<\/th><th>Field Value<\/th><\/tr><tr><td>LINEA \/ LÍNEA<\/td><td>LUTXANA-SONDIKA<\/td><\/tr><tr><td>P.K.<\/td><td>4,300<\/td><\/tr><tr><td>ITURRIA \/ FUENTE<\/td><td>Euskal Trenbide Sarea (ETS) 2025<\/td><\/tr><tr><td>LU", "timestamp": null, "begin": null, "end": null, "altitudemo": "absolute", "tessellate": -1, "extrude": 0, "visibility": -1, "draworder": null, "icon": null }, "geometry": { "type": "MultiPoint", "coordinates": [ [ -325812.40573419532, 5357470.050017613, 0.0 ] ] } },
{ "type": "Feature", "properties": { "id": 726, "name": "P.K. 4,400", "descriptio": "<html><body><table border=\"1\"><tr><th>Field Name<\/th><th>Field Value<\/th><\/tr><tr><td>LINEA \/ LÍNEA<\/td><td>LUTXANA-SONDIKA<\/td><\/tr><tr><td>P.K.<\/td><td>4,400<\/td><\/tr><tr><td>ITURRIA \/ FUENTE<\/td><td>Euskal Trenbide Sarea (ETS) 2025<\/td><\/tr><tr><td>LU", "timestamp": null, "begin": null, "end": null, "altitudemo": "absolute", "tessellate": -1, "extrude": 0, "visibility": -1, "draworder": null, "icon": null }, "geometry": { "type": "MultiPoint", "coordinates": [ [ -325681.44739918475, 5357416.2925168956, 0.0 ] ] } },
{ "type": "Feature", "properties": { "id": 727, "name": "P.K. 4,500", "descriptio": "<html><body><table border=\"1\"><tr><th>Field Name<\/th><th>Field Value<\/th><\/tr><tr><td>LINEA \/ LÍNEA<\/td><td>LUTXANA-SONDIKA<\/td><\/tr><tr><td>P.K.<\/td><td>4,500<\/td><\/tr><tr><td>ITURRIA \/ FUENTE<\/td><td>Euskal Trenbide Sarea (ETS) 2025<\/td><\/tr><tr><td>LU", "timestamp": null, "begin": null, "end": null, "altitudemo": "absolute", "tessellate": -1, "extrude": 0, "visibility": -1, "draworder": null, "icon": null }, "geometry": { "type": "MultiPoint", "coordinates": [ [ -325568.19779226789, 5357348.2796527576, 0.0 ] ] } },
{ "type": "Feature", "properties": { "id": 728, "name": "P.K. 4,600", "descriptio": "<html><body><table border=\"1\"><tr><th>Field Name<\/th><th>Field Value<\/th><\/tr><tr><td>LINEA \/ LÍNEA<\/td><td>LUTXANA-SONDIKA<\/td><\/tr><tr><td>P.K.<\/td><td>4,600<\/td><\/tr><tr><td>ITURRIA \/ FUENTE<\/td><td>Euskal Trenbide Sarea (ETS) 2025<\/td><\/tr><tr><td>LU", "timestamp": null, "begin": null, "end": null, "altitudemo": "absolute", "tessellate": -1, "extrude": 0, "visibility": -1, "draworder": null, "icon": null }, "geometry": { "type": "MultiPoint", "coordinates": [ [ -325448.21413618425, 5357282.789898471, 0.0 ] ] } },
{ "type": "Feature", "properties": { "id": 729, "name": "P.K. 4,700", "descriptio": "<html><body><table border=\"1\"><tr><th>Field Name<\/th><th>Field Value<\/th><\/tr><tr><td>LINEA \/ LÍNEA<\/td><td>LUTXANA-SONDIKA<\/td><\/tr><tr><td>P.K.<\/td><td>4,700<\/td><\/tr><tr><td>ITURRIA \/ FUENTE<\/td><td>Euskal Trenbide Sarea (ETS) 2025<\/td><\/tr><tr><td>LU", "timestamp": null, "begin": null, "end": null, "altitudemo": "absolute", "tessellate": -1, "extrude": 0, "visibility": -1, "draworder": null, "icon": null }, "geometry": { "type": "MultiPoint", "coordinates": [ [ -325323.65502850973, 5357224.3111047726, 0.0 ] ] } },
{ "type": "Feature", "properties": { "id": 730, "name": "P.K. 4,800", "descriptio": "<html><body><table border=\"1\"><tr><th>Field Name<\/th><th>Field Value<\/th><\/tr><tr><td>LINEA \/ LÍNEA<\/td><td>LUTXANA-SONDIKA<\/td><\/tr><tr><td>P.K.<\/td><td>4,800<\/td><\/tr><tr><td>ITURRIA \/ FUENTE<\/td><td>Euskal Trenbide Sarea (ETS) 2025<\/td><\/tr><tr><td>LU", "timestamp": null, "begin": null, "end": null, "altitudemo": "absolute", "tessellate": -1, "extrude": 0, "visibility": -1, "draworder": null, "icon": null }, "geometry": { "type": "MultiPoint", "coordinates": [ [ -325197.84360802535, 5357165.3447486507, 0.0 ] ] } },
{ "type": "Feature", "properties": { "id": 731, "name": "P.K. 4,900", "descriptio": "<html><body><table border=\"1\"><tr><th>Field Name<\/th><th>Field Value<\/th><\/tr><tr><td>LINEA \/ LÍNEA<\/td><td>LUTXANA-SONDIKA<\/td><\/tr><tr><td>P.K.<\/td><td>4,900<\/td><\/tr><tr><td>ITURRIA \/ FUENTE<\/td><td>Euskal Trenbide Sarea (ETS) 2025<\/td><\/tr><tr><td>LU", "timestamp": null, "begin": null, "end": null, "altitudemo": "absolute", "tessellate": -1, "extrude": 0, "visibility": -1, "draworder": null, "icon": null }, "geometry": { "type": "MultiPoint", "coordinates": [ [ -325073.03486025194, 5357105.8466751333, 0.0 ] ] } },
{ "type": "Feature", "properties": { "id": 732, "name": "P.K. 5,000", "descriptio": "<html><body><table border=\"1\"><tr><th>Field Name<\/th><th>Field Value<\/th><\/tr><tr><td>LINEA \/ LÍNEA<\/td><td>LUTXANA-SONDIKA<\/td><\/tr><tr><td>P.K.<\/td><td>5,000<\/td><\/tr><tr><td>ITURRIA \/ FUENTE<\/td><td>Euskal Trenbide Sarea (ETS) 2025<\/td><\/tr><tr><td>LU", "timestamp": null, "begin": null, "end": null, "altitudemo": "absolute", "tessellate": -1, "extrude": 0, "visibility": -1, "draworder": null, "icon": null }, "geometry": { "type": "MultiPoint", "coordinates": [ [ -324953.10566330276, 5357048.634395442, 0.0 ] ] } },
{ "type": "Feature", "properties": { "id": 733, "name": "P.K. 5,100", "descriptio": "<html><body><table border=\"1\"><tr><th>Field Name<\/th><th>Field Value<\/th><\/tr><tr><td>LINEA \/ LÍNEA<\/td><td>LUTXANA-SONDIKA<\/td><\/tr><tr><td>P.K.<\/td><td>5,100<\/td><\/tr><tr><td>ITURRIA \/ FUENTE<\/td><td>Euskal Trenbide Sarea (ETS) 2025<\/td><\/tr><tr><td>LU", "timestamp": null, "begin": null, "end": null, "altitudemo": "absolute", "tessellate": -1, "extrude": 0, "visibility": -1, "draworder": null, "icon": null }, "geometry": { "type": "MultiPoint", "coordinates": [ [ -324827.64141615684, 5356994.9291819995, 0.0 ] ] } },
{ "type": "Feature", "properties": { "id": 740, "name": "P.K. 75,600", "descriptio": "<html><body><table border=\"1\"><tr><th>Field Name<\/th><th>Field Value<\/th><\/tr><tr><td>LINEA \/ LÍNEA<\/td><td>BILBO-DONOSTIA \/ BILBAO-SAN SEBASTIAN<\/td><\/tr><tr><td>P.K.<\/td><td>75,600<\/td><\/tr><tr><td>ITURRIA \/ FUENTE<\/td><td>Euskal Trenbide Sarea (ETS) 2", "timestamp": null, "begin": null, "end": null, "altitudemo": "absolute", "tessellate": -1, "extrude": 0, "visibility": -1, "draworder": null, "icon": null }, "geometry": { "type": "MultiPoint", "coordinates": [ [ -253113.17089474446, 5354059.800504216, 0.0 ] ] } },
{ "type": "Feature", "properties": { "id": 741, "name": "P.K. 75,700", "descriptio": "<html><body><table border=\"1\"><tr><th>Field Name<\/th><th>Field Value<\/th><\/tr><tr><td>LINEA \/ LÍNEA<\/td><td>BILBO-DONOSTIA \/ BILBAO-SAN SEBASTIAN<\/td><\/tr><tr><td>P.K.<\/td><td>75,700<\/td><\/tr><tr><td>ITURRIA \/ FUENTE<\/td><td>Euskal Trenbide Sarea (ETS) 2", "timestamp": null, "begin": null, "end": null, "altitudemo": "absolute", "tessellate": -1, "extrude": 0, "visibility": -1, "draworder": null, "icon": null }, "geometry": { "type": "MultiPoint", "coordinates": [ [ -252996.89365433293, 5354128.7562116217, 0.0 ] ] } },
{ "type": "Feature", "properties": { "id": 742, "name": "P.K. 75,800", "descriptio": "<html><body><table border=\"1\"><tr><th>Field Name<\/th><th>Field Value<\/th><\/tr><tr><td>LINEA \/ LÍNEA<\/td><td>BILBO-DONOSTIA \/ BILBAO-SAN SEBASTIAN<\/td><\/tr><tr><td>P.K.<\/td><td>75,800<\/td><\/tr><tr><td>ITURRIA \/ FUENTE<\/td><td>Euskal Trenbide Sarea (ETS) 2", "timestamp": null, "begin": null, "end": null, "altitudemo": "absolute", "tessellate": -1, "extrude": 0, "visibility": -1, "draworder": null, "icon": null }, "geometry": { "type": "MultiPoint", "coordinates": [ [ -252920.24553334393, 5354241.7282496188, 0.0 ] ] } },
{ "type": "Feature", "properties": { "id": 743, "name": "P.K. 75,900", "descriptio": "<html><body><table border=\"1\"><tr><th>Field Name<\/th><th>Field Value<\/th><\/tr><tr><td>LINEA \/ LÍNEA<\/td><td>BILBO-DONOSTIA \/ BILBAO-SAN SEBASTIAN<\/td><\/tr><tr><td>P.K.<\/td><td>75,900<\/td><\/tr><tr><td>ITURRIA \/ FUENTE<\/td><td>Euskal Trenbide Sarea (ETS) 2", "timestamp": null, "begin": null, "end": null, "altitudemo": "absolute", "tessellate": -1, "extrude": 0, "visibility": -1, "draworder": null, "icon": null }, "geometry": { "type": "MultiPoint", "coordinates": [ [ -252842.62782834118, 5354357.4598254161, 0.0 ] ] } },
{ "type": "Feature", "properties": { "id": 744, "name": "P.K. 76,000", "descriptio": "<html><body><table border=\"1\"><tr><th>Field Name<\/th><th>Field Value<\/th><\/tr><tr><td>LINEA \/ LÍNEA<\/td><td>BILBO-DONOSTIA \/ BILBAO-SAN SEBASTIAN<\/td><\/tr><tr><td>P.K.<\/td><td>76,000<\/td><\/tr><tr><td>ITURRIA \/ FUENTE<\/td><td>Euskal Trenbide Sarea (ETS) 2", "timestamp": null, "begin": null, "end": null, "altitudemo": "absolute", "tessellate": -1, "extrude": 0, "visibility": -1, "draworder": null, "icon": null }, "geometry": { "type": "MultiPoint", "coordinates": [ [ -252751.7123515475, 5354460.9503170894, 0.0 ] ] } },
{ "type": "Feature", "properties": { "id": 745, "name": "P.K. 76,100", "descriptio": "<html><body><table border=\"1\"><tr><th>Field Name<\/th><th>Field Value<\/th><\/tr><tr><td>LINEA \/ LÍNEA<\/td><td>BILBO-DONOSTIA \/ BILBAO-SAN SEBASTIAN<\/td><\/tr><tr><td>P.K.<\/td><td>76,100<\/td><\/tr><tr><td>ITURRIA \/ FUENTE<\/td><td>Euskal Trenbide Sarea (ETS) 2", "timestamp": null, "begin": null, "end": null, "altitudemo": "absolute", "tessellate": -1, "extrude": 0, "visibility": -1, "draworder": null, "icon": null }, "geometry": { "type": "MultiPoint", "coordinates": [ [ -252658.29504454168, 5354560.8751994893, 0.0 ] ] } },
{ "type": "Feature", "properties": { "id": 746, "name": "P.K. 76,200", "descriptio": "<html><body><table border=\"1\"><tr><th>Field Name<\/th><th>Field Value<\/th><\/tr><tr><td>LINEA \/ LÍNEA<\/td><td>BILBO-DONOSTIA \/ BILBAO-SAN SEBASTIAN<\/td><\/tr><tr><td>P.K.<\/td><td>76,200<\/td><\/tr><tr><td>ITURRIA \/ FUENTE<\/td><td>Euskal Trenbide Sarea (ETS) 2", "timestamp": null, "begin": null, "end": null, "altitudemo": "absolute", "tessellate": -1, "extrude": 0, "visibility": -1, "draworder": null, "icon": null }, "geometry": { "type": "MultiPoint", "coordinates": [ [ -252563.79686179466, 5354660.1178284837, 0.0 ] ] } },
{ "type": "Feature", "properties": { "id": 747, "name": "P.K. 76,300", "descriptio": "<html><body><table border=\"1\"><tr><th>Field Name<\/th><th>Field Value<\/th><\/tr><tr><td>LINEA \/ LÍNEA<\/td><td>BILBO-DONOSTIA \/ BILBAO-SAN SEBASTIAN<\/td><\/tr><tr><td>P.K.<\/td><td>76,300<\/td><\/tr><tr><td>ITURRIA \/ FUENTE<\/td><td>Euskal Trenbide Sarea (ETS) 2", "timestamp": null, "begin": null, "end": null, "altitudemo": "absolute", "tessellate": -1, "extrude": 0, "visibility": -1, "draworder": null, "icon": null }, "geometry": { "type": "MultiPoint", "coordinates": [ [ -252472.91837385646, 5354762.7025497351, 0.0 ] ] } },
{ "type": "Feature", "properties": { "id": 748, "name": "P.K. 76,400", "descriptio": "<html><body><table border=\"1\"><tr><th>Field Name<\/th><th>Field Value<\/th><\/tr><tr><td>LINEA \/ LÍNEA<\/td><td>BILBO-DONOSTIA \/ BILBAO-SAN SEBASTIAN<\/td><\/tr><tr><td>P.K.<\/td><td>76,400<\/td><\/tr><tr><td>ITURRIA \/ FUENTE<\/td><td>Euskal Trenbide Sarea (ETS) 2", "timestamp": null, "begin": null, "end": null, "altitudemo": "absolute", "tessellate": -1, "extrude": 0, "visibility": -1, "draworder": null, "icon": null }, "geometry": { "type": "MultiPoint", "coordinates": [ [ -252424.21881492398, 5354886.2100875108, 0.0 ] ] } },
{ "type": "Feature", "properties": { "id": 749, "name": "P.K. 76,500", "descriptio": "<html><body><table border=\"1\"><tr><th>Field Name<\/th><th>Field Value<\/th><\/tr><tr><td>LINEA \/ LÍNEA<\/td><td>BILBO-DONOSTIA \/ BILBAO-SAN SEBASTIAN<\/td><\/tr><tr><td>P.K.<\/td><td>76,500<\/td><\/tr><tr><td>ITURRIA \/ FUENTE<\/td><td>Euskal Trenbide Sarea (ETS) 2", "timestamp": null, "begin": null, "end": null, "altitudemo": "absolute", "tessellate": -1, "extrude": 0, "visibility": -1, "draworder": null, "icon": null }, "geometry": { "type": "MultiPoint", "coordinates": [ [ -252411.26925711517, 5355021.9502178961, 0.0 ] ] } },
{ "type": "Feature", "properties": { "id": 750, "name": "P.K. 76,600", "descriptio": "<html><body><table border=\"1\"><tr><th>Field Name<\/th><th>Field Value<\/th><\/tr><tr><td>LINEA \/ LÍNEA<\/td><td>BILBO-DONOSTIA \/ BILBAO-SAN SEBASTIAN<\/td><\/tr><tr><td>P.K.<\/td><td>76,600<\/td><\/tr><tr><td>ITURRIA \/ FUENTE<\/td><td>Euskal Trenbide Sarea (ETS) 2", "timestamp": null, "begin": null, "end": null, "altitudemo": "absolute", "tessellate": -1, "extrude": 0, "visibility": -1, "draworder": null, "icon": null }, "geometry": { "type": "MultiPoint", "coordinates": [ [ -252349.99729056505, 5355144.9155889312, 0.0 ] ] } },
{ "type": "Feature", "properties": { "id": 751, "name": "P.K. 76,700", "descriptio": "<html><body><table border=\"1\"><tr><th>Field Name<\/th><th>Field Value<\/th><\/tr><tr><td>LINEA \/ LÍNEA<\/td><td>BILBO-DONOSTIA \/ BILBAO-SAN SEBASTIAN<\/td><\/tr><tr><td>P.K.<\/td><td>76,700<\/td><\/tr><tr><td>ITURRIA \/ FUENTE<\/td><td>Euskal Trenbide Sarea (ETS) 2", "timestamp": null, "begin": null, "end": null, "altitudemo": "absolute", "tessellate": -1, "extrude": 0, "visibility": -1, "draworder": null, "icon": null }, "geometry": { "type": "MultiPoint", "coordinates": [ [ -252226.08982364557, 5355198.5734877679, 0.0 ] ] } },
{ "type": "Feature", "properties": { "id": 752, "name": "P.K. 76,800", "descriptio": "<html><body><table border=\"1\"><tr><th>Field Name<\/th><th>Field Value<\/th><\/tr><tr><td>LINEA \/ LÍNEA<\/td><td>BILBO-DONOSTIA \/ BILBAO-SAN SEBASTIAN<\/td><\/tr><tr><td>P.K.<\/td><td>76,800<\/td><\/tr><tr><td>ITURRIA \/ FUENTE<\/td><td>Euskal Trenbide Sarea (ETS) 2", "timestamp": null, "begin": null, "end": null, "altitudemo": "absolute", "tessellate": -1, "extrude": 0, "visibility": -1, "draworder": null, "icon": null }, "geometry": { "type": "MultiPoint", "coordinates": [ [ -252089.82516101346, 5355187.1659239447, 0.0 ] ] } },
{ "type": "Feature", "properties": { "id": 753, "name": "P.K. 76,900", "descriptio": "<html><body><table border=\"1\"><tr><th>Field Name<\/th><th>Field Value<\/th><\/tr><tr><td>LINEA \/ LÍNEA<\/td><td>BILBO-DONOSTIA \/ BILBAO-SAN SEBASTIAN<\/td><\/tr><tr><td>P.K.<\/td><td>76,900<\/td><\/tr><tr><td>ITURRIA \/ FUENTE<\/td><td>Euskal Trenbide Sarea (ETS) 2", "timestamp": null, "begin": null, "end": null, "altitudemo": "absolute", "tessellate": -1, "extrude": 0, "visibility": -1, "draworder": null, "icon": null }, "geometry": { "type": "MultiPoint", "coordinates": [ [ -251952.27590962657, 5355174.4301522076, 0.0 ] ] } },
{ "type": "Feature", "properties": { "id": 754, "name": "P.K. 77,000", "descriptio": "<html><body><table border=\"1\"><tr><th>Field Name<\/th><th>Field Value<\/th><\/tr><tr><td>LINEA \/ LÍNEA<\/td><td>BILBO-DONOSTIA \/ BILBAO-SAN SEBASTIAN<\/td><\/tr><tr><td>P.K.<\/td><td>77,000<\/td><\/tr><tr><td>ITURRIA \/ FUENTE<\/td><td>Euskal Trenbide Sarea (ETS) 2", "timestamp": null, "begin": null, "end": null, "altitudemo": "absolute", "tessellate": -1, "extrude": 0, "visibility": -1, "draworder": null, "icon": null }, "geometry": { "type": "MultiPoint", "coordinates": [ [ -251815.7308212136, 5355181.592734443, 0.0 ] ] } },
{ "type": "Feature", "properties": { "id": 755, "name": "P.K. 77,100", "descriptio": "<html><body><table border=\"1\"><tr><th>Field Name<\/th><th>Field Value<\/th><\/tr><tr><td>LINEA \/ LÍNEA<\/td><td>BILBO-DONOSTIA \/ BILBAO-SAN SEBASTIAN<\/td><\/tr><tr><td>P.K.<\/td><td>77,100<\/td><\/tr><tr><td>ITURRIA \/ FUENTE<\/td><td>Euskal Trenbide Sarea (ETS) 2", "timestamp": null, "begin": null, "end": null, "altitudemo": "absolute", "tessellate": -1, "extrude": 0, "visibility": -1, "draworder": null, "icon": null }, "geometry": { "type": "MultiPoint", "coordinates": [ [ -251678.78275094571, 5355190.0249326965, 0.0 ] ] } },
{ "type": "Feature", "properties": { "id": 756, "name": "P.K. 77,200", "descriptio": "<html><body><table border=\"1\"><tr><th>Field Name<\/th><th>Field Value<\/th><\/tr><tr><td>LINEA \/ LÍNEA<\/td><td>BILBO-DONOSTIA \/ BILBAO-SAN SEBASTIAN<\/td><\/tr><tr><td>P.K.<\/td><td>77,200<\/td><\/tr><tr><td>ITURRIA \/ FUENTE<\/td><td>Euskal Trenbide Sarea (ETS) 2", "timestamp": null, "begin": null, "end": null, "altitudemo": "absolute", "tessellate": -1, "extrude": 0, "visibility": -1, "draworder": null, "icon": null }, "geometry": { "type": "MultiPoint", "coordinates": [ [ -251542.47886004017, 5355195.6320202174, 0.0 ] ] } },
{ "type": "Feature", "properties": { "id": 757, "name": "P.K. 77,300", "descriptio": "<html><body><table border=\"1\"><tr><th>Field Name<\/th><th>Field Value<\/th><\/tr><tr><td>LINEA \/ LÍNEA<\/td><td>BILBO-DONOSTIA \/ BILBAO-SAN SEBASTIAN<\/td><\/tr><tr><td>P.K.<\/td><td>77,300<\/td><\/tr><tr><td>ITURRIA \/ FUENTE<\/td><td>Euskal Trenbide Sarea (ETS) 2", "timestamp": null, "begin": null, "end": null, "altitudemo": "absolute", "tessellate": -1, "extrude": 0, "visibility": -1, "draworder": null, "icon": null }, "geometry": { "type": "MultiPoint", "coordinates": [ [ -251409.25146786968, 5355206.4110261444, 0.0 ] ] } },
{ "type": "Feature", "properties": { "id": 758, "name": "P.K. 77,400", "descriptio": "<html><body><table border=\"1\"><tr><th>Field Name<\/th><th>Field Value<\/th><\/tr><tr><td>LINEA \/ LÍNEA<\/td><td>BILBO-DONOSTIA \/ BILBAO-SAN SEBASTIAN<\/td><\/tr><tr><td>P.K.<\/td><td>77,400<\/td><\/tr><tr><td>ITURRIA \/ FUENTE<\/td><td>Euskal Trenbide Sarea (ETS) 2", "timestamp": null, "begin": null, "end": null, "altitudemo": "absolute", "tessellate": -1, "extrude": 0, "visibility": -1, "draworder": null, "icon": null }, "geometry": { "type": "MultiPoint", "coordinates": [ [ -251276.20502452584, 5355242.1777570136, 0.0 ] ] } },
{ "type": "Feature", "properties": { "id": 759, "name": "P.K. 77,500", "descriptio": "<html><body><table border=\"1\"><tr><th>Field Name<\/th><th>Field Value<\/th><\/tr><tr><td>LINEA \/ LÍNEA<\/td><td>BILBO-DONOSTIA \/ BILBAO-SAN SEBASTIAN<\/td><\/tr><tr><td>P.K.<\/td><td>77,500<\/td><\/tr><tr><td>ITURRIA \/ FUENTE<\/td><td>Euskal Trenbide Sarea (ETS) 2", "timestamp": null, "begin": null, "end": null, "altitudemo": "absolute", "tessellate": -1, "extrude": 0, "visibility": -1, "draworder": null, "icon": null }, "geometry": { "type": "MultiPoint", "coordinates": [ [ -251168.21237033958, 5355324.1736664232, 0.0 ] ] } },
{ "type": "Feature", "properties": { "id": 760, "name": "P.K. 77,600", "descriptio": "<html><body><table border=\"1\"><tr><th>Field Name<\/th><th>Field Value<\/th><\/tr><tr><td>LINEA \/ LÍNEA<\/td><td>BILBO-DONOSTIA \/ BILBAO-SAN SEBASTIAN<\/td><\/tr><tr><td>P.K.<\/td><td>77,600<\/td><\/tr><tr><td>ITURRIA \/ FUENTE<\/td><td>Euskal Trenbide Sarea (ETS) 2", "timestamp": null, "begin": null, "end": null, "altitudemo": "absolute", "tessellate": -1, "extrude": 0, "visibility": -1, "draworder": null, "icon": null }, "geometry": { "type": "MultiPoint", "coordinates": [ [ -251097.21125067465, 5355443.1440031389, 0.0 ] ] } },
{ "type": "Feature", "properties": { "id": 761, "name": "P.K. 77,700", "descriptio": "<html><body><table border=\"1\"><tr><th>Field Name<\/th><th>Field Value<\/th><\/tr><tr><td>LINEA \/ LÍNEA<\/td><td>BILBO-DONOSTIA \/ BILBAO-SAN SEBASTIAN<\/td><\/tr><tr><td>P.K.<\/td><td>77,700<\/td><\/tr><tr><td>ITURRIA \/ FUENTE<\/td><td>Euskal Trenbide Sarea (ETS) 2", "timestamp": null, "begin": null, "end": null, "altitudemo": "absolute", "tessellate": -1, "extrude": 0, "visibility": -1, "draworder": null, "icon": null }, "geometry": { "type": "MultiPoint", "coordinates": [ [ -251068.0238982756, 5355576.1977613997, 0.0 ] ] } },
{ "type": "Feature", "properties": { "id": 762, "name": "P.K. 77,800", "descriptio": "<html><body><table border=\"1\"><tr><th>Field Name<\/th><th>Field Value<\/th><\/tr><tr><td>LINEA \/ LÍNEA<\/td><td>BILBO-DONOSTIA \/ BILBAO-SAN SEBASTIAN<\/td><\/tr><tr><td>P.K.<\/td><td>77,800<\/td><\/tr><tr><td>ITURRIA \/ FUENTE<\/td><td>Euskal Trenbide Sarea (ETS) 2", "timestamp": null, "begin": null, "end": null, "altitudemo": "absolute", "tessellate": -1, "extrude": 0, "visibility": -1, "draworder": null, "icon": null }, "geometry": { "type": "MultiPoint", "coordinates": [ [ -251037.04946865112, 5355709.0198887205, 0.0 ] ] } },
{ "type": "Feature", "properties": { "id": 763, "name": "P.K. 77,900", "descriptio": "<html><body><table border=\"1\"><tr><th>Field Name<\/th><th>Field Value<\/th><\/tr><tr><td>LINEA \/ LÍNEA<\/td><td>BILBO-DONOSTIA \/ BILBAO-SAN SEBASTIAN<\/td><\/tr><tr><td>P.K.<\/td><td>77,900<\/td><\/tr><tr><td>ITURRIA \/ FUENTE<\/td><td>Euskal Trenbide Sarea (ETS) 2", "timestamp": null, "begin": null, "end": null, "altitudemo": "absolute", "tessellate": -1, "extrude": 0, "visibility": -1, "draworder": null, "icon": null }, "geometry": { "type": "MultiPoint", "coordinates": [ [ -251008.38046190049, 5355843.0163252074, 0.0 ] ] } },
{ "type": "Feature", "properties": { "id": 764, "name": "P.K. 78,000", "descriptio": "<html><body><table border=\"1\"><tr><th>Field Name<\/th><th>Field Value<\/th><\/tr><tr><td>LINEA \/ LÍNEA<\/td><td>BILBO-DONOSTIA \/ BILBAO-SAN SEBASTIAN<\/td><\/tr><tr><td>P.K.<\/td><td>78,000<\/td><\/tr><tr><td>ITURRIA \/ FUENTE<\/td><td>Euskal Trenbide Sarea (ETS) 2", "timestamp": null, "begin": null, "end": null, "altitudemo": "absolute", "tessellate": -1, "extrude": 0, "visibility": -1, "draworder": null, "icon": null }, "geometry": { "type": "MultiPoint", "coordinates": [ [ -250977.00006229285, 5355978.5539721837, 0.0 ] ] } },
{ "type": "Feature", "properties": { "id": 765, "name": "P.K. 78,100", "descriptio": "<html><body><table border=\"1\"><tr><th>Field Name<\/th><th>Field Value<\/th><\/tr><tr><td>LINEA \/ LÍNEA<\/td><td>BILBO-DONOSTIA \/ BILBAO-SAN SEBASTIAN<\/td><\/tr><tr><td>P.K.<\/td><td>78,100<\/td><\/tr><tr><td>ITURRIA \/ FUENTE<\/td><td>Euskal Trenbide Sarea (ETS) 2", "timestamp": null, "begin": null, "end": null, "altitudemo": "absolute", "tessellate": -1, "extrude": 0, "visibility": -1, "draworder": null, "icon": null }, "geometry": { "type": "MultiPoint", "coordinates": [ [ -250948.22938848889, 5356111.3709191028, 0.0 ] ] } },
{ "type": "Feature", "properties": { "id": 766, "name": "P.K. 78,200", "descriptio": "<html><body><table border=\"1\"><tr><th>Field Name<\/th><th>Field Value<\/th><\/tr><tr><td>LINEA \/ LÍNEA<\/td><td>BILBO-DONOSTIA \/ BILBAO-SAN SEBASTIAN<\/td><\/tr><tr><td>P.K.<\/td><td>78,200<\/td><\/tr><tr><td>ITURRIA \/ FUENTE<\/td><td>Euskal Trenbide Sarea (ETS) 2", "timestamp": null, "begin": null, "end": null, "altitudemo": "absolute", "tessellate": -1, "extrude": 0, "visibility": -1, "draworder": null, "icon": null }, "geometry": { "type": "MultiPoint", "coordinates": [ [ -250909.54534121894, 5356244.1077121897, 0.0 ] ] } },
{ "type": "Feature", "properties": { "id": 767, "name": "P.K. 78,300", "descriptio": "<html><body><table border=\"1\"><tr><th>Field Name<\/th><th>Field Value<\/th><\/tr><tr><td>LINEA \/ LÍNEA<\/td><td>BILBO-DONOSTIA \/ BILBAO-SAN SEBASTIAN<\/td><\/tr><tr><td>P.K.<\/td><td>78,300<\/td><\/tr><tr><td>ITURRIA \/ FUENTE<\/td><td>Euskal Trenbide Sarea (ETS) 2", "timestamp": null, "begin": null, "end": null, "altitudemo": "absolute", "tessellate": -1, "extrude": 0, "visibility": -1, "draworder": null, "icon": null }, "geometry": { "type": "MultiPoint", "coordinates": [ [ -250838.01360932921, 5356344.2267641351, 0.0 ] ] } },
{ "type": "Feature", "properties": { "id": 768, "name": "P.K. 78,400", "descriptio": "<html><body><table border=\"1\"><tr><th>Field Name<\/th><th>Field Value<\/th><\/tr><tr><td>LINEA \/ LÍNEA<\/td><td>BILBO-DONOSTIA \/ BILBAO-SAN SEBASTIAN<\/td><\/tr><tr><td>P.K.<\/td><td>78,400<\/td><\/tr><tr><td>ITURRIA \/ FUENTE<\/td><td>Euskal Trenbide Sarea (ETS) 2", "timestamp": null, "begin": null, "end": null, "altitudemo": "absolute", "tessellate": -1, "extrude": 0, "visibility": -1, "draworder": null, "icon": null }, "geometry": { "type": "MultiPoint", "coordinates": [ [ -250735.74886834197, 5356409.3015342662, 0.0 ] ] } },
{ "type": "Feature", "properties": { "id": 769, "name": "P.K. 78,500", "descriptio": "<html><body><table border=\"1\"><tr><th>Field Name<\/th><th>Field Value<\/th><\/tr><tr><td>LINEA \/ LÍNEA<\/td><td>BILBO-DONOSTIA \/ BILBAO-SAN SEBASTIAN<\/td><\/tr><tr><td>P.K.<\/td><td>78,500<\/td><\/tr><tr><td>ITURRIA \/ FUENTE<\/td><td>Euskal Trenbide Sarea (ETS) 2", "timestamp": null, "begin": null, "end": null, "altitudemo": "absolute", "tessellate": -1, "extrude": 0, "visibility": -1, "draworder": null, "icon": null }, "geometry": { "type": "MultiPoint", "coordinates": [ [ -250625.33266306785, 5356464.0167204542, 0.0 ] ] } },
{ "type": "Feature", "properties": { "id": 770, "name": "P.K. 78,600", "descriptio": "<html><body><table border=\"1\"><tr><th>Field Name<\/th><th>Field Value<\/th><\/tr><tr><td>LINEA \/ LÍNEA<\/td><td>BILBO-DONOSTIA \/ BILBAO-SAN SEBASTIAN<\/td><\/tr><tr><td>P.K.<\/td><td>78,600<\/td><\/tr><tr><td>ITURRIA \/ FUENTE<\/td><td>Euskal Trenbide Sarea (ETS) 2", "timestamp": null, "begin": null, "end": null, "altitudemo": "absolute", "tessellate": -1, "extrude": 0, "visibility": -1, "draworder": null, "icon": null }, "geometry": { "type": "MultiPoint", "coordinates": [ [ -250489.99419133837, 5356483.8429648858, 0.0 ] ] } },
{ "type": "Feature", "properties": { "id": 771, "name": "P.K. 78,700", "descriptio": "<html><body><table border=\"1\"><tr><th>Field Name<\/th><th>Field Value<\/th><\/tr><tr><td>LINEA \/ LÍNEA<\/td><td>BILBO-DONOSTIA \/ BILBAO-SAN SEBASTIAN<\/td><\/tr><tr><td>P.K.<\/td><td>78,700<\/td><\/tr><tr><td>ITURRIA \/ FUENTE<\/td><td>Euskal Trenbide Sarea (ETS) 2", "timestamp": null, "begin": null, "end": null, "altitudemo": "absolute", "tessellate": -1, "extrude": 0, "visibility": -1, "draworder": null, "icon": null }, "geometry": { "type": "MultiPoint", "coordinates": [ [ -250351.48527195316, 5356499.4385074163, 0.0 ] ] } },
{ "type": "Feature", "properties": { "id": 772, "name": "P.K. 78,800", "descriptio": "<html><body><table border=\"1\"><tr><th>Field Name<\/th><th>Field Value<\/th><\/tr><tr><td>LINEA \/ LÍNEA<\/td><td>BILBO-DONOSTIA \/ BILBAO-SAN SEBASTIAN<\/td><\/tr><tr><td>P.K.<\/td><td>78,800<\/td><\/tr><tr><td>ITURRIA \/ FUENTE<\/td><td>Euskal Trenbide Sarea (ETS) 2", "timestamp": null, "begin": null, "end": null, "altitudemo": "absolute", "tessellate": -1, "extrude": 0, "visibility": -1, "draworder": null, "icon": null }, "geometry": { "type": "MultiPoint", "coordinates": [ [ -250215.69572184145, 5356475.0794950109, 0.0 ] ] } },
{ "type": "Feature", "properties": { "id": 773, "name": "P.K. 78,900", "descriptio": "<html><body><table border=\"1\"><tr><th>Field Name<\/th><th>Field Value<\/th><\/tr><tr><td>LINEA \/ LÍNEA<\/td><td>BILBO-DONOSTIA \/ BILBAO-SAN SEBASTIAN<\/td><\/tr><tr><td>P.K.<\/td><td>78,900<\/td><\/tr><tr><td>ITURRIA \/ FUENTE<\/td><td>Euskal Trenbide Sarea (ETS) 2", "timestamp": null, "begin": null, "end": null, "altitudemo": "absolute", "tessellate": -1, "extrude": 0, "visibility": -1, "draworder": null, "icon": null }, "geometry": { "type": "MultiPoint", "coordinates": [ [ -250081.68371265387, 5356459.3886032254, 0.0 ] ] } },
{ "type": "Feature", "properties": { "id": 774, "name": "P.K. 79,000", "descriptio": "<html><body><table border=\"1\"><tr><th>Field Name<\/th><th>Field Value<\/th><\/tr><tr><td>LINEA \/ LÍNEA<\/td><td>BILBO-DONOSTIA \/ BILBAO-SAN SEBASTIAN<\/td><\/tr><tr><td>P.K.<\/td><td>79,000<\/td><\/tr><tr><td>ITURRIA \/ FUENTE<\/td><td>Euskal Trenbide Sarea (ETS) 2", "timestamp": null, "begin": null, "end": null, "altitudemo": "absolute", "tessellate": -1, "extrude": 0, "visibility": -1, "draworder": null, "icon": null }, "geometry": { "type": "MultiPoint", "coordinates": [ [ -249941.99468550758, 5356467.2784326663, 0.0 ] ] } },
{ "type": "Feature", "properties": { "id": 775, "name": "P.K. 79,100", "descriptio": "<html><body><table border=\"1\"><tr><th>Field Name<\/th><th>Field Value<\/th><\/tr><tr><td>LINEA \/ LÍNEA<\/td><td>BILBO-DONOSTIA \/ BILBAO-SAN SEBASTIAN<\/td><\/tr><tr><td>P.K.<\/td><td>79,100<\/td><\/tr><tr><td>ITURRIA \/ FUENTE<\/td><td>Euskal Trenbide Sarea (ETS) 2", "timestamp": null, "begin": null, "end": null, "altitudemo": "absolute", "tessellate": -1, "extrude": 0, "visibility": -1, "draworder": null, "icon": null }, "geometry": { "type": "MultiPoint", "coordinates": [ [ -249804.82729100235, 5356477.3955214461, 0.0 ] ] } },
{ "type": "Feature", "properties": { "id": 776, "name": "P.K. 79,200", "descriptio": "<html><body><table border=\"1\"><tr><th>Field Name<\/th><th>Field Value<\/th><\/tr><tr><td>LINEA \/ LÍNEA<\/td><td>BILBO-DONOSTIA \/ BILBAO-SAN SEBASTIAN<\/td><\/tr><tr><td>P.K.<\/td><td>79,200<\/td><\/tr><tr><td>ITURRIA \/ FUENTE<\/td><td>Euskal Trenbide Sarea (ETS) 2", "timestamp": null, "begin": null, "end": null, "altitudemo": "absolute", "tessellate": -1, "extrude": 0, "visibility": -1, "draworder": null, "icon": null }, "geometry": { "type": "MultiPoint", "coordinates": [ [ -249668.88763423936, 5356485.384150045, 0.0 ] ] } },
{ "type": "Feature", "properties": { "id": 777, "name": "P.K. 79,300", "descriptio": "<html><body><table border=\"1\"><tr><th>Field Name<\/th><th>Field Value<\/th><\/tr><tr><td>LINEA \/ LÍNEA<\/td><td>BILBO-DONOSTIA \/ BILBAO-SAN SEBASTIAN<\/td><\/tr><tr><td>P.K.<\/td><td>79,300<\/td><\/tr><tr><td>ITURRIA \/ FUENTE<\/td><td>Euskal Trenbide Sarea (ETS) 2", "timestamp": null, "begin": null, "end": null, "altitudemo": "absolute", "tessellate": -1, "extrude": 0, "visibility": -1, "draworder": null, "icon": null }, "geometry": { "type": "MultiPoint", "coordinates": [ [ -249531.76598043213, 5356493.7202851614, 0.0 ] ] } },
{ "type": "Feature", "properties": { "id": 778, "name": "P.K. 79,400", "descriptio": "<html><body><table border=\"1\"><tr><th>Field Name<\/th><th>Field Value<\/th><\/tr><tr><td>LINEA \/ LÍNEA<\/td><td>BILBO-DONOSTIA \/ BILBAO-SAN SEBASTIAN<\/td><\/tr><tr><td>P.K.<\/td><td>79,400<\/td><\/tr><tr><td>ITURRIA \/ FUENTE<\/td><td>Euskal Trenbide Sarea (ETS) 2", "timestamp": null, "begin": null, "end": null, "altitudemo": "absolute", "tessellate": -1, "extrude": 0, "visibility": -1, "draworder": null, "icon": null }, "geometry": { "type": "MultiPoint", "coordinates": [ [ -249394.8310332176, 5356501.0664830348, 0.0 ] ] } },
{ "type": "Feature", "properties": { "id": 779, "name": "P.K. 79,500", "descriptio": "<html><body><table border=\"1\"><tr><th>Field Name<\/th><th>Field Value<\/th><\/tr><tr><td>LINEA \/ LÍNEA<\/td><td>BILBO-DONOSTIA \/ BILBAO-SAN SEBASTIAN<\/td><\/tr><tr><td>P.K.<\/td><td>79,500<\/td><\/tr><tr><td>ITURRIA \/ FUENTE<\/td><td>Euskal Trenbide Sarea (ETS) 2", "timestamp": null, "begin": null, "end": null, "altitudemo": "absolute", "tessellate": -1, "extrude": 0, "visibility": -1, "draworder": null, "icon": null }, "geometry": { "type": "MultiPoint", "coordinates": [ [ -249257.26065919705, 5356508.820892388, 0.0 ] ] } },
{ "type": "Feature", "properties": { "id": 780, "name": "P.K. 79,600", "descriptio": "<html><body><table border=\"1\"><tr><th>Field Name<\/th><th>Field Value<\/th><\/tr><tr><td>LINEA \/ LÍNEA<\/td><td>BILBO-DONOSTIA \/ BILBAO-SAN SEBASTIAN<\/td><\/tr><tr><td>P.K.<\/td><td>79,600<\/td><\/tr><tr><td>ITURRIA \/ FUENTE<\/td><td>Euskal Trenbide Sarea (ETS) 2", "timestamp": null, "begin": null, "end": null, "altitudemo": "absolute", "tessellate": -1, "extrude": 0, "visibility": -1, "draworder": null, "icon": null }, "geometry": { "type": "MultiPoint", "coordinates": [ [ -249124.34214745829, 5356509.4465424474, 0.0 ] ] } },
{ "type": "Feature", "properties": { "id": 781, "name": "P.K. 79,700", "descriptio": "<html><body><table border=\"1\"><tr><th>Field Name<\/th><th>Field Value<\/th><\/tr><tr><td>LINEA \/ LÍNEA<\/td><td>BILBO-DONOSTIA \/ BILBAO-SAN SEBASTIAN<\/td><\/tr><tr><td>P.K.<\/td><td>79,700<\/td><\/tr><tr><td>ITURRIA \/ FUENTE<\/td><td>Euskal Trenbide Sarea (ETS) 2", "timestamp": null, "begin": null, "end": null, "altitudemo": "absolute", "tessellate": -1, "extrude": 0, "visibility": -1, "draworder": null, "icon": null }, "geometry": { "type": "MultiPoint", "coordinates": [ [ -248993.17925202393, 5356472.899420144, 0.0 ] ] } },
{ "type": "Feature", "properties": { "id": 782, "name": "P.K. 79,800", "descriptio": "<html><body><table border=\"1\"><tr><th>Field Name<\/th><th>Field Value<\/th><\/tr><tr><td>LINEA \/ LÍNEA<\/td><td>BILBO-DONOSTIA \/ BILBAO-SAN SEBASTIAN<\/td><\/tr><tr><td>P.K.<\/td><td>79,800<\/td><\/tr><tr><td>ITURRIA \/ FUENTE<\/td><td>Euskal Trenbide Sarea (ETS) 2", "timestamp": null, "begin": null, "end": null, "altitudemo": "absolute", "tessellate": -1, "extrude": 0, "visibility": -1, "draworder": null, "icon": null }, "geometry": { "type": "MultiPoint", "coordinates": [ [ -248880.03332586793, 5356395.3023145562, 0.0 ] ] } },
{ "type": "Feature", "properties": { "id": 783, "name": "P.K. 79,900", "descriptio": "<html><body><table border=\"1\"><tr><th>Field Name<\/th><th>Field Value<\/th><\/tr><tr><td>LINEA \/ LÍNEA<\/td><td>BILBO-DONOSTIA \/ BILBAO-SAN SEBASTIAN<\/td><\/tr><tr><td>P.K.<\/td><td>79,900<\/td><\/tr><tr><td>ITURRIA \/ FUENTE<\/td><td>Euskal Trenbide Sarea (ETS) 2", "timestamp": null, "begin": null, "end": null, "altitudemo": "absolute", "tessellate": -1, "extrude": 0, "visibility": -1, "draworder": null, "icon": null }, "geometry": { "type": "MultiPoint", "coordinates": [ [ -248788.76436649787, 5356292.3247150201, 0.0 ] ] } },
{ "type": "Feature", "properties": { "id": 784, "name": "P.K. 80,000", "descriptio": "<html><body><table border=\"1\"><tr><th>Field Name<\/th><th>Field Value<\/th><\/tr><tr><td>LINEA \/ LÍNEA<\/td><td>BILBO-DONOSTIA \/ BILBAO-SAN SEBASTIAN<\/td><\/tr><tr><td>P.K.<\/td><td>80,000<\/td><\/tr><tr><td>ITURRIA \/ FUENTE<\/td><td>Euskal Trenbide Sarea (ETS) 2", "timestamp": null, "begin": null, "end": null, "altitudemo": "absolute", "tessellate": -1, "extrude": 0, "visibility": -1, "draworder": null, "icon": null }, "geometry": { "type": "MultiPoint", "coordinates": [ [ -248699.03460999121, 5356186.6677565789, 0.0 ] ] } },
{ "type": "Feature", "properties": { "id": 785, "name": "P.K. 80,100", "descriptio": "<html><body><table border=\"1\"><tr><th>Field Name<\/th><th>Field Value<\/th><\/tr><tr><td>LINEA \/ LÍNEA<\/td><td>BILBO-DONOSTIA \/ BILBAO-SAN SEBASTIAN<\/td><\/tr><tr><td>P.K.<\/td><td>80,100<\/td><\/tr><tr><td>ITURRIA \/ FUENTE<\/td><td>Euskal Trenbide Sarea (ETS) 2", "timestamp": null, "begin": null, "end": null, "altitudemo": "absolute", "tessellate": -1, "extrude": 0, "visibility": -1, "draworder": null, "icon": null }, "geometry": { "type": "MultiPoint", "coordinates": [ [ -248612.37313895841, 5356086.3724192204, 0.0 ] ] } },
{ "type": "Feature", "properties": { "id": 786, "name": "P.K. 80,200", "descriptio": "<html><body><table border=\"1\"><tr><th>Field Name<\/th><th>Field Value<\/th><\/tr><tr><td>LINEA \/ LÍNEA<\/td><td>BILBO-DONOSTIA \/ BILBAO-SAN SEBASTIAN<\/td><\/tr><tr><td>P.K.<\/td><td>80,200<\/td><\/tr><tr><td>ITURRIA \/ FUENTE<\/td><td>Euskal Trenbide Sarea (ETS) 2", "timestamp": null, "begin": null, "end": null, "altitudemo": "absolute", "tessellate": -1, "extrude": 0, "visibility": -1, "draworder": null, "icon": null }, "geometry": { "type": "MultiPoint", "coordinates": [ [ -248505.21559914798, 5356007.7366441265, 0.0 ] ] } },
{ "type": "Feature", "properties": { "id": 787, "name": "P.K. 80,300", "descriptio": "<html><body><table border=\"1\"><tr><th>Field Name<\/th><th>Field Value<\/th><\/tr><tr><td>LINEA \/ LÍNEA<\/td><td>BILBO-DONOSTIA \/ BILBAO-SAN SEBASTIAN<\/td><\/tr><tr><td>P.K.<\/td><td>80,300<\/td><\/tr><tr><td>ITURRIA \/ FUENTE<\/td><td>Euskal Trenbide Sarea (ETS) 2", "timestamp": null, "begin": null, "end": null, "altitudemo": "absolute", "tessellate": -1, "extrude": 0, "visibility": -1, "draworder": null, "icon": null }, "geometry": { "type": "MultiPoint", "coordinates": [ [ -248372.68545489697, 5355964.8325433834, 0.0 ] ] } },
{ "type": "Feature", "properties": { "id": 788, "name": "P.K. 80,400", "descriptio": "<html><body><table border=\"1\"><tr><th>Field Name<\/th><th>Field Value<\/th><\/tr><tr><td>LINEA \/ LÍNEA<\/td><td>BILBO-DONOSTIA \/ BILBAO-SAN SEBASTIAN<\/td><\/tr><tr><td>P.K.<\/td><td>80,400<\/td><\/tr><tr><td>ITURRIA \/ FUENTE<\/td><td>Euskal Trenbide Sarea (ETS) 2", "timestamp": null, "begin": null, "end": null, "altitudemo": "absolute", "tessellate": -1, "extrude": 0, "visibility": -1, "draworder": null, "icon": null }, "geometry": { "type": "MultiPoint", "coordinates": [ [ -248239.76252510407, 5355922.5623447997, 0.0 ] ] } },
{ "type": "Feature", "properties": { "id": 789, "name": "P.K. 80,500", "descriptio": "<html><body><table border=\"1\"><tr><th>Field Name<\/th><th>Field Value<\/th><\/tr><tr><td>LINEA \/ LÍNEA<\/td><td>BILBO-DONOSTIA \/ BILBAO-SAN SEBASTIAN<\/td><\/tr><tr><td>P.K.<\/td><td>80,500<\/td><\/tr><tr><td>ITURRIA \/ FUENTE<\/td><td>Euskal Trenbide Sarea (ETS) 2", "timestamp": null, "begin": null, "end": null, "altitudemo": "absolute", "tessellate": -1, "extrude": 0, "visibility": -1, "draworder": null, "icon": null }, "geometry": { "type": "MultiPoint", "coordinates": [ [ -248108.73956982241, 5355880.3990534758, 0.0 ] ] } },
{ "type": "Feature", "properties": { "id": 790, "name": "P.K. 80,600", "descriptio": "<html><body><table border=\"1\"><tr><th>Field Name<\/th><th>Field Value<\/th><\/tr><tr><td>LINEA \/ LÍNEA<\/td><td>BILBO-DONOSTIA \/ BILBAO-SAN SEBASTIAN<\/td><\/tr><tr><td>P.K.<\/td><td>80,600<\/td><\/tr><tr><td>ITURRIA \/ FUENTE<\/td><td>Euskal Trenbide Sarea (ETS) 2", "timestamp": null, "begin": null, "end": null, "altitudemo": "absolute", "tessellate": -1, "extrude": 0, "visibility": -1, "draworder": null, "icon": null }, "geometry": { "type": "MultiPoint", "coordinates": [ [ -247977.37018876255, 5355840.0879778313, 0.0 ] ] } },
{ "type": "Feature", "properties": { "id": 791, "name": "P.K. 80,700", "descriptio": "<html><body><table border=\"1\"><tr><th>Field Name<\/th><th>Field Value<\/th><\/tr><tr><td>LINEA \/ LÍNEA<\/td><td>BILBO-DONOSTIA \/ BILBAO-SAN SEBASTIAN<\/td><\/tr><tr><td>P.K.<\/td><td>80,700<\/td><\/tr><tr><td>ITURRIA \/ FUENTE<\/td><td>Euskal Trenbide Sarea (ETS) 2", "timestamp": null, "begin": null, "end": null, "altitudemo": "absolute", "tessellate": -1, "extrude": 0, "visibility": -1, "draworder": null, "icon": null }, "geometry": { "type": "MultiPoint", "coordinates": [ [ -247846.00382556047, 5355796.8509490564, 0.0 ] ] } },
{ "type": "Feature", "properties": { "id": 792, "name": "P.K. 80,800", "descriptio": "<html><body><table border=\"1\"><tr><th>Field Name<\/th><th>Field Value<\/th><\/tr><tr><td>LINEA \/ LÍNEA<\/td><td>BILBO-DONOSTIA \/ BILBAO-SAN SEBASTIAN<\/td><\/tr><tr><td>P.K.<\/td><td>80,800<\/td><\/tr><tr><td>ITURRIA \/ FUENTE<\/td><td>Euskal Trenbide Sarea (ETS) 2", "timestamp": null, "begin": null, "end": null, "altitudemo": "absolute", "tessellate": -1, "extrude": 0, "visibility": -1, "draworder": null, "icon": null }, "geometry": { "type": "MultiPoint", "coordinates": [ [ -247714.55146809528, 5355756.1328163696, 0.0 ] ] } },
{ "type": "Feature", "properties": { "id": 793, "name": "P.K. 80,900", "descriptio": "<html><body><table border=\"1\"><tr><th>Field Name<\/th><th>Field Value<\/th><\/tr><tr><td>LINEA \/ LÍNEA<\/td><td>BILBO-DONOSTIA \/ BILBAO-SAN SEBASTIAN<\/td><\/tr><tr><td>P.K.<\/td><td>80,900<\/td><\/tr><tr><td>ITURRIA \/ FUENTE<\/td><td>Euskal Trenbide Sarea (ETS) 2", "timestamp": null, "begin": null, "end": null, "altitudemo": "absolute", "tessellate": -1, "extrude": 0, "visibility": -1, "draworder": null, "icon": null }, "geometry": { "type": "MultiPoint", "coordinates": [ [ -247583.95092134582, 5355714.0865900442, 0.0 ] ] } },
{ "type": "Feature", "properties": { "id": 794, "name": "P.K. 81,000", "descriptio": "<html><body><table border=\"1\"><tr><th>Field Name<\/th><th>Field Value<\/th><\/tr><tr><td>LINEA \/ LÍNEA<\/td><td>BILBO-DONOSTIA \/ BILBAO-SAN SEBASTIAN<\/td><\/tr><tr><td>P.K.<\/td><td>81,000<\/td><\/tr><tr><td>ITURRIA \/ FUENTE<\/td><td>Euskal Trenbide Sarea (ETS) 2", "timestamp": null, "begin": null, "end": null, "altitudemo": "absolute", "tessellate": -1, "extrude": 0, "visibility": -1, "draworder": null, "icon": null }, "geometry": { "type": "MultiPoint", "coordinates": [ [ -247452.69955772799, 5355674.6569763236, 0.0 ] ] } },
{ "type": "Feature", "properties": { "id": 795, "name": "P.K. 81,100", "descriptio": "<html><body><table border=\"1\"><tr><th>Field Name<\/th><th>Field Value<\/th><\/tr><tr><td>LINEA \/ LÍNEA<\/td><td>BILBO-DONOSTIA \/ BILBAO-SAN SEBASTIAN<\/td><\/tr><tr><td>P.K.<\/td><td>81,100<\/td><\/tr><tr><td>ITURRIA \/ FUENTE<\/td><td>Euskal Trenbide Sarea (ETS) 2", "timestamp": null, "begin": null, "end": null, "altitudemo": "absolute", "tessellate": -1, "extrude": 0, "visibility": -1, "draworder": null, "icon": null }, "geometry": { "type": "MultiPoint", "coordinates": [ [ -247320.84081979358, 5355626.4695783043, 0.0 ] ] } },
{ "type": "Feature", "properties": { "id": 796, "name": "P.K. 81,200", "descriptio": "<html><body><table border=\"1\"><tr><th>Field Name<\/th><th>Field Value<\/th><\/tr><tr><td>LINEA \/ LÍNEA<\/td><td>BILBO-DONOSTIA \/ BILBAO-SAN SEBASTIAN<\/td><\/tr><tr><td>P.K.<\/td><td>81,200<\/td><\/tr><tr><td>ITURRIA \/ FUENTE<\/td><td>Euskal Trenbide Sarea (ETS) 2", "timestamp": null, "begin": null, "end": null, "altitudemo": "absolute", "tessellate": -1, "extrude": 0, "visibility": -1, "draworder": null, "icon": null }, "geometry": { "type": "MultiPoint", "coordinates": [ [ -247182.67075669576, 5355619.9973756624, 0.0 ] ] } },
{ "type": "Feature", "properties": { "id": 797, "name": "P.K. 81,300", "descriptio": "<html><body><table border=\"1\"><tr><th>Field Name<\/th><th>Field Value<\/th><\/tr><tr><td>LINEA \/ LÍNEA<\/td><td>BILBO-DONOSTIA \/ BILBAO-SAN SEBASTIAN<\/td><\/tr><tr><td>P.K.<\/td><td>81,300<\/td><\/tr><tr><td>ITURRIA \/ FUENTE<\/td><td>Euskal Trenbide Sarea (ETS) 2", "timestamp": null, "begin": null, "end": null, "altitudemo": "absolute", "tessellate": -1, "extrude": 0, "visibility": -1, "draworder": null, "icon": null }, "geometry": { "type": "MultiPoint", "coordinates": [ [ -247048.84669791421, 5355648.7598266276, 0.0 ] ] } },
{ "type": "Feature", "properties": { "id": 798, "name": "P.K. 81,400", "descriptio": "<html><body><table border=\"1\"><tr><th>Field Name<\/th><th>Field Value<\/th><\/tr><tr><td>LINEA \/ LÍNEA<\/td><td>BILBO-DONOSTIA \/ BILBAO-SAN SEBASTIAN<\/td><\/tr><tr><td>P.K.<\/td><td>81,400<\/td><\/tr><tr><td>ITURRIA \/ FUENTE<\/td><td>Euskal Trenbide Sarea (ETS) 2", "timestamp": null, "begin": null, "end": null, "altitudemo": "absolute", "tessellate": -1, "extrude": 0, "visibility": -1, "draworder": null, "icon": null }, "geometry": { "type": "MultiPoint", "coordinates": [ [ -246917.93535894313, 5355610.7743147016, 0.0 ] ] } },
{ "type": "Feature", "properties": { "id": 799, "name": "P.K. 81,500", "descriptio": "<html><body><table border=\"1\"><tr><th>Field Name<\/th><th>Field Value<\/th><\/tr><tr><td>LINEA \/ LÍNEA<\/td><td>BILBO-DONOSTIA \/ BILBAO-SAN SEBASTIAN<\/td><\/tr><tr><td>P.K.<\/td><td>81,500<\/td><\/tr><tr><td>ITURRIA \/ FUENTE<\/td><td>Euskal Trenbide Sarea (ETS) 2", "timestamp": null, "begin": null, "end": null, "altitudemo": "absolute", "tessellate": -1, "extrude": 0, "visibility": -1, "draworder": null, "icon": null }, "geometry": { "type": "MultiPoint", "coordinates": [ [ -246847.19438875085, 5355493.0780261792, 0.0 ] ] } },
{ "type": "Feature", "properties": { "id": 800, "name": "P.K. 81,600", "descriptio": "<html><body><table border=\"1\"><tr><th>Field Name<\/th><th>Field Value<\/th><\/tr><tr><td>LINEA \/ LÍNEA<\/td><td>BILBO-DONOSTIA \/ BILBAO-SAN SEBASTIAN<\/td><\/tr><tr><td>P.K.<\/td><td>81,600<\/td><\/tr><tr><td>ITURRIA \/ FUENTE<\/td><td>Euskal Trenbide Sarea (ETS) 2", "timestamp": null, "begin": null, "end": null, "altitudemo": "absolute", "tessellate": -1, "extrude": 0, "visibility": -1, "draworder": null, "icon": null }, "geometry": { "type": "MultiPoint", "coordinates": [ [ -246798.2387178161, 5355368.1601107745, 0.0 ] ] } },
{ "type": "Feature", "properties": { "id": 801, "name": "P.K. 81,700", "descriptio": "<html><body><table border=\"1\"><tr><th>Field Name<\/th><th>Field Value<\/th><\/tr><tr><td>LINEA \/ LÍNEA<\/td><td>BILBO-DONOSTIA \/ BILBAO-SAN SEBASTIAN<\/td><\/tr><tr><td>P.K.<\/td><td>81,700<\/td><\/tr><tr><td>ITURRIA \/ FUENTE<\/td><td>Euskal Trenbide Sarea (ETS) 2", "timestamp": null, "begin": null, "end": null, "altitudemo": "absolute", "tessellate": -1, "extrude": 0, "visibility": -1, "draworder": null, "icon": null }, "geometry": { "type": "MultiPoint", "coordinates": [ [ -246717.29434872483, 5355259.650255234, 0.0 ] ] } },
{ "type": "Feature", "properties": { "id": 802, "name": "P.K. 81,800", "descriptio": "<html><body><table border=\"1\"><tr><th>Field Name<\/th><th>Field Value<\/th><\/tr><tr><td>LINEA \/ LÍNEA<\/td><td>BILBO-DONOSTIA \/ BILBAO-SAN SEBASTIAN<\/td><\/tr><tr><td>P.K.<\/td><td>81,800<\/td><\/tr><tr><td>ITURRIA \/ FUENTE<\/td><td>Euskal Trenbide Sarea (ETS) 2", "timestamp": null, "begin": null, "end": null, "altitudemo": "absolute", "tessellate": -1, "extrude": 0, "visibility": -1, "draworder": null, "icon": null }, "geometry": { "type": "MultiPoint", "coordinates": [ [ -246605.2690868756, 5355188.1303326376, 0.0 ] ] } },
{ "type": "Feature", "properties": { "id": 803, "name": "P.K. 81,900", "descriptio": "<html><body><table border=\"1\"><tr><th>Field Name<\/th><th>Field Value<\/th><\/tr><tr><td>LINEA \/ LÍNEA<\/td><td>BILBO-DONOSTIA \/ BILBAO-SAN SEBASTIAN<\/td><\/tr><tr><td>P.K.<\/td><td>81,900<\/td><\/tr><tr><td>ITURRIA \/ FUENTE<\/td><td>Euskal Trenbide Sarea (ETS) 2", "timestamp": null, "begin": null, "end": null, "altitudemo": "absolute", "tessellate": -1, "extrude": 0, "visibility": -1, "draworder": null, "icon": null }, "geometry": { "type": "MultiPoint", "coordinates": [ [ -246477.74740557568, 5355138.0390174221, 0.0 ] ] } },
{ "type": "Feature", "properties": { "id": 804, "name": "P.K. 82,000", "descriptio": "<html><body><table border=\"1\"><tr><th>Field Name<\/th><th>Field Value<\/th><\/tr><tr><td>LINEA \/ LÍNEA<\/td><td>BILBO-DONOSTIA \/ BILBAO-SAN SEBASTIAN<\/td><\/tr><tr><td>P.K.<\/td><td>82,000<\/td><\/tr><tr><td>ITURRIA \/ FUENTE<\/td><td>Euskal Trenbide Sarea (ETS) 2", "timestamp": null, "begin": null, "end": null, "altitudemo": "absolute", "tessellate": -1, "extrude": 0, "visibility": -1, "draworder": null, "icon": null }, "geometry": { "type": "MultiPoint", "coordinates": [ [ -246357.48790741051, 5355092.7756254561, 0.0 ] ] } },
{ "type": "Feature", "properties": { "id": 805, "name": "P.K. 82,100", "descriptio": "<html><body><table border=\"1\"><tr><th>Field Name<\/th><th>Field Value<\/th><\/tr><tr><td>LINEA \/ LÍNEA<\/td><td>BILBO-DONOSTIA \/ BILBAO-SAN SEBASTIAN<\/td><\/tr><tr><td>P.K.<\/td><td>82,100<\/td><\/tr><tr><td>ITURRIA \/ FUENTE<\/td><td>Euskal Trenbide Sarea (ETS) 2", "timestamp": null, "begin": null, "end": null, "altitudemo": "absolute", "tessellate": -1, "extrude": 0, "visibility": -1, "draworder": null, "icon": null }, "geometry": { "type": "MultiPoint", "coordinates": [ [ -246223.82902378167, 5355063.3121981211, 0.0 ] ] } },
{ "type": "Feature", "properties": { "id": 806, "name": "P.K. 82,200", "descriptio": "<html><body><table border=\"1\"><tr><th>Field Name<\/th><th>Field Value<\/th><\/tr><tr><td>LINEA \/ LÍNEA<\/td><td>BILBO-DONOSTIA \/ BILBAO-SAN SEBASTIAN<\/td><\/tr><tr><td>P.K.<\/td><td>82,200<\/td><\/tr><tr><td>ITURRIA \/ FUENTE<\/td><td>Euskal Trenbide Sarea (ETS) 2", "timestamp": null, "begin": null, "end": null, "altitudemo": "absolute", "tessellate": -1, "extrude": 0, "visibility": -1, "draworder": null, "icon": null }, "geometry": { "type": "MultiPoint", "coordinates": [ [ -246089.41045588089, 5355027.611043646, 0.0 ] ] } },
{ "type": "Feature", "properties": { "id": 807, "name": "P.K. 82,300", "descriptio": "<html><body><table border=\"1\"><tr><th>Field Name<\/th><th>Field Value<\/th><\/tr><tr><td>LINEA \/ LÍNEA<\/td><td>BILBO-DONOSTIA \/ BILBAO-SAN SEBASTIAN<\/td><\/tr><tr><td>P.K.<\/td><td>82,300<\/td><\/tr><tr><td>ITURRIA \/ FUENTE<\/td><td>Euskal Trenbide Sarea (ETS) 2", "timestamp": null, "begin": null, "end": null, "altitudemo": "absolute", "tessellate": -1, "extrude": 0, "visibility": -1, "draworder": null, "icon": null }, "geometry": { "type": "MultiPoint", "coordinates": [ [ -245956.25082889223, 5354992.2553103957, 0.0 ] ] } },
{ "type": "Feature", "properties": { "id": 808, "name": "P.K. 82,400", "descriptio": "<html><body><table border=\"1\"><tr><th>Field Name<\/th><th>Field Value<\/th><\/tr><tr><td>LINEA \/ LÍNEA<\/td><td>BILBO-DONOSTIA \/ BILBAO-SAN SEBASTIAN<\/td><\/tr><tr><td>P.K.<\/td><td>82,400<\/td><\/tr><tr><td>ITURRIA \/ FUENTE<\/td><td>Euskal Trenbide Sarea (ETS) 2", "timestamp": null, "begin": null, "end": null, "altitudemo": "absolute", "tessellate": -1, "extrude": 0, "visibility": -1, "draworder": null, "icon": null }, "geometry": { "type": "MultiPoint", "coordinates": [ [ -245821.8149318824, 5354960.990404997, 0.0 ] ] } },
{ "type": "Feature", "properties": { "id": 809, "name": "P.K. 82,500", "descriptio": "<html><body><table border=\"1\"><tr><th>Field Name<\/th><th>Field Value<\/th><\/tr><tr><td>LINEA \/ LÍNEA<\/td><td>BILBO-DONOSTIA \/ BILBAO-SAN SEBASTIAN<\/td><\/tr><tr><td>P.K.<\/td><td>82,500<\/td><\/tr><tr><td>ITURRIA \/ FUENTE<\/td><td>Euskal Trenbide Sarea (ETS) 2", "timestamp": null, "begin": null, "end": null, "altitudemo": "absolute", "tessellate": -1, "extrude": 0, "visibility": -1, "draworder": null, "icon": null }, "geometry": { "type": "MultiPoint", "coordinates": [ [ -245687.16628939318, 5354934.4006712455, 0.0 ] ] } },
{ "type": "Feature", "properties": { "id": 810, "name": "P.K. 82,600", "descriptio": "<html><body><table border=\"1\"><tr><th>Field Name<\/th><th>Field Value<\/th><\/tr><tr><td>LINEA \/ LÍNEA<\/td><td>BILBO-DONOSTIA \/ BILBAO-SAN SEBASTIAN<\/td><\/tr><tr><td>P.K.<\/td><td>82,600<\/td><\/tr><tr><td>ITURRIA \/ FUENTE<\/td><td>Euskal Trenbide Sarea (ETS) 2", "timestamp": null, "begin": null, "end": null, "altitudemo": "absolute", "tessellate": -1, "extrude": 0, "visibility": -1, "draworder": null, "icon": null }, "geometry": { "type": "MultiPoint", "coordinates": [ [ -245552.76940028844, 5354920.0494811619, 0.0 ] ] } },
{ "type": "Feature", "properties": { "id": 811, "name": "P.K. 82,700", "descriptio": "<html><body><table border=\"1\"><tr><th>Field Name<\/th><th>Field Value<\/th><\/tr><tr><td>LINEA \/ LÍNEA<\/td><td>BILBO-DONOSTIA \/ BILBAO-SAN SEBASTIAN<\/td><\/tr><tr><td>P.K.<\/td><td>82,700<\/td><\/tr><tr><td>ITURRIA \/ FUENTE<\/td><td>Euskal Trenbide Sarea (ETS) 2", "timestamp": null, "begin": null, "end": null, "altitudemo": "absolute", "tessellate": -1, "extrude": 0, "visibility": -1, "draworder": null, "icon": null }, "geometry": { "type": "MultiPoint", "coordinates": [ [ -245414.02426247284, 5354922.2546447767, 0.0 ] ] } },
{ "type": "Feature", "properties": { "id": 812, "name": "P.K. 82,800", "descriptio": "<html><body><table border=\"1\"><tr><th>Field Name<\/th><th>Field Value<\/th><\/tr><tr><td>LINEA \/ LÍNEA<\/td><td>BILBO-DONOSTIA \/ BILBAO-SAN SEBASTIAN<\/td><\/tr><tr><td>P.K.<\/td><td>82,800<\/td><\/tr><tr><td>ITURRIA \/ FUENTE<\/td><td>Euskal Trenbide Sarea (ETS) 2", "timestamp": null, "begin": null, "end": null, "altitudemo": "absolute", "tessellate": -1, "extrude": 0, "visibility": -1, "draworder": null, "icon": null }, "geometry": { "type": "MultiPoint", "coordinates": [ [ -245277.12050518076, 5354933.7552210605, 0.0 ] ] } },
{ "type": "Feature", "properties": { "id": 813, "name": "P.K. 82,900", "descriptio": "<html><body><table border=\"1\"><tr><th>Field Name<\/th><th>Field Value<\/th><\/tr><tr><td>LINEA \/ LÍNEA<\/td><td>BILBO-DONOSTIA \/ BILBAO-SAN SEBASTIAN<\/td><\/tr><tr><td>P.K.<\/td><td>82,900<\/td><\/tr><tr><td>ITURRIA \/ FUENTE<\/td><td>Euskal Trenbide Sarea (ETS) 2", "timestamp": null, "begin": null, "end": null, "altitudemo": "absolute", "tessellate": -1, "extrude": 0, "visibility": -1, "draworder": null, "icon": null }, "geometry": { "type": "MultiPoint", "coordinates": [ [ -245139.41529744334, 5354944.4042606736, 0.0 ] ] } },
{ "type": "Feature", "properties": { "id": 814, "name": "P.K. 83,000", "descriptio": "<html><body><table border=\"1\"><tr><th>Field Name<\/th><th>Field Value<\/th><\/tr><tr><td>LINEA \/ LÍNEA<\/td><td>BILBO-DONOSTIA \/ BILBAO-SAN SEBASTIAN<\/td><\/tr><tr><td>P.K.<\/td><td>83,000<\/td><\/tr><tr><td>ITURRIA \/ FUENTE<\/td><td>Euskal Trenbide Sarea (ETS) 2", "timestamp": null, "begin": null, "end": null, "altitudemo": "absolute", "tessellate": -1, "extrude": 0, "visibility": -1, "draworder": null, "icon": null }, "geometry": { "type": "MultiPoint", "coordinates": [ [ -245000.14396450817, 5354955.88070188, 0.0 ] ] } },
{ "type": "Feature", "properties": { "id": 815, "name": "P.K. 83,100", "descriptio": "<html><body><table border=\"1\"><tr><th>Field Name<\/th><th>Field Value<\/th><\/tr><tr><td>LINEA \/ LÍNEA<\/td><td>BILBO-DONOSTIA \/ BILBAO-SAN SEBASTIAN<\/td><\/tr><tr><td>P.K.<\/td><td>83,100<\/td><\/tr><tr><td>ITURRIA \/ FUENTE<\/td><td>Euskal Trenbide Sarea (ETS) 2", "timestamp": null, "begin": null, "end": null, "altitudemo": "absolute", "tessellate": -1, "extrude": 0, "visibility": -1, "draworder": null, "icon": null }, "geometry": { "type": "MultiPoint", "coordinates": [ [ -244865.24802713044, 5354965.7958953818, 0.0 ] ] } },
{ "type": "Feature", "properties": { "id": 816, "name": "P.K. 83,200", "descriptio": "<html><body><table border=\"1\"><tr><th>Field Name<\/th><th>Field Value<\/th><\/tr><tr><td>LINEA \/ LÍNEA<\/td><td>BILBO-DONOSTIA \/ BILBAO-SAN SEBASTIAN<\/td><\/tr><tr><td>P.K.<\/td><td>83,200<\/td><\/tr><tr><td>ITURRIA \/ FUENTE<\/td><td>Euskal Trenbide Sarea (ETS) 2", "timestamp": null, "begin": null, "end": null, "altitudemo": "absolute", "tessellate": -1, "extrude": 0, "visibility": -1, "draworder": null, "icon": null }, "geometry": { "type": "MultiPoint", "coordinates": [ [ -244729.33950673655, 5354965.6215483434, 0.0 ] ] } },
{ "type": "Feature", "properties": { "id": 817, "name": "P.K. 83,300", "descriptio": "<html><body><table border=\"1\"><tr><th>Field Name<\/th><th>Field Value<\/th><\/tr><tr><td>LINEA \/ LÍNEA<\/td><td>BILBO-DONOSTIA \/ BILBAO-SAN SEBASTIAN<\/td><\/tr><tr><td>P.K.<\/td><td>83,300<\/td><\/tr><tr><td>ITURRIA \/ FUENTE<\/td><td>Euskal Trenbide Sarea (ETS) 2", "timestamp": null, "begin": null, "end": null, "altitudemo": "absolute", "tessellate": -1, "extrude": 0, "visibility": -1, "draworder": null, "icon": null }, "geometry": { "type": "MultiPoint", "coordinates": [ [ -244594.37266568182, 5354967.74934173, 0.0 ] ] } },
{ "type": "Feature", "properties": { "id": 818, "name": "P.K. 83,400", "descriptio": "<html><body><table border=\"1\"><tr><th>Field Name<\/th><th>Field Value<\/th><\/tr><tr><td>LINEA \/ LÍNEA<\/td><td>BILBO-DONOSTIA \/ BILBAO-SAN SEBASTIAN<\/td><\/tr><tr><td>P.K.<\/td><td>83,400<\/td><\/tr><tr><td>ITURRIA \/ FUENTE<\/td><td>Euskal Trenbide Sarea (ETS) 2", "timestamp": null, "begin": null, "end": null, "altitudemo": "absolute", "tessellate": -1, "extrude": 0, "visibility": -1, "draworder": null, "icon": null }, "geometry": { "type": "MultiPoint", "coordinates": [ [ -244455.02020465856, 5354970.0087954383, 0.0 ] ] } },
{ "type": "Feature", "properties": { "id": 819, "name": "P.K. 83,500", "descriptio": "<html><body><table border=\"1\"><tr><th>Field Name<\/th><th>Field Value<\/th><\/tr><tr><td>LINEA \/ LÍNEA<\/td><td>BILBO-DONOSTIA \/ BILBAO-SAN SEBASTIAN<\/td><\/tr><tr><td>P.K.<\/td><td>83,500<\/td><\/tr><tr><td>ITURRIA \/ FUENTE<\/td><td>Euskal Trenbide Sarea (ETS) 2", "timestamp": null, "begin": null, "end": null, "altitudemo": "absolute", "tessellate": -1, "extrude": 0, "visibility": -1, "draworder": null, "icon": null }, "geometry": { "type": "MultiPoint", "coordinates": [ [ -244317.19906648513, 5354972.1749402061, 0.0 ] ] } },
{ "type": "Feature", "properties": { "id": 820, "name": "P.K. 83,600", "descriptio": "<html><body><table border=\"1\"><tr><th>Field Name<\/th><th>Field Value<\/th><\/tr><tr><td>LINEA \/ LÍNEA<\/td><td>BILBO-DONOSTIA \/ BILBAO-SAN SEBASTIAN<\/td><\/tr><tr><td>P.K.<\/td><td>83,600<\/td><\/tr><tr><td>ITURRIA \/ FUENTE<\/td><td>Euskal Trenbide Sarea (ETS) 2", "timestamp": null, "begin": null, "end": null, "altitudemo": "absolute", "tessellate": -1, "extrude": 0, "visibility": -1, "draworder": null, "icon": null }, "geometry": { "type": "MultiPoint", "coordinates": [ [ -244179.44500953899, 5354974.9635698451, 0.0 ] ] } },
{ "type": "Feature", "properties": { "id": 821, "name": "P.K. 83,700", "descriptio": "<html><body><table border=\"1\"><tr><th>Field Name<\/th><th>Field Value<\/th><\/tr><tr><td>LINEA \/ LÍNEA<\/td><td>BILBO-DONOSTIA \/ BILBAO-SAN SEBASTIAN<\/td><\/tr><tr><td>P.K.<\/td><td>83,700<\/td><\/tr><tr><td>ITURRIA \/ FUENTE<\/td><td>Euskal Trenbide Sarea (ETS) 2", "timestamp": null, "begin": null, "end": null, "altitudemo": "absolute", "tessellate": -1, "extrude": 0, "visibility": -1, "draworder": null, "icon": null }, "geometry": { "type": "MultiPoint", "coordinates": [ [ -244041.11468428982, 5354969.7542743729, 0.0 ] ] } },
{ "type": "Feature", "properties": { "id": 822, "name": "P.K. 83,800", "descriptio": "<html><body><table border=\"1\"><tr><th>Field Name<\/th><th>Field Value<\/th><\/tr><tr><td>LINEA \/ LÍNEA<\/td><td>BILBO-DONOSTIA \/ BILBAO-SAN SEBASTIAN<\/td><\/tr><tr><td>P.K.<\/td><td>83,800<\/td><\/tr><tr><td>ITURRIA \/ FUENTE<\/td><td>Euskal Trenbide Sarea (ETS) 2", "timestamp": null, "begin": null, "end": null, "altitudemo": "absolute", "tessellate": -1, "extrude": 0, "visibility": -1, "draworder": null, "icon": null }, "geometry": { "type": "MultiPoint", "coordinates": [ [ -243904.70183600191, 5354943.8722090162, 0.0 ] ] } },
{ "type": "Feature", "properties": { "id": 823, "name": "P.K. 83,900", "descriptio": "<html><body><table border=\"1\"><tr><th>Field Name<\/th><th>Field Value<\/th><\/tr><tr><td>LINEA \/ LÍNEA<\/td><td>BILBO-DONOSTIA \/ BILBAO-SAN SEBASTIAN<\/td><\/tr><tr><td>P.K.<\/td><td>83,900<\/td><\/tr><tr><td>ITURRIA \/ FUENTE<\/td><td>Euskal Trenbide Sarea (ETS) 2", "timestamp": null, "begin": null, "end": null, "altitudemo": "absolute", "tessellate": -1, "extrude": 0, "visibility": -1, "draworder": null, "icon": null }, "geometry": { "type": "MultiPoint", "coordinates": [ [ -243769.23172410525, 5354917.3560134461, 0.0 ] ] } },
{ "type": "Feature", "properties": { "id": 824, "name": "P.K. 84,000", "descriptio": "<html><body><table border=\"1\"><tr><th>Field Name<\/th><th>Field Value<\/th><\/tr><tr><td>LINEA \/ LÍNEA<\/td><td>BILBO-DONOSTIA \/ BILBAO-SAN SEBASTIAN<\/td><\/tr><tr><td>P.K.<\/td><td>84,000<\/td><\/tr><tr><td>ITURRIA \/ FUENTE<\/td><td>Euskal Trenbide Sarea (ETS) 2", "timestamp": null, "begin": null, "end": null, "altitudemo": "absolute", "tessellate": -1, "extrude": 0, "visibility": -1, "draworder": null, "icon": null }, "geometry": { "type": "MultiPoint", "coordinates": [ [ -243637.24593004573, 5354906.8355151406, 0.0 ] ] } },
{ "type": "Feature", "properties": { "id": 825, "name": "P.K. 84,100", "descriptio": "<html><body><table border=\"1\"><tr><th>Field Name<\/th><th>Field Value<\/th><\/tr><tr><td>LINEA \/ LÍNEA<\/td><td>BILBO-DONOSTIA \/ BILBAO-SAN SEBASTIAN<\/td><\/tr><tr><td>P.K.<\/td><td>84,100<\/td><\/tr><tr><td>ITURRIA \/ FUENTE<\/td><td>Euskal Trenbide Sarea (ETS) 2", "timestamp": null, "begin": null, "end": null, "altitudemo": "absolute", "tessellate": -1, "extrude": 0, "visibility": -1, "draworder": null, "icon": null }, "geometry": { "type": "MultiPoint", "coordinates": [ [ -243496.37558270874, 5354902.1182578662, 0.0 ] ] } },
{ "type": "Feature", "properties": { "id": 826, "name": "P.K. 84,200", "descriptio": "<html><body><table border=\"1\"><tr><th>Field Name<\/th><th>Field Value<\/th><\/tr><tr><td>LINEA \/ LÍNEA<\/td><td>BILBO-DONOSTIA \/ BILBAO-SAN SEBASTIAN<\/td><\/tr><tr><td>P.K.<\/td><td>84,200<\/td><\/tr><tr><td>ITURRIA \/ FUENTE<\/td><td>Euskal Trenbide Sarea (ETS) 2", "timestamp": null, "begin": null, "end": null, "altitudemo": "absolute", "tessellate": -1, "extrude": 0, "visibility": -1, "draworder": null, "icon": null }, "geometry": { "type": "MultiPoint", "coordinates": [ [ -243364.34735857506, 5354922.3651598589, 0.0 ] ] } },
{ "type": "Feature", "properties": { "id": 827, "name": "P.K. 84,300", "descriptio": "<html><body><table border=\"1\"><tr><th>Field Name<\/th><th>Field Value<\/th><\/tr><tr><td>LINEA \/ LÍNEA<\/td><td>BILBO-DONOSTIA \/ BILBAO-SAN SEBASTIAN<\/td><\/tr><tr><td>P.K.<\/td><td>84,300<\/td><\/tr><tr><td>ITURRIA \/ FUENTE<\/td><td>Euskal Trenbide Sarea (ETS) 2", "timestamp": null, "begin": null, "end": null, "altitudemo": "absolute", "tessellate": -1, "extrude": 0, "visibility": -1, "draworder": null, "icon": null }, "geometry": { "type": "MultiPoint", "coordinates": [ [ -243233.16800431971, 5354967.4154994078, 0.0 ] ] } },
{ "type": "Feature", "properties": { "id": 828, "name": "P.K. 84,400", "descriptio": "<html><body><table border=\"1\"><tr><th>Field Name<\/th><th>Field Value<\/th><\/tr><tr><td>LINEA \/ LÍNEA<\/td><td>BILBO-DONOSTIA \/ BILBAO-SAN SEBASTIAN<\/td><\/tr><tr><td>P.K.<\/td><td>84,400<\/td><\/tr><tr><td>ITURRIA \/ FUENTE<\/td><td>Euskal Trenbide Sarea (ETS) 2", "timestamp": null, "begin": null, "end": null, "altitudemo": "absolute", "tessellate": -1, "extrude": 0, "visibility": -1, "draworder": null, "icon": null }, "geometry": { "type": "MultiPoint", "coordinates": [ [ -243108.0942729649, 5355014.9062660458, 0.0 ] ] } },
{ "type": "Feature", "properties": { "id": 829, "name": "P.K. 84,500", "descriptio": "<html><body><table border=\"1\"><tr><th>Field Name<\/th><th>Field Value<\/th><\/tr><tr><td>LINEA \/ LÍNEA<\/td><td>BILBO-DONOSTIA \/ BILBAO-SAN SEBASTIAN<\/td><\/tr><tr><td>P.K.<\/td><td>84,500<\/td><\/tr><tr><td>ITURRIA \/ FUENTE<\/td><td>Euskal Trenbide Sarea (ETS) 2", "timestamp": null, "begin": null, "end": null, "altitudemo": "absolute", "tessellate": -1, "extrude": 0, "visibility": -1, "draworder": null, "icon": null }, "geometry": { "type": "MultiPoint", "coordinates": [ [ -242980.30169348975, 5355045.8667416507, 0.0 ] ] } },
{ "type": "Feature", "properties": { "id": 830, "name": "P.K. 84,600", "descriptio": "<html><body><table border=\"1\"><tr><th>Field Name<\/th><th>Field Value<\/th><\/tr><tr><td>LINEA \/ LÍNEA<\/td><td>BILBO-DONOSTIA \/ BILBAO-SAN SEBASTIAN<\/td><\/tr><tr><td>P.K.<\/td><td>84,600<\/td><\/tr><tr><td>ITURRIA \/ FUENTE<\/td><td>Euskal Trenbide Sarea (ETS) 2", "timestamp": null, "begin": null, "end": null, "altitudemo": "absolute", "tessellate": -1, "extrude": 0, "visibility": -1, "draworder": null, "icon": null }, "geometry": { "type": "MultiPoint", "coordinates": [ [ -242838.17217552799, 5355051.3215938127, 0.0 ] ] } },
{ "type": "Feature", "properties": { "id": 831, "name": "P.K. 84,700", "descriptio": "<html><body><table border=\"1\"><tr><th>Field Name<\/th><th>Field Value<\/th><\/tr><tr><td>LINEA \/ LÍNEA<\/td><td>BILBO-DONOSTIA \/ BILBAO-SAN SEBASTIAN<\/td><\/tr><tr><td>P.K.<\/td><td>84,700<\/td><\/tr><tr><td>ITURRIA \/ FUENTE<\/td><td>Euskal Trenbide Sarea (ETS) 2", "timestamp": null, "begin": null, "end": null, "altitudemo": "absolute", "tessellate": -1, "extrude": 0, "visibility": -1, "draworder": null, "icon": null }, "geometry": { "type": "MultiPoint", "coordinates": [ [ -242702.11325877297, 5355030.4668573905, 0.0 ] ] } },
{ "type": "Feature", "properties": { "id": 832, "name": "P.K. 84,800", "descriptio": "<html><body><table border=\"1\"><tr><th>Field Name<\/th><th>Field Value<\/th><\/tr><tr><td>LINEA \/ LÍNEA<\/td><td>BILBO-DONOSTIA \/ BILBAO-SAN SEBASTIAN<\/td><\/tr><tr><td>P.K.<\/td><td>84,800<\/td><\/tr><tr><td>ITURRIA \/ FUENTE<\/td><td>Euskal Trenbide Sarea (ETS) 2", "timestamp": null, "begin": null, "end": null, "altitudemo": "absolute", "tessellate": -1, "extrude": 0, "visibility": -1, "draworder": null, "icon": null }, "geometry": { "type": "MultiPoint", "coordinates": [ [ -242571.27948580013, 5354982.2121026758, 0.0 ] ] } },
{ "type": "Feature", "properties": { "id": 833, "name": "P.K. 84,900", "descriptio": "<html><body><table border=\"1\"><tr><th>Field Name<\/th><th>Field Value<\/th><\/tr><tr><td>LINEA \/ LÍNEA<\/td><td>BILBO-DONOSTIA \/ BILBAO-SAN SEBASTIAN<\/td><\/tr><tr><td>P.K.<\/td><td>84,900<\/td><\/tr><tr><td>ITURRIA \/ FUENTE<\/td><td>Euskal Trenbide Sarea (ETS) 2", "timestamp": null, "begin": null, "end": null, "altitudemo": "absolute", "tessellate": -1, "extrude": 0, "visibility": -1, "draworder": null, "icon": null }, "geometry": { "type": "MultiPoint", "coordinates": [ [ -242449.9208505507, 5354915.3542141626, 0.0 ] ] } },
{ "type": "Feature", "properties": { "id": 834, "name": "P.K. 85,000", "descriptio": "<html><body><table border=\"1\"><tr><th>Field Name<\/th><th>Field Value<\/th><\/tr><tr><td>LINEA \/ LÍNEA<\/td><td>BILBO-DONOSTIA \/ BILBAO-SAN SEBASTIAN<\/td><\/tr><tr><td>P.K.<\/td><td>85,000<\/td><\/tr><tr><td>ITURRIA \/ FUENTE<\/td><td>Euskal Trenbide Sarea (ETS) 2", "timestamp": null, "begin": null, "end": null, "altitudemo": "absolute", "tessellate": -1, "extrude": 0, "visibility": -1, "draworder": null, "icon": null }, "geometry": { "type": "MultiPoint", "coordinates": [ [ -242320.57183680037, 5354869.1330239084, 0.0 ] ] } },
{ "type": "Feature", "properties": { "id": 835, "name": "P.K. 85,100", "descriptio": "<html><body><table border=\"1\"><tr><th>Field Name<\/th><th>Field Value<\/th><\/tr><tr><td>LINEA \/ LÍNEA<\/td><td>BILBO-DONOSTIA \/ BILBAO-SAN SEBASTIAN<\/td><\/tr><tr><td>P.K.<\/td><td>85,100<\/td><\/tr><tr><td>ITURRIA \/ FUENTE<\/td><td>Euskal Trenbide Sarea (ETS) 2", "timestamp": null, "begin": null, "end": null, "altitudemo": "absolute", "tessellate": -1, "extrude": 0, "visibility": -1, "draworder": null, "icon": null }, "geometry": { "type": "MultiPoint", "coordinates": [ [ -242191.61115924476, 5354907.1056580711, 0.0 ] ] } },
{ "type": "Feature", "properties": { "id": 836, "name": "P.K. 85,200", "descriptio": "<html><body><table border=\"1\"><tr><th>Field Name<\/th><th>Field Value<\/th><\/tr><tr><td>LINEA \/ LÍNEA<\/td><td>BILBO-DONOSTIA \/ BILBAO-SAN SEBASTIAN<\/td><\/tr><tr><td>P.K.<\/td><td>85,200<\/td><\/tr><tr><td>ITURRIA \/ FUENTE<\/td><td>Euskal Trenbide Sarea (ETS) 2", "timestamp": null, "begin": null, "end": null, "altitudemo": "absolute", "tessellate": -1, "extrude": 0, "visibility": -1, "draworder": null, "icon": null }, "geometry": { "type": "MultiPoint", "coordinates": [ [ -242121.02614580805, 5355019.1182526592, 0.0 ] ] } },
{ "type": "Feature", "properties": { "id": 837, "name": "P.K. 85,300", "descriptio": "<html><body><table border=\"1\"><tr><th>Field Name<\/th><th>Field Value<\/th><\/tr><tr><td>LINEA \/ LÍNEA<\/td><td>BILBO-DONOSTIA \/ BILBAO-SAN SEBASTIAN<\/td><\/tr><tr><td>P.K.<\/td><td>85,300<\/td><\/tr><tr><td>ITURRIA \/ FUENTE<\/td><td>Euskal Trenbide Sarea (ETS) 2", "timestamp": null, "begin": null, "end": null, "altitudemo": "absolute", "tessellate": -1, "extrude": 0, "visibility": -1, "draworder": null, "icon": null }, "geometry": { "type": "MultiPoint", "coordinates": [ [ -242083.30440620671, 5355143.6704080021, 0.0 ] ] } },
{ "type": "Feature", "properties": { "id": 838, "name": "P.K. 85,400", "descriptio": "<html><body><table border=\"1\"><tr><th>Field Name<\/th><th>Field Value<\/th><\/tr><tr><td>LINEA \/ LÍNEA<\/td><td>BILBO-DONOSTIA \/ BILBAO-SAN SEBASTIAN<\/td><\/tr><tr><td>P.K.<\/td><td>85,400<\/td><\/tr><tr><td>ITURRIA \/ FUENTE<\/td><td>Euskal Trenbide Sarea (ETS) 2", "timestamp": null, "begin": null, "end": null, "altitudemo": "absolute", "tessellate": -1, "extrude": 0, "visibility": -1, "draworder": null, "icon": null }, "geometry": { "type": "MultiPoint", "coordinates": [ [ -242026.02811184176, 5355268.0788781894, 0.0 ] ] } },
{ "type": "Feature", "properties": { "id": 839, "name": "P.K. 85,500", "descriptio": "<html><body><table border=\"1\"><tr><th>Field Name<\/th><th>Field Value<\/th><\/tr><tr><td>LINEA \/ LÍNEA<\/td><td>BILBO-DONOSTIA \/ BILBAO-SAN SEBASTIAN<\/td><\/tr><tr><td>P.K.<\/td><td>85,500<\/td><\/tr><tr><td>ITURRIA \/ FUENTE<\/td><td>Euskal Trenbide Sarea (ETS) 2", "timestamp": null, "begin": null, "end": null, "altitudemo": "absolute", "tessellate": -1, "extrude": 0, "visibility": -1, "draworder": null, "icon": null }, "geometry": { "type": "MultiPoint", "coordinates": [ [ -241912.36285717026, 5355345.7425445346, 0.0 ] ] } },
{ "type": "Feature", "properties": { "id": 840, "name": "P.K. 85,600", "descriptio": "<html><body><table border=\"1\"><tr><th>Field Name<\/th><th>Field Value<\/th><\/tr><tr><td>LINEA \/ LÍNEA<\/td><td>BILBO-DONOSTIA \/ BILBAO-SAN SEBASTIAN<\/td><\/tr><tr><td>P.K.<\/td><td>85,600<\/td><\/tr><tr><td>ITURRIA \/ FUENTE<\/td><td>Euskal Trenbide Sarea (ETS) 2", "timestamp": null, "begin": null, "end": null, "altitudemo": "absolute", "tessellate": -1, "extrude": 0, "visibility": -1, "draworder": null, "icon": null }, "geometry": { "type": "MultiPoint", "coordinates": [ [ -241776.36956666355, 5355349.3797130464, 0.0 ] ] } },
{ "type": "Feature", "properties": { "id": 841, "name": "P.K. 85,700", "descriptio": "<html><body><table border=\"1\"><tr><th>Field Name<\/th><th>Field Value<\/th><\/tr><tr><td>LINEA \/ LÍNEA<\/td><td>BILBO-DONOSTIA \/ BILBAO-SAN SEBASTIAN<\/td><\/tr><tr><td>P.K.<\/td><td>85,700<\/td><\/tr><tr><td>ITURRIA \/ FUENTE<\/td><td>Euskal Trenbide Sarea (ETS) 2", "timestamp": null, "begin": null, "end": null, "altitudemo": "absolute", "tessellate": -1, "extrude": 0, "visibility": -1, "draworder": null, "icon": null }, "geometry": { "type": "MultiPoint", "coordinates": [ [ -241643.88166504283, 5355324.2291266536, 0.0 ] ] } },
{ "type": "Feature", "properties": { "id": 842, "name": "P.K. 85,800", "descriptio": "<html><body><table border=\"1\"><tr><th>Field Name<\/th><th>Field Value<\/th><\/tr><tr><td>LINEA \/ LÍNEA<\/td><td>BILBO-DONOSTIA \/ BILBAO-SAN SEBASTIAN<\/td><\/tr><tr><td>P.K.<\/td><td>85,800<\/td><\/tr><tr><td>ITURRIA \/ FUENTE<\/td><td>Euskal Trenbide Sarea (ETS) 2", "timestamp": null, "begin": null, "end": null, "altitudemo": "absolute", "tessellate": -1, "extrude": 0, "visibility": -1, "draworder": null, "icon": null }, "geometry": { "type": "MultiPoint", "coordinates": [ [ -241508.69024702109, 5355298.3877022956, 0.0 ] ] } },
{ "type": "Feature", "properties": { "id": 843, "name": "P.K. 85,900", "descriptio": "<html><body><table border=\"1\"><tr><th>Field Name<\/th><th>Field Value<\/th><\/tr><tr><td>LINEA \/ LÍNEA<\/td><td>BILBO-DONOSTIA \/ BILBAO-SAN SEBASTIAN<\/td><\/tr><tr><td>P.K.<\/td><td>85,900<\/td><\/tr><tr><td>ITURRIA \/ FUENTE<\/td><td>Euskal Trenbide Sarea (ETS) 2", "timestamp": null, "begin": null, "end": null, "altitudemo": "absolute", "tessellate": -1, "extrude": 0, "visibility": -1, "draworder": null, "icon": null }, "geometry": { "type": "MultiPoint", "coordinates": [ [ -241372.21560187128, 5355279.0897806874, 0.0 ] ] } },
{ "type": "Feature", "properties": { "id": 844, "name": "P.K. 86,000", "descriptio": "<html><body><table border=\"1\"><tr><th>Field Name<\/th><th>Field Value<\/th><\/tr><tr><td>LINEA \/ LÍNEA<\/td><td>BILBO-DONOSTIA \/ BILBAO-SAN SEBASTIAN<\/td><\/tr><tr><td>P.K.<\/td><td>86,000<\/td><\/tr><tr><td>ITURRIA \/ FUENTE<\/td><td>Euskal Trenbide Sarea (ETS) 2", "timestamp": null, "begin": null, "end": null, "altitudemo": "absolute", "tessellate": -1, "extrude": 0, "visibility": -1, "draworder": null, "icon": null }, "geometry": { "type": "MultiPoint", "coordinates": [ [ -241234.59937137869, 5355272.5881092921, 0.0 ] ] } },
{ "type": "Feature", "properties": { "id": 845, "name": "P.K. 86,100", "descriptio": "<html><body><table border=\"1\"><tr><th>Field Name<\/th><th>Field Value<\/th><\/tr><tr><td>LINEA \/ LÍNEA<\/td><td>BILBO-DONOSTIA \/ BILBAO-SAN SEBASTIAN<\/td><\/tr><tr><td>P.K.<\/td><td>86,100<\/td><\/tr><tr><td>ITURRIA \/ FUENTE<\/td><td>Euskal Trenbide Sarea (ETS) 2", "timestamp": null, "begin": null, "end": null, "altitudemo": "absolute", "tessellate": -1, "extrude": 0, "visibility": -1, "draworder": null, "icon": null }, "geometry": { "type": "MultiPoint", "coordinates": [ [ -241098.08755645837, 5355265.053651209, 0.0 ] ] } },
{ "type": "Feature", "properties": { "id": 846, "name": "P.K. 86,200", "descriptio": "<html><body><table border=\"1\"><tr><th>Field Name<\/th><th>Field Value<\/th><\/tr><tr><td>LINEA \/ LÍNEA<\/td><td>BILBO-DONOSTIA \/ BILBAO-SAN SEBASTIAN<\/td><\/tr><tr><td>P.K.<\/td><td>86,200<\/td><\/tr><tr><td>ITURRIA \/ FUENTE<\/td><td>Euskal Trenbide Sarea (ETS) 2", "timestamp": null, "begin": null, "end": null, "altitudemo": "absolute", "tessellate": -1, "extrude": 0, "visibility": -1, "draworder": null, "icon": null }, "geometry": { "type": "MultiPoint", "coordinates": [ [ -240960.09352937285, 5355258.0758232549, 0.0 ] ] } },
{ "type": "Feature", "properties": { "id": 847, "name": "P.K. 86,300", "descriptio": "<html><body><table border=\"1\"><tr><th>Field Name<\/th><th>Field Value<\/th><\/tr><tr><td>LINEA \/ LÍNEA<\/td><td>BILBO-DONOSTIA \/ BILBAO-SAN SEBASTIAN<\/td><\/tr><tr><td>P.K.<\/td><td>86,300<\/td><\/tr><tr><td>ITURRIA \/ FUENTE<\/td><td>Euskal Trenbide Sarea (ETS) 2", "timestamp": null, "begin": null, "end": null, "altitudemo": "absolute", "tessellate": -1, "extrude": 0, "visibility": -1, "draworder": null, "icon": null }, "geometry": { "type": "MultiPoint", "coordinates": [ [ -240822.38299138416, 5355251.4744302649, 0.0 ] ] } },
{ "type": "Feature", "properties": { "id": 848, "name": "P.K. 86,400", "descriptio": "<html><body><table border=\"1\"><tr><th>Field Name<\/th><th>Field Value<\/th><\/tr><tr><td>LINEA \/ LÍNEA<\/td><td>BILBO-DONOSTIA \/ BILBAO-SAN SEBASTIAN<\/td><\/tr><tr><td>P.K.<\/td><td>86,400<\/td><\/tr><tr><td>ITURRIA \/ FUENTE<\/td><td>Euskal Trenbide Sarea (ETS) 2", "timestamp": null, "begin": null, "end": null, "altitudemo": "absolute", "tessellate": -1, "extrude": 0, "visibility": -1, "draworder": null, "icon": null }, "geometry": { "type": "MultiPoint", "coordinates": [ [ -240683.70369253473, 5355243.7752368143, 0.0 ] ] } },
{ "type": "Feature", "properties": { "id": 849, "name": "P.K. 86,500", "descriptio": "<html><body><table border=\"1\"><tr><th>Field Name<\/th><th>Field Value<\/th><\/tr><tr><td>LINEA \/ LÍNEA<\/td><td>BILBO-DONOSTIA \/ BILBAO-SAN SEBASTIAN<\/td><\/tr><tr><td>P.K.<\/td><td>86,500<\/td><\/tr><tr><td>ITURRIA \/ FUENTE<\/td><td>Euskal Trenbide Sarea (ETS) 2", "timestamp": null, "begin": null, "end": null, "altitudemo": "absolute", "tessellate": -1, "extrude": 0, "visibility": -1, "draworder": null, "icon": null }, "geometry": { "type": "MultiPoint", "coordinates": [ [ -240548.347029458, 5355230.7049527587, 0.0 ] ] } },
{ "type": "Feature", "properties": { "id": 850, "name": "P.K. 86,600", "descriptio": "<html><body><table border=\"1\"><tr><th>Field Name<\/th><th>Field Value<\/th><\/tr><tr><td>LINEA \/ LÍNEA<\/td><td>BILBO-DONOSTIA \/ BILBAO-SAN SEBASTIAN<\/td><\/tr><tr><td>P.K.<\/td><td>86,600<\/td><\/tr><tr><td>ITURRIA \/ FUENTE<\/td><td>Euskal Trenbide Sarea (ETS) 2", "timestamp": null, "begin": null, "end": null, "altitudemo": "absolute", "tessellate": -1, "extrude": 0, "visibility": -1, "draworder": null, "icon": null }, "geometry": { "type": "MultiPoint", "coordinates": [ [ -240412.32690649945, 5355213.1064240932, 0.0 ] ] } },
{ "type": "Feature", "properties": { "id": 851, "name": "P.K. 86,700", "descriptio": "<html><body><table border=\"1\"><tr><th>Field Name<\/th><th>Field Value<\/th><\/tr><tr><td>LINEA \/ LÍNEA<\/td><td>BILBO-DONOSTIA \/ BILBAO-SAN SEBASTIAN<\/td><\/tr><tr><td>P.K.<\/td><td>86,700<\/td><\/tr><tr><td>ITURRIA \/ FUENTE<\/td><td>Euskal Trenbide Sarea (ETS) 2", "timestamp": null, "begin": null, "end": null, "altitudemo": "absolute", "tessellate": -1, "extrude": 0, "visibility": -1, "draworder": null, "icon": null }, "geometry": { "type": "MultiPoint", "coordinates": [ [ -240279.42800908012, 5355205.7382451911, 0.0 ] ] } },
{ "type": "Feature", "properties": { "id": 852, "name": "P.K. 86,800", "descriptio": "<html><body><table border=\"1\"><tr><th>Field Name<\/th><th>Field Value<\/th><\/tr><tr><td>LINEA \/ LÍNEA<\/td><td>BILBO-DONOSTIA \/ BILBAO-SAN SEBASTIAN<\/td><\/tr><tr><td>P.K.<\/td><td>86,800<\/td><\/tr><tr><td>ITURRIA \/ FUENTE<\/td><td>Euskal Trenbide Sarea (ETS) 2", "timestamp": null, "begin": null, "end": null, "altitudemo": "absolute", "tessellate": -1, "extrude": 0, "visibility": -1, "draworder": null, "icon": null }, "geometry": { "type": "MultiPoint", "coordinates": [ [ -240143.38570345892, 5355198.7217618683, 0.0 ] ] } },
{ "type": "Feature", "properties": { "id": 853, "name": "P.K. 86,900", "descriptio": "<html><body><table border=\"1\"><tr><th>Field Name<\/th><th>Field Value<\/th><\/tr><tr><td>LINEA \/ LÍNEA<\/td><td>BILBO-DONOSTIA \/ BILBAO-SAN SEBASTIAN<\/td><\/tr><tr><td>P.K.<\/td><td>86,900<\/td><\/tr><tr><td>ITURRIA \/ FUENTE<\/td><td>Euskal Trenbide Sarea (ETS) 2", "timestamp": null, "begin": null, "end": null, "altitudemo": "absolute", "tessellate": -1, "extrude": 0, "visibility": -1, "draworder": null, "icon": null }, "geometry": { "type": "MultiPoint", "coordinates": [ [ -240004.30068143856, 5355192.0305918287, 0.0 ] ] } },
{ "type": "Feature", "properties": { "id": 854, "name": "P.K. 87,000", "descriptio": "<html><body><table border=\"1\"><tr><th>Field Name<\/th><th>Field Value<\/th><\/tr><tr><td>LINEA \/ LÍNEA<\/td><td>BILBO-DONOSTIA \/ BILBAO-SAN SEBASTIAN<\/td><\/tr><tr><td>P.K.<\/td><td>87,000<\/td><\/tr><tr><td>ITURRIA \/ FUENTE<\/td><td>Euskal Trenbide Sarea (ETS) 2", "timestamp": null, "begin": null, "end": null, "altitudemo": "absolute", "tessellate": -1, "extrude": 0, "visibility": -1, "draworder": null, "icon": null }, "geometry": { "type": "MultiPoint", "coordinates": [ [ -239873.47240368239, 5355157.6140217949, 0.0 ] ] } },
{ "type": "Feature", "properties": { "id": 855, "name": "P.K. 87,100", "descriptio": "<html><body><table border=\"1\"><tr><th>Field Name<\/th><th>Field Value<\/th><\/tr><tr><td>LINEA \/ LÍNEA<\/td><td>BILBO-DONOSTIA \/ BILBAO-SAN SEBASTIAN<\/td><\/tr><tr><td>P.K.<\/td><td>87,100<\/td><\/tr><tr><td>ITURRIA \/ FUENTE<\/td><td>Euskal Trenbide Sarea (ETS) 2", "timestamp": null, "begin": null, "end": null, "altitudemo": "absolute", "tessellate": -1, "extrude": 0, "visibility": -1, "draworder": null, "icon": null }, "geometry": { "type": "MultiPoint", "coordinates": [ [ -239754.28631349833, 5355098.0868133791, 0.0 ] ] } },
{ "type": "Feature", "properties": { "id": 856, "name": "P.K. 87,200", "descriptio": "<html><body><table border=\"1\"><tr><th>Field Name<\/th><th>Field Value<\/th><\/tr><tr><td>LINEA \/ LÍNEA<\/td><td>BILBO-DONOSTIA \/ BILBAO-SAN SEBASTIAN<\/td><\/tr><tr><td>P.K.<\/td><td>87,200<\/td><\/tr><tr><td>ITURRIA \/ FUENTE<\/td><td>Euskal Trenbide Sarea (ETS) 2", "timestamp": null, "begin": null, "end": null, "altitudemo": "absolute", "tessellate": -1, "extrude": 0, "visibility": -1, "draworder": null, "icon": null }, "geometry": { "type": "MultiPoint", "coordinates": [ [ -239637.18505202499, 5355025.507905269, 0.0 ] ] } },
{ "type": "Feature", "properties": { "id": 857, "name": "P.K. 87,300", "descriptio": "<html><body><table border=\"1\"><tr><th>Field Name<\/th><th>Field Value<\/th><\/tr><tr><td>LINEA \/ LÍNEA<\/td><td>BILBO-DONOSTIA \/ BILBAO-SAN SEBASTIAN<\/td><\/tr><tr><td>P.K.<\/td><td>87,300<\/td><\/tr><tr><td>ITURRIA \/ FUENTE<\/td><td>Euskal Trenbide Sarea (ETS) 2", "timestamp": null, "begin": null, "end": null, "altitudemo": "absolute", "tessellate": -1, "extrude": 0, "visibility": -1, "draworder": null, "icon": null }, "geometry": { "type": "MultiPoint", "coordinates": [ [ -239504.28271729994, 5354985.1744597405, 0.0 ] ] } },
{ "type": "Feature", "properties": { "id": 858, "name": "P.K. 87,400", "descriptio": "<html><body><table border=\"1\"><tr><th>Field Name<\/th><th>Field Value<\/th><\/tr><tr><td>LINEA \/ LÍNEA<\/td><td>BILBO-DONOSTIA \/ BILBAO-SAN SEBASTIAN<\/td><\/tr><tr><td>P.K.<\/td><td>87,400<\/td><\/tr><tr><td>ITURRIA \/ FUENTE<\/td><td>Euskal Trenbide Sarea (ETS) 2", "timestamp": null, "begin": null, "end": null, "altitudemo": "absolute", "tessellate": -1, "extrude": 0, "visibility": -1, "draworder": null, "icon": null }, "geometry": { "type": "MultiPoint", "coordinates": [ [ -239372.85099076151, 5354948.6302138679, 0.0 ] ] } },
{ "type": "Feature", "properties": { "id": 859, "name": "P.K. 87,500", "descriptio": "<html><body><table border=\"1\"><tr><th>Field Name<\/th><th>Field Value<\/th><\/tr><tr><td>LINEA \/ LÍNEA<\/td><td>BILBO-DONOSTIA \/ BILBAO-SAN SEBASTIAN<\/td><\/tr><tr><td>P.K.<\/td><td>87,500<\/td><\/tr><tr><td>ITURRIA \/ FUENTE<\/td><td>Euskal Trenbide Sarea (ETS) 2", "timestamp": null, "begin": null, "end": null, "altitudemo": "absolute", "tessellate": -1, "extrude": 0, "visibility": -1, "draworder": null, "icon": null }, "geometry": { "type": "MultiPoint", "coordinates": [ [ -239242.60902082201, 5354904.3628339879, 0.0 ] ] } },
{ "type": "Feature", "properties": { "id": 860, "name": "P.K. 87,600", "descriptio": "<html><body><table border=\"1\"><tr><th>Field Name<\/th><th>Field Value<\/th><\/tr><tr><td>LINEA \/ LÍNEA<\/td><td>BILBO-DONOSTIA \/ BILBAO-SAN SEBASTIAN<\/td><\/tr><tr><td>P.K.<\/td><td>87,600<\/td><\/tr><tr><td>ITURRIA \/ FUENTE<\/td><td>Euskal Trenbide Sarea (ETS) 2", "timestamp": null, "begin": null, "end": null, "altitudemo": "absolute", "tessellate": -1, "extrude": 0, "visibility": -1, "draworder": null, "icon": null }, "geometry": { "type": "MultiPoint", "coordinates": [ [ -239112.578610886, 5354857.0574426856, 0.0 ] ] } },
{ "type": "Feature", "properties": { "id": 861, "name": "P.K. 87,700", "descriptio": "<html><body><table border=\"1\"><tr><th>Field Name<\/th><th>Field Value<\/th><\/tr><tr><td>LINEA \/ LÍNEA<\/td><td>BILBO-DONOSTIA \/ BILBAO-SAN SEBASTIAN<\/td><\/tr><tr><td>P.K.<\/td><td>87,700<\/td><\/tr><tr><td>ITURRIA \/ FUENTE<\/td><td>Euskal Trenbide Sarea (ETS) 2", "timestamp": null, "begin": null, "end": null, "altitudemo": "absolute", "tessellate": -1, "extrude": 0, "visibility": -1, "draworder": null, "icon": null }, "geometry": { "type": "MultiPoint", "coordinates": [ [ -238988.14287414233, 5354810.494723076, 0.0 ] ] } },
{ "type": "Feature", "properties": { "id": 862, "name": "P.K. 87,800", "descriptio": "<html><body><table border=\"1\"><tr><th>Field Name<\/th><th>Field Value<\/th><\/tr><tr><td>LINEA \/ LÍNEA<\/td><td>BILBO-DONOSTIA \/ BILBAO-SAN SEBASTIAN<\/td><\/tr><tr><td>P.K.<\/td><td>87,800<\/td><\/tr><tr><td>ITURRIA \/ FUENTE<\/td><td>Euskal Trenbide Sarea (ETS) 2", "timestamp": null, "begin": null, "end": null, "altitudemo": "absolute", "tessellate": -1, "extrude": 0, "visibility": -1, "draworder": null, "icon": null }, "geometry": { "type": "MultiPoint", "coordinates": [ [ -238883.17815005188, 5354722.0085070925, 0.0 ] ] } },
{ "type": "Feature", "properties": { "id": 863, "name": "P.K. 87,900", "descriptio": "<html><body><table border=\"1\"><tr><th>Field Name<\/th><th>Field Value<\/th><\/tr><tr><td>LINEA \/ LÍNEA<\/td><td>BILBO-DONOSTIA \/ BILBAO-SAN SEBASTIAN<\/td><\/tr><tr><td>P.K.<\/td><td>87,900<\/td><\/tr><tr><td>ITURRIA \/ FUENTE<\/td><td>Euskal Trenbide Sarea (ETS) 2", "timestamp": null, "begin": null, "end": null, "altitudemo": "absolute", "tessellate": -1, "extrude": 0, "visibility": -1, "draworder": null, "icon": null }, "geometry": { "type": "MultiPoint", "coordinates": [ [ -238801.14536746917, 5354617.1903000716, 0.0 ] ] } },
{ "type": "Feature", "properties": { "id": 864, "name": "P.K. 88,000", "descriptio": "<html><body><table border=\"1\"><tr><th>Field Name<\/th><th>Field Value<\/th><\/tr><tr><td>LINEA \/ LÍNEA<\/td><td>BILBO-DONOSTIA \/ BILBAO-SAN SEBASTIAN<\/td><\/tr><tr><td>P.K.<\/td><td>88,000<\/td><\/tr><tr><td>ITURRIA \/ FUENTE<\/td><td>Euskal Trenbide Sarea (ETS) 2", "timestamp": null, "begin": null, "end": null, "altitudemo": "absolute", "tessellate": -1, "extrude": 0, "visibility": -1, "draworder": null, "icon": null }, "geometry": { "type": "MultiPoint", "coordinates": [ [ -238723.94693449757, 5354506.5142594427, 0.0 ] ] } },
{ "type": "Feature", "properties": { "id": 865, "name": "P.K. 88,100", "descriptio": "<html><body><table border=\"1\"><tr><th>Field Name<\/th><th>Field Value<\/th><\/tr><tr><td>LINEA \/ LÍNEA<\/td><td>BILBO-DONOSTIA \/ BILBAO-SAN SEBASTIAN<\/td><\/tr><tr><td>P.K.<\/td><td>88,100<\/td><\/tr><tr><td>ITURRIA \/ FUENTE<\/td><td>Euskal Trenbide Sarea (ETS) 2", "timestamp": null, "begin": null, "end": null, "altitudemo": "absolute", "tessellate": -1, "extrude": 0, "visibility": -1, "draworder": null, "icon": null }, "geometry": { "type": "MultiPoint", "coordinates": [ [ -238666.35948183792, 5354382.1629415238, 0.0 ] ] } },
{ "type": "Feature", "properties": { "id": 866, "name": "P.K. 88,200", "descriptio": "<html><body><table border=\"1\"><tr><th>Field Name<\/th><th>Field Value<\/th><\/tr><tr><td>LINEA \/ LÍNEA<\/td><td>BILBO-DONOSTIA \/ BILBAO-SAN SEBASTIAN<\/td><\/tr><tr><td>P.K.<\/td><td>88,200<\/td><\/tr><tr><td>ITURRIA \/ FUENTE<\/td><td>Euskal Trenbide Sarea (ETS) 2", "timestamp": null, "begin": null, "end": null, "altitudemo": "absolute", "tessellate": -1, "extrude": 0, "visibility": -1, "draworder": null, "icon": null }, "geometry": { "type": "MultiPoint", "coordinates": [ [ -238591.47915166337, 5354267.1218578182, 0.0 ] ] } },
{ "type": "Feature", "properties": { "id": 867, "name": "P.K. 88,300", "descriptio": "<html><body><table border=\"1\"><tr><th>Field Name<\/th><th>Field Value<\/th><\/tr><tr><td>LINEA \/ LÍNEA<\/td><td>BILBO-DONOSTIA \/ BILBAO-SAN SEBASTIAN<\/td><\/tr><tr><td>P.K.<\/td><td>88,300<\/td><\/tr><tr><td>ITURRIA \/ FUENTE<\/td><td>Euskal Trenbide Sarea (ETS) 2", "timestamp": null, "begin": null, "end": null, "altitudemo": "absolute", "tessellate": -1, "extrude": 0, "visibility": -1, "draworder": null, "icon": null }, "geometry": { "type": "MultiPoint", "coordinates": [ [ -238489.43540959238, 5354174.6308031166, 0.0 ] ] } },
{ "type": "Feature", "properties": { "id": 868, "name": "P.K. 88,400", "descriptio": "<html><body><table border=\"1\"><tr><th>Field Name<\/th><th>Field Value<\/th><\/tr><tr><td>LINEA \/ LÍNEA<\/td><td>BILBO-DONOSTIA \/ BILBAO-SAN SEBASTIAN<\/td><\/tr><tr><td>P.K.<\/td><td>88,400<\/td><\/tr><tr><td>ITURRIA \/ FUENTE<\/td><td>Euskal Trenbide Sarea (ETS) 2", "timestamp": null, "begin": null, "end": null, "altitudemo": "absolute", "tessellate": -1, "extrude": 0, "visibility": -1, "draworder": null, "icon": null }, "geometry": { "type": "MultiPoint", "coordinates": [ [ -238389.06861234599, 5354081.2302445751, 0.0 ] ] } },
{ "type": "Feature", "properties": { "id": 869, "name": "P.K. 88,500", "descriptio": "<html><body><table border=\"1\"><tr><th>Field Name<\/th><th>Field Value<\/th><\/tr><tr><td>LINEA \/ LÍNEA<\/td><td>BILBO-DONOSTIA \/ BILBAO-SAN SEBASTIAN<\/td><\/tr><tr><td>P.K.<\/td><td>88,500<\/td><\/tr><tr><td>ITURRIA \/ FUENTE<\/td><td>Euskal Trenbide Sarea (ETS) 2", "timestamp": null, "begin": null, "end": null, "altitudemo": "absolute", "tessellate": -1, "extrude": 0, "visibility": -1, "draworder": null, "icon": null }, "geometry": { "type": "MultiPoint", "coordinates": [ [ -238286.3309139226, 5353990.6119002653, 0.0 ] ] } },
{ "type": "Feature", "properties": { "id": 870, "name": "P.K. 88,600", "descriptio": "<html><body><table border=\"1\"><tr><th>Field Name<\/th><th>Field Value<\/th><\/tr><tr><td>LINEA \/ LÍNEA<\/td><td>BILBO-DONOSTIA \/ BILBAO-SAN SEBASTIAN<\/td><\/tr><tr><td>P.K.<\/td><td>88,600<\/td><\/tr><tr><td>ITURRIA \/ FUENTE<\/td><td>Euskal Trenbide Sarea (ETS) 2", "timestamp": null, "begin": null, "end": null, "altitudemo": "absolute", "tessellate": -1, "extrude": 0, "visibility": -1, "draworder": null, "icon": null }, "geometry": { "type": "MultiPoint", "coordinates": [ [ -238183.71287099921, 5353899.9979713606, 0.0 ] ] } },
{ "type": "Feature", "properties": { "id": 871, "name": "P.K. 88,700", "descriptio": "<html><body><table border=\"1\"><tr><th>Field Name<\/th><th>Field Value<\/th><\/tr><tr><td>LINEA \/ LÍNEA<\/td><td>BILBO-DONOSTIA \/ BILBAO-SAN SEBASTIAN<\/td><\/tr><tr><td>P.K.<\/td><td>88,700<\/td><\/tr><tr><td>ITURRIA \/ FUENTE<\/td><td>Euskal Trenbide Sarea (ETS) 2", "timestamp": null, "begin": null, "end": null, "altitudemo": "absolute", "tessellate": -1, "extrude": 0, "visibility": -1, "draworder": null, "icon": null }, "geometry": { "type": "MultiPoint", "coordinates": [ [ -238079.79005663982, 5353809.5650986806, 0.0 ] ] } },
{ "type": "Feature", "properties": { "id": 872, "name": "P.K. 88,800", "descriptio": "<html><body><table border=\"1\"><tr><th>Field Name<\/th><th>Field Value<\/th><\/tr><tr><td>LINEA \/ LÍNEA<\/td><td>BILBO-DONOSTIA \/ BILBAO-SAN SEBASTIAN<\/td><\/tr><tr><td>P.K.<\/td><td>88,800<\/td><\/tr><tr><td>ITURRIA \/ FUENTE<\/td><td>Euskal Trenbide Sarea (ETS) 2", "timestamp": null, "begin": null, "end": null, "altitudemo": "absolute", "tessellate": -1, "extrude": 0, "visibility": -1, "draworder": null, "icon": null }, "geometry": { "type": "MultiPoint", "coordinates": [ [ -237976.38396363665, 5353719.4130438901, 0.0 ] ] } },
{ "type": "Feature", "properties": { "id": 873, "name": "P.K. 88,900", "descriptio": "<html><body><table border=\"1\"><tr><th>Field Name<\/th><th>Field Value<\/th><\/tr><tr><td>LINEA \/ LÍNEA<\/td><td>BILBO-DONOSTIA \/ BILBAO-SAN SEBASTIAN<\/td><\/tr><tr><td>P.K.<\/td><td>88,900<\/td><\/tr><tr><td>ITURRIA \/ FUENTE<\/td><td>Euskal Trenbide Sarea (ETS) 2", "timestamp": null, "begin": null, "end": null, "altitudemo": "absolute", "tessellate": -1, "extrude": 0, "visibility": -1, "draworder": null, "icon": null }, "geometry": { "type": "MultiPoint", "coordinates": [ [ -237873.13773671887, 5353628.0906283874, 0.0 ] ] } },
{ "type": "Feature", "properties": { "id": 874, "name": "P.K. 89,000", "descriptio": "<html><body><table border=\"1\"><tr><th>Field Name<\/th><th>Field Value<\/th><\/tr><tr><td>LINEA \/ LÍNEA<\/td><td>BILBO-DONOSTIA \/ BILBAO-SAN SEBASTIAN<\/td><\/tr><tr><td>P.K.<\/td><td>89,000<\/td><\/tr><tr><td>ITURRIA \/ FUENTE<\/td><td>Euskal Trenbide Sarea (ETS) 2", "timestamp": null, "begin": null, "end": null, "altitudemo": "absolute", "tessellate": -1, "extrude": 0, "visibility": -1, "draworder": null, "icon": null }, "geometry": { "type": "MultiPoint", "coordinates": [ [ -237769.71231253201, 5353538.2464719787, 0.0 ] ] } },
{ "type": "Feature", "properties": { "id": 875, "name": "P.K. 89,100", "descriptio": "<html><body><table border=\"1\"><tr><th>Field Name<\/th><th>Field Value<\/th><\/tr><tr><td>LINEA \/ LÍNEA<\/td><td>BILBO-DONOSTIA \/ BILBAO-SAN SEBASTIAN<\/td><\/tr><tr><td>P.K.<\/td><td>89,100<\/td><\/tr><tr><td>ITURRIA \/ FUENTE<\/td><td>Euskal Trenbide Sarea (ETS) 2", "timestamp": null, "begin": null, "end": null, "altitudemo": "absolute", "tessellate": -1, "extrude": 0, "visibility": -1, "draworder": null, "icon": null }, "geometry": { "type": "MultiPoint", "coordinates": [ [ -237664.21285955637, 5353447.7979995953, 0.0 ] ] } },
{ "type": "Feature", "properties": { "id": 876, "name": "P.K. 89,200", "descriptio": "<html><body><table border=\"1\"><tr><th>Field Name<\/th><th>Field Value<\/th><\/tr><tr><td>LINEA \/ LÍNEA<\/td><td>BILBO-DONOSTIA \/ BILBAO-SAN SEBASTIAN<\/td><\/tr><tr><td>P.K.<\/td><td>89,200<\/td><\/tr><tr><td>ITURRIA \/ FUENTE<\/td><td>Euskal Trenbide Sarea (ETS) 2", "timestamp": null, "begin": null, "end": null, "altitudemo": "absolute", "tessellate": -1, "extrude": 0, "visibility": -1, "draworder": null, "icon": null }, "geometry": { "type": "MultiPoint", "coordinates": [ [ -237578.04576997584, 5353343.1865533991, 0.0 ] ] } },
{ "type": "Feature", "properties": { "id": 877, "name": "P.K. 89,300", "descriptio": "<html><body><table border=\"1\"><tr><th>Field Name<\/th><th>Field Value<\/th><\/tr><tr><td>LINEA \/ LÍNEA<\/td><td>BILBO-DONOSTIA \/ BILBAO-SAN SEBASTIAN<\/td><\/tr><tr><td>P.K.<\/td><td>89,300<\/td><\/tr><tr><td>ITURRIA \/ FUENTE<\/td><td>Euskal Trenbide Sarea (ETS) 2", "timestamp": null, "begin": null, "end": null, "altitudemo": "absolute", "tessellate": -1, "extrude": 0, "visibility": -1, "draworder": null, "icon": null }, "geometry": { "type": "MultiPoint", "coordinates": [ [ -237514.17748618752, 5353233.0729519064, 0.0 ] ] } },
{ "type": "Feature", "properties": { "id": 878, "name": "P.K. 89,400", "descriptio": "<html><body><table border=\"1\"><tr><th>Field Name<\/th><th>Field Value<\/th><\/tr><tr><td>LINEA \/ LÍNEA<\/td><td>BILBO-DONOSTIA \/ BILBAO-SAN SEBASTIAN<\/td><\/tr><tr><td>P.K.<\/td><td>89,400<\/td><\/tr><tr><td>ITURRIA \/ FUENTE<\/td><td>Euskal Trenbide Sarea (ETS) 2", "timestamp": null, "begin": null, "end": null, "altitudemo": "absolute", "tessellate": -1, "extrude": 0, "visibility": -1, "draworder": null, "icon": null }, "geometry": { "type": "MultiPoint", "coordinates": [ [ -237405.80120080319, 5353151.7402253309, 0.0 ] ] } },
{ "type": "Feature", "properties": { "id": 879, "name": "P.K. 89,500", "descriptio": "<html><body><table border=\"1\"><tr><th>Field Name<\/th><th>Field Value<\/th><\/tr><tr><td>LINEA \/ LÍNEA<\/td><td>BILBO-DONOSTIA \/ BILBAO-SAN SEBASTIAN<\/td><\/tr><tr><td>P.K.<\/td><td>89,500<\/td><\/tr><tr><td>ITURRIA \/ FUENTE<\/td><td>Euskal Trenbide Sarea (ETS) 2", "timestamp": null, "begin": null, "end": null, "altitudemo": "absolute", "tessellate": -1, "extrude": 0, "visibility": -1, "draworder": null, "icon": null }, "geometry": { "type": "MultiPoint", "coordinates": [ [ -237276.94369645114, 5353178.7537907409, 0.0 ] ] } },
{ "type": "Feature", "properties": { "id": 880, "name": "P.K. 89,600", "descriptio": "<html><body><table border=\"1\"><tr><th>Field Name<\/th><th>Field Value<\/th><\/tr><tr><td>LINEA \/ LÍNEA<\/td><td>BILBO-DONOSTIA \/ BILBAO-SAN SEBASTIAN<\/td><\/tr><tr><td>P.K.<\/td><td>89,600<\/td><\/tr><tr><td>ITURRIA \/ FUENTE<\/td><td>Euskal Trenbide Sarea (ETS) 2", "timestamp": null, "begin": null, "end": null, "altitudemo": "absolute", "tessellate": -1, "extrude": 0, "visibility": -1, "draworder": null, "icon": null }, "geometry": { "type": "MultiPoint", "coordinates": [ [ -237179.27117109337, 5353269.6199143194, 0.0 ] ] } },
{ "type": "Feature", "properties": { "id": 881, "name": "P.K. 89,700", "descriptio": "<html><body><table border=\"1\"><tr><th>Field Name<\/th><th>Field Value<\/th><\/tr><tr><td>LINEA \/ LÍNEA<\/td><td>BILBO-DONOSTIA \/ BILBAO-SAN SEBASTIAN<\/td><\/tr><tr><td>P.K.<\/td><td>89,700<\/td><\/tr><tr><td>ITURRIA \/ FUENTE<\/td><td>Euskal Trenbide Sarea (ETS) 2", "timestamp": null, "begin": null, "end": null, "altitudemo": "absolute", "tessellate": -1, "extrude": 0, "visibility": -1, "draworder": null, "icon": null }, "geometry": { "type": "MultiPoint", "coordinates": [ [ -237072.88783521869, 5353368.4446207052, 0.0 ] ] } },
{ "type": "Feature", "properties": { "id": 882, "name": "P.K. 89,800", "descriptio": "<html><body><table border=\"1\"><tr><th>Field Name<\/th><th>Field Value<\/th><\/tr><tr><td>LINEA \/ LÍNEA<\/td><td>BILBO-DONOSTIA \/ BILBAO-SAN SEBASTIAN<\/td><\/tr><tr><td>P.K.<\/td><td>89,800<\/td><\/tr><tr><td>ITURRIA \/ FUENTE<\/td><td>Euskal Trenbide Sarea (ETS) 2", "timestamp": null, "begin": null, "end": null, "altitudemo": "absolute", "tessellate": -1, "extrude": 0, "visibility": -1, "draworder": null, "icon": null }, "geometry": { "type": "MultiPoint", "coordinates": [ [ -237037.27522240634, 5353500.2556692949, 0.0 ] ] } },
{ "type": "Feature", "properties": { "id": 883, "name": "P.K. 89,900", "descriptio": "<html><body><table border=\"1\"><tr><th>Field Name<\/th><th>Field Value<\/th><\/tr><tr><td>LINEA \/ LÍNEA<\/td><td>BILBO-DONOSTIA \/ BILBAO-SAN SEBASTIAN<\/td><\/tr><tr><td>P.K.<\/td><td>89,900<\/td><\/tr><tr><td>ITURRIA \/ FUENTE<\/td><td>Euskal Trenbide Sarea (ETS) 2", "timestamp": null, "begin": null, "end": null, "altitudemo": "absolute", "tessellate": -1, "extrude": 0, "visibility": -1, "draworder": null, "icon": null }, "geometry": { "type": "MultiPoint", "coordinates": [ [ -237022.44170230458, 5353631.9105595564, 0.0 ] ] } },
{ "type": "Feature", "properties": { "id": 884, "name": "P.K. 90,000", "descriptio": "<html><body><table border=\"1\"><tr><th>Field Name<\/th><th>Field Value<\/th><\/tr><tr><td>LINEA \/ LÍNEA<\/td><td>BILBO-DONOSTIA \/ BILBAO-SAN SEBASTIAN<\/td><\/tr><tr><td>P.K.<\/td><td>90,000<\/td><\/tr><tr><td>ITURRIA \/ FUENTE<\/td><td>Euskal Trenbide Sarea (ETS) 2", "timestamp": null, "begin": null, "end": null, "altitudemo": "absolute", "tessellate": -1, "extrude": 0, "visibility": -1, "draworder": null, "icon": null }, "geometry": { "type": "MultiPoint", "coordinates": [ [ -236952.13390178731, 5353751.2379676737, 0.0 ] ] } },
{ "type": "Feature", "properties": { "id": 885, "name": "P.K. 90,100", "descriptio": "<html><body><table border=\"1\"><tr><th>Field Name<\/th><th>Field Value<\/th><\/tr><tr><td>LINEA \/ LÍNEA<\/td><td>BILBO-DONOSTIA \/ BILBAO-SAN SEBASTIAN<\/td><\/tr><tr><td>P.K.<\/td><td>90,100<\/td><\/tr><tr><td>ITURRIA \/ FUENTE<\/td><td>Euskal Trenbide Sarea (ETS) 2", "timestamp": null, "begin": null, "end": null, "altitudemo": "absolute", "tessellate": -1, "extrude": 0, "visibility": -1, "draworder": null, "icon": null }, "geometry": { "type": "MultiPoint", "coordinates": [ [ -236818.93720007993, 5353807.5314629963, 0.0 ] ] } },
{ "type": "Feature", "properties": { "id": 886, "name": "P.K. 90,200", "descriptio": "<html><body><table border=\"1\"><tr><th>Field Name<\/th><th>Field Value<\/th><\/tr><tr><td>LINEA \/ LÍNEA<\/td><td>BILBO-DONOSTIA \/ BILBAO-SAN SEBASTIAN<\/td><\/tr><tr><td>P.K.<\/td><td>90,200<\/td><\/tr><tr><td>ITURRIA \/ FUENTE<\/td><td>Euskal Trenbide Sarea (ETS) 2", "timestamp": null, "begin": null, "end": null, "altitudemo": "absolute", "tessellate": -1, "extrude": 0, "visibility": -1, "draworder": null, "icon": null }, "geometry": { "type": "MultiPoint", "coordinates": [ [ -236662.26103478626, 5353796.1054036645, 0.0 ] ] } },
{ "type": "Feature", "properties": { "id": 887, "name": "P.K. 90,300", "descriptio": "<html><body><table border=\"1\"><tr><th>Field Name<\/th><th>Field Value<\/th><\/tr><tr><td>LINEA \/ LÍNEA<\/td><td>BILBO-DONOSTIA \/ BILBAO-SAN SEBASTIAN<\/td><\/tr><tr><td>P.K.<\/td><td>90,300<\/td><\/tr><tr><td>ITURRIA \/ FUENTE<\/td><td>Euskal Trenbide Sarea (ETS) 2", "timestamp": null, "begin": null, "end": null, "altitudemo": "absolute", "tessellate": -1, "extrude": 0, "visibility": -1, "draworder": null, "icon": null }, "geometry": { "type": "MultiPoint", "coordinates": [ [ -236516.07410440117, 5353790.018198397, 0.0 ] ] } },
{ "type": "Feature", "properties": { "id": 888, "name": "P.K. 90,400", "descriptio": "<html><body><table border=\"1\"><tr><th>Field Name<\/th><th>Field Value<\/th><\/tr><tr><td>LINEA \/ LÍNEA<\/td><td>BILBO-DONOSTIA \/ BILBAO-SAN SEBASTIAN<\/td><\/tr><tr><td>P.K.<\/td><td>90,400<\/td><\/tr><tr><td>ITURRIA \/ FUENTE<\/td><td>Euskal Trenbide Sarea (ETS) 2", "timestamp": null, "begin": null, "end": null, "altitudemo": "absolute", "tessellate": -1, "extrude": 0, "visibility": -1, "draworder": null, "icon": null }, "geometry": { "type": "MultiPoint", "coordinates": [ [ -236378.13068784826, 5353767.5987226386, 0.0 ] ] } },
{ "type": "Feature", "properties": { "id": 889, "name": "P.K. 90,500", "descriptio": "<html><body><table border=\"1\"><tr><th>Field Name<\/th><th>Field Value<\/th><\/tr><tr><td>LINEA \/ LÍNEA<\/td><td>BILBO-DONOSTIA \/ BILBAO-SAN SEBASTIAN<\/td><\/tr><tr><td>P.K.<\/td><td>90,500<\/td><\/tr><tr><td>ITURRIA \/ FUENTE<\/td><td>Euskal Trenbide Sarea (ETS) 2", "timestamp": null, "begin": null, "end": null, "altitudemo": "absolute", "tessellate": -1, "extrude": 0, "visibility": -1, "draworder": null, "icon": null }, "geometry": { "type": "MultiPoint", "coordinates": [ [ -236240.26713657563, 5353761.8353097374, 0.0 ] ] } },
{ "type": "Feature", "properties": { "id": 1008, "name": "P.K. 14,200", "descriptio": "<html><body><table border=\"1\"><tr><th>Field Name<\/th><th>Field Value<\/th><\/tr><tr><td>LINEA \/ LÍNEA<\/td><td>TRANBIA GASTEIZ \/ TRANVIA VITORIA<\/td><\/tr><tr><td>P.K.<\/td><td>14,200<\/td><\/tr><tr><td>ITURRIA \/ FUENTE<\/td><td>Euskal Trenbide Sarea (ETS) 2025<", "timestamp": null, "begin": null, "end": null, "altitudemo": "absolute", "tessellate": -1, "extrude": 0, "visibility": -1, "draworder": null, "icon": null }, "geometry": { "type": "MultiPoint", "coordinates": [ [ -300014.79385257704, 5291306.2277110517, 0.0 ] ] } },
{ "type": "Feature", "properties": { "id": 1009, "name": "P.K. 14,000", "descriptio": "<html><body><table border=\"1\"><tr><th>Field Name<\/th><th>Field Value<\/th><\/tr><tr><td>LINEA \/ LÍNEA<\/td><td>TRANBIA GASTEIZ \/ TRANVIA VITORIA<\/td><\/tr><tr><td>P.K.<\/td><td>14,000<\/td><\/tr><tr><td>ITURRIA \/ FUENTE<\/td><td>Euskal Trenbide Sarea (ETS) 2025<", "timestamp": null, "begin": null, "end": null, "altitudemo": "absolute", "tessellate": -1, "extrude": 0, "visibility": -1, "draworder": null, "icon": null }, "geometry": { "type": "MultiPoint", "coordinates": [ [ -299888.20101862954, 5291063.7186721666, 0.0 ] ] } },
{ "type": "Feature", "properties": { "id": 1010, "name": "P.K. 13,300", "descriptio": "<html><body><table border=\"1\"><tr><th>Field Name<\/th><th>Field Value<\/th><\/tr><tr><td>LINEA \/ LÍNEA<\/td><td>TRANBIA GASTEIZ \/ TRANVIA VITORIA<\/td><\/tr><tr><td>P.K.<\/td><td>13,300<\/td><\/tr><tr><td>ITURRIA \/ FUENTE<\/td><td>Euskal Trenbide Sarea (ETS) 2025<", "timestamp": null, "begin": null, "end": null, "altitudemo": "absolute", "tessellate": -1, "extrude": 0, "visibility": -1, "draworder": null, "icon": null }, "geometry": { "type": "MultiPoint", "coordinates": [ [ -299439.17691949365, 5290227.4905925477, 0.0 ] ] } },
{ "type": "Feature", "properties": { "id": 1011, "name": "P.K. 14,700", "descriptio": "<html><body><table border=\"1\"><tr><th>Field Name<\/th><th>Field Value<\/th><\/tr><tr><td>LINEA \/ LÍNEA<\/td><td>TRANBIA GASTEIZ \/ TRANVIA VITORIA<\/td><\/tr><tr><td>P.K.<\/td><td>14,700<\/td><\/tr><tr><td>ITURRIA \/ FUENTE<\/td><td>Euskal Trenbide Sarea (ETS) 2025<", "timestamp": null, "begin": null, "end": null, "altitudemo": "absolute", "tessellate": -1, "extrude": 0, "visibility": -1, "draworder": null, "icon": null }, "geometry": { "type": "MultiPoint", "coordinates": [ [ -300474.58213851415, 5291597.5242554117, 0.0 ] ] } },
{ "type": "Feature", "properties": { "id": 1012, "name": "P.K. 13,800", "descriptio": "<html><body><table border=\"1\"><tr><th>Field Name<\/th><th>Field Value<\/th><\/tr><tr><td>LINEA \/ LÍNEA<\/td><td>TRANBIA GASTEIZ \/ TRANVIA VITORIA<\/td><\/tr><tr><td>P.K.<\/td><td>13,800<\/td><\/tr><tr><td>ITURRIA \/ FUENTE<\/td><td>Euskal Trenbide Sarea (ETS) 2025<", "timestamp": null, "begin": null, "end": null, "altitudemo": "absolute", "tessellate": -1, "extrude": 0, "visibility": -1, "draworder": null, "icon": null }, "geometry": { "type": "MultiPoint", "coordinates": [ [ -299767.23055038624, 5290817.008802088, 0.0 ] ] } },
{ "type": "Feature", "properties": { "id": 1013, "name": "P.K. 15,200", "descriptio": "<html><body><table border=\"1\"><tr><th>Field Name<\/th><th>Field Value<\/th><\/tr><tr><td>LINEA \/ LÍNEA<\/td><td>TRANBIA GASTEIZ \/ TRANVIA VITORIA<\/td><\/tr><tr><td>P.K.<\/td><td>15,200<\/td><\/tr><tr><td>ITURRIA \/ FUENTE<\/td><td>Euskal Trenbide Sarea (ETS) 2025<", "timestamp": null, "begin": null, "end": null, "altitudemo": "absolute", "tessellate": -1, "extrude": 0, "visibility": -1, "draworder": null, "icon": null }, "geometry": { "type": "MultiPoint", "coordinates": [ [ -298047.76337525551, 5292816.336399748, 0.0 ] ] } },
{ "type": "Feature", "properties": { "id": 1014, "name": "P.K. 15,400", "descriptio": "<html><body><table border=\"1\"><tr><th>Field Name<\/th><th>Field Value<\/th><\/tr><tr><td>LINEA \/ LÍNEA<\/td><td>TRANBIA GASTEIZ \/ TRANVIA VITORIA<\/td><\/tr><tr><td>P.K.<\/td><td>15,400<\/td><\/tr><tr><td>ITURRIA \/ FUENTE<\/td><td>Euskal Trenbide Sarea (ETS) 2025<", "timestamp": null, "begin": null, "end": null, "altitudemo": "absolute", "tessellate": -1, "extrude": 0, "visibility": -1, "draworder": null, "icon": null }, "geometry": { "type": "MultiPoint", "coordinates": [ [ -298236.32113129762, 5293014.6793727633, 0.0 ] ] } },
{ "type": "Feature", "properties": { "id": 1015, "name": "P.K. 15,100", "descriptio": "<html><body><table border=\"1\"><tr><th>Field Name<\/th><th>Field Value<\/th><\/tr><tr><td>LINEA \/ LÍNEA<\/td><td>TRANBIA GASTEIZ \/ TRANVIA VITORIA<\/td><\/tr><tr><td>P.K.<\/td><td>15,100<\/td><\/tr><tr><td>ITURRIA \/ FUENTE<\/td><td>Euskal Trenbide Sarea (ETS) 2025<", "timestamp": null, "begin": null, "end": null, "altitudemo": "absolute", "tessellate": -1, "extrude": 0, "visibility": -1, "draworder": null, "icon": null }, "geometry": { "type": "MultiPoint", "coordinates": [ [ -298002.82771554729, 5292693.64028842, 0.0 ] ] } },
{ "type": "Feature", "properties": { "id": 1016, "name": "P.K. 15,000", "descriptio": "<html><body><table border=\"1\"><tr><th>Field Name<\/th><th>Field Value<\/th><\/tr><tr><td>LINEA \/ LÍNEA<\/td><td>TRANBIA GASTEIZ \/ TRANVIA VITORIA<\/td><\/tr><tr><td>P.K.<\/td><td>15,000<\/td><\/tr><tr><td>ITURRIA \/ FUENTE<\/td><td>Euskal Trenbide Sarea (ETS) 2025<", "timestamp": null, "begin": null, "end": null, "altitudemo": "absolute", "tessellate": -1, "extrude": 0, "visibility": -1, "draworder": null, "icon": null }, "geometry": { "type": "MultiPoint", "coordinates": [ [ -298145.07807032694, 5292682.7149651684, 0.0 ] ] } },
{ "type": "Feature", "properties": { "id": 1017, "name": "P.K. 15,300", "descriptio": "<html><body><table border=\"1\"><tr><th>Field Name<\/th><th>Field Value<\/th><\/tr><tr><td>LINEA \/ LÍNEA<\/td><td>TRANBIA GASTEIZ \/ TRANVIA VITORIA<\/td><\/tr><tr><td>P.K.<\/td><td>15,300<\/td><\/tr><tr><td>ITURRIA \/ FUENTE<\/td><td>Euskal Trenbide Sarea (ETS) 2025<", "timestamp": null, "begin": null, "end": null, "altitudemo": "absolute", "tessellate": -1, "extrude": 0, "visibility": -1, "draworder": null, "icon": null }, "geometry": { "type": "MultiPoint", "coordinates": [ [ -298142.3111786067, 5292915.6379359039, 0.0 ] ] } },
{ "type": "Feature", "properties": { "id": 1018, "name": "P.K. 15,500", "descriptio": "<html><body><table border=\"1\"><tr><th>Field Name<\/th><th>Field Value<\/th><\/tr><tr><td>LINEA \/ LÍNEA<\/td><td>TRANBIA GASTEIZ \/ TRANVIA VITORIA<\/td><\/tr><tr><td>P.K.<\/td><td>15,500<\/td><\/tr><tr><td>ITURRIA \/ FUENTE<\/td><td>Euskal Trenbide Sarea (ETS) 2025<", "timestamp": null, "begin": null, "end": null, "altitudemo": "absolute", "tessellate": -1, "extrude": 0, "visibility": -1, "draworder": null, "icon": null }, "geometry": { "type": "MultiPoint", "coordinates": [ [ -298328.96641020826, 5293121.8822805053, 0.0 ] ] } },
{ "type": "Feature", "properties": { "id": 1019, "name": "P.K. 11,200", "descriptio": "<html><body><table border=\"1\"><tr><th>Field Name<\/th><th>Field Value<\/th><\/tr><tr><td>LINEA \/ LÍNEA<\/td><td>TRANBIA GASTEIZ \/ TRANVIA VITORIA<\/td><\/tr><tr><td>P.K.<\/td><td>11,200<\/td><\/tr><tr><td>ITURRIA \/ FUENTE<\/td><td>Euskal Trenbide Sarea (ETS) 2025<", "timestamp": null, "begin": null, "end": null, "altitudemo": "absolute", "tessellate": -1, "extrude": 0, "visibility": -1, "draworder": null, "icon": null }, "geometry": { "type": "MultiPoint", "coordinates": [ [ -298258.22314723727, 5288686.7142961957, 0.0 ] ] } },
{ "type": "Feature", "properties": { "id": 1020, "name": "P.K. 11,000", "descriptio": "<html><body><table border=\"1\"><tr><th>Field Name<\/th><th>Field Value<\/th><\/tr><tr><td>LINEA \/ LÍNEA<\/td><td>TRANBIA GASTEIZ \/ TRANVIA VITORIA<\/td><\/tr><tr><td>P.K.<\/td><td>11,000<\/td><\/tr><tr><td>ITURRIA \/ FUENTE<\/td><td>Euskal Trenbide Sarea (ETS) 2025<", "timestamp": null, "begin": null, "end": null, "altitudemo": "absolute", "tessellate": -1, "extrude": 0, "visibility": -1, "draworder": null, "icon": null }, "geometry": { "type": "MultiPoint", "coordinates": [ [ -298046.54789253883, 5288541.613398145, 0.0 ] ] } },
{ "type": "Feature", "properties": { "id": 1021, "name": "P.K. 11,100", "descriptio": "<html><body><table border=\"1\"><tr><th>Field Name<\/th><th>Field Value<\/th><\/tr><tr><td>LINEA \/ LÍNEA<\/td><td>TRANBIA GASTEIZ \/ TRANVIA VITORIA<\/td><\/tr><tr><td>P.K.<\/td><td>11,100<\/td><\/tr><tr><td>ITURRIA \/ FUENTE<\/td><td>Euskal Trenbide Sarea (ETS) 2025<", "timestamp": null, "begin": null, "end": null, "altitudemo": "absolute", "tessellate": -1, "extrude": 0, "visibility": -1, "draworder": null, "icon": null }, "geometry": { "type": "MultiPoint", "coordinates": [ [ -298166.45885924541, 5288599.5539312679, 0.0 ] ] } },
{ "type": "Feature", "properties": { "id": 1022, "name": "P.K. 11,400", "descriptio": "<html><body><table border=\"1\"><tr><th>Field Name<\/th><th>Field Value<\/th><\/tr><tr><td>LINEA \/ LÍNEA<\/td><td>TRANBIA GASTEIZ \/ TRANVIA VITORIA<\/td><\/tr><tr><td>P.K.<\/td><td>11,400<\/td><\/tr><tr><td>ITURRIA \/ FUENTE<\/td><td>Euskal Trenbide Sarea (ETS) 2025<", "timestamp": null, "begin": null, "end": null, "altitudemo": "absolute", "tessellate": -1, "extrude": 0, "visibility": -1, "draworder": null, "icon": null }, "geometry": { "type": "MultiPoint", "coordinates": [ [ -298346.77658079762, 5288946.0219775662, 0.0 ] ] } },
{ "type": "Feature", "properties": { "id": 1023, "name": "P.K. 11,300", "descriptio": "<html><body><table border=\"1\"><tr><th>Field Name<\/th><th>Field Value<\/th><\/tr><tr><td>LINEA \/ LÍNEA<\/td><td>TRANBIA GASTEIZ \/ TRANVIA VITORIA<\/td><\/tr><tr><td>P.K.<\/td><td>11,300<\/td><\/tr><tr><td>ITURRIA \/ FUENTE<\/td><td>Euskal Trenbide Sarea (ETS) 2025<", "timestamp": null, "begin": null, "end": null, "altitudemo": "absolute", "tessellate": -1, "extrude": 0, "visibility": -1, "draworder": null, "icon": null }, "geometry": { "type": "MultiPoint", "coordinates": [ [ -298300.46498784854, 5288817.5081367129, 0.0 ] ] } },
{ "type": "Feature", "properties": { "id": 1024, "name": "P.K. 11,500", "descriptio": "<html><body><table border=\"1\"><tr><th>Field Name<\/th><th>Field Value<\/th><\/tr><tr><td>LINEA \/ LÍNEA<\/td><td>TRANBIA GASTEIZ \/ TRANVIA VITORIA<\/td><\/tr><tr><td>P.K.<\/td><td>11,500<\/td><\/tr><tr><td>ITURRIA \/ FUENTE<\/td><td>Euskal Trenbide Sarea (ETS) 2025<", "timestamp": null, "begin": null, "end": null, "altitudemo": "absolute", "tessellate": -1, "extrude": 0, "visibility": -1, "draworder": null, "icon": null }, "geometry": { "type": "MultiPoint", "coordinates": [ [ -298393.36206648272, 5289074.4973534942, 0.0 ] ] } },
{ "type": "Feature", "properties": { "id": 1025, "name": "P.K. 11,700", "descriptio": "<html><body><table border=\"1\"><tr><th>Field Name<\/th><th>Field Value<\/th><\/tr><tr><td>LINEA \/ LÍNEA<\/td><td>TRANBIA GASTEIZ \/ TRANVIA VITORIA<\/td><\/tr><tr><td>P.K.<\/td><td>11,700<\/td><\/tr><tr><td>ITURRIA \/ FUENTE<\/td><td>Euskal Trenbide Sarea (ETS) 2025<", "timestamp": null, "begin": null, "end": null, "altitudemo": "absolute", "tessellate": -1, "extrude": 0, "visibility": -1, "draworder": null, "icon": null }, "geometry": { "type": "MultiPoint", "coordinates": [ [ -298383.94311621942, 5289338.8704372067, 0.0 ] ] } },
{ "type": "Feature", "properties": { "id": 1026, "name": "P.K. 11,600", "descriptio": "<html><body><table border=\"1\"><tr><th>Field Name<\/th><th>Field Value<\/th><\/tr><tr><td>LINEA \/ LÍNEA<\/td><td>TRANBIA GASTEIZ \/ TRANVIA VITORIA<\/td><\/tr><tr><td>P.K.<\/td><td>11,600<\/td><\/tr><tr><td>ITURRIA \/ FUENTE<\/td><td>Euskal Trenbide Sarea (ETS) 2025<", "timestamp": null, "begin": null, "end": null, "altitudemo": "absolute", "tessellate": -1, "extrude": 0, "visibility": -1, "draworder": null, "icon": null }, "geometry": { "type": "MultiPoint", "coordinates": [ [ -298411.53915405169, 5289203.7276600068, 0.0 ] ] } },
{ "type": "Feature", "properties": { "id": 1027, "name": "P.K. 11,800", "descriptio": "<html><body><table border=\"1\"><tr><th>Field Name<\/th><th>Field Value<\/th><\/tr><tr><td>LINEA \/ LÍNEA<\/td><td>TRANBIA GASTEIZ \/ TRANVIA VITORIA<\/td><\/tr><tr><td>P.K.<\/td><td>11,800<\/td><\/tr><tr><td>ITURRIA \/ FUENTE<\/td><td>Euskal Trenbide Sarea (ETS) 2025<", "timestamp": null, "begin": null, "end": null, "altitudemo": "absolute", "tessellate": -1, "extrude": 0, "visibility": -1, "draworder": null, "icon": null }, "geometry": { "type": "MultiPoint", "coordinates": [ [ -298363.7023555942, 5289474.3575848462, 0.0 ] ] } },
{ "type": "Feature", "properties": { "id": 1028, "name": "P.K. 11,900", "descriptio": "<html><body><table border=\"1\"><tr><th>Field Name<\/th><th>Field Value<\/th><\/tr><tr><td>LINEA \/ LÍNEA<\/td><td>TRANBIA GASTEIZ \/ TRANVIA VITORIA<\/td><\/tr><tr><td>P.K.<\/td><td>11,900<\/td><\/tr><tr><td>ITURRIA \/ FUENTE<\/td><td>Euskal Trenbide Sarea (ETS) 2025<", "timestamp": null, "begin": null, "end": null, "altitudemo": "absolute", "tessellate": -1, "extrude": 0, "visibility": -1, "draworder": null, "icon": null }, "geometry": { "type": "MultiPoint", "coordinates": [ [ -298343.24533604161, 5289609.2304562423, 0.0 ] ] } },
{ "type": "Feature", "properties": { "id": 1029, "name": "P.K. 12,000", "descriptio": "<html><body><table border=\"1\"><tr><th>Field Name<\/th><th>Field Value<\/th><\/tr><tr><td>LINEA \/ LÍNEA<\/td><td>TRANBIA GASTEIZ \/ TRANVIA VITORIA<\/td><\/tr><tr><td>P.K.<\/td><td>12,000<\/td><\/tr><tr><td>ITURRIA \/ FUENTE<\/td><td>Euskal Trenbide Sarea (ETS) 2025<", "timestamp": null, "begin": null, "end": null, "altitudemo": "absolute", "tessellate": -1, "extrude": 0, "visibility": -1, "draworder": null, "icon": null }, "geometry": { "type": "MultiPoint", "coordinates": [ [ -298321.46496166475, 5289744.4009933313, 0.0 ] ] } },
{ "type": "Feature", "properties": { "id": 1030, "name": "P.K. 12,100", "descriptio": "<html><body><table border=\"1\"><tr><th>Field Name<\/th><th>Field Value<\/th><\/tr><tr><td>LINEA \/ LÍNEA<\/td><td>TRANBIA GASTEIZ \/ TRANVIA VITORIA<\/td><\/tr><tr><td>P.K.<\/td><td>12,100<\/td><\/tr><tr><td>ITURRIA \/ FUENTE<\/td><td>Euskal Trenbide Sarea (ETS) 2025<", "timestamp": null, "begin": null, "end": null, "altitudemo": "absolute", "tessellate": -1, "extrude": 0, "visibility": -1, "draworder": null, "icon": null }, "geometry": { "type": "MultiPoint", "coordinates": [ [ -298307.3145583588, 5289879.465774985, 0.0 ] ] } },
{ "type": "Feature", "properties": { "id": 1031, "name": "P.K. 12,200", "descriptio": "<html><body><table border=\"1\"><tr><th>Field Name<\/th><th>Field Value<\/th><\/tr><tr><td>LINEA \/ LÍNEA<\/td><td>TRANBIA GASTEIZ \/ TRANVIA VITORIA<\/td><\/tr><tr><td>P.K.<\/td><td>12,200<\/td><\/tr><tr><td>ITURRIA \/ FUENTE<\/td><td>Euskal Trenbide Sarea (ETS) 2025<", "timestamp": null, "begin": null, "end": null, "altitudemo": "absolute", "tessellate": -1, "extrude": 0, "visibility": -1, "draworder": null, "icon": null }, "geometry": { "type": "MultiPoint", "coordinates": [ [ -298358.75508290215, 5290004.2666063346, 0.0 ] ] } },
{ "type": "Feature", "properties": { "id": 1032, "name": "P.K. 12,300", "descriptio": "<html><body><table border=\"1\"><tr><th>Field Name<\/th><th>Field Value<\/th><\/tr><tr><td>LINEA \/ LÍNEA<\/td><td>TRANBIA GASTEIZ \/ TRANVIA VITORIA<\/td><\/tr><tr><td>P.K.<\/td><td>12,300<\/td><\/tr><tr><td>ITURRIA \/ FUENTE<\/td><td>Euskal Trenbide Sarea (ETS) 2025<", "timestamp": null, "begin": null, "end": null, "altitudemo": "absolute", "tessellate": -1, "extrude": 0, "visibility": -1, "draworder": null, "icon": null }, "geometry": { "type": "MultiPoint", "coordinates": [ [ -298405.46570809023, 5290129.8986555021, 0.0 ] ] } },
{ "type": "Feature", "properties": { "id": 1033, "name": "P.K. 12,400", "descriptio": "<html><body><table border=\"1\"><tr><th>Field Name<\/th><th>Field Value<\/th><\/tr><tr><td>LINEA \/ LÍNEA<\/td><td>TRANBIA GASTEIZ \/ TRANVIA VITORIA<\/td><\/tr><tr><td>P.K.<\/td><td>12,400<\/td><\/tr><tr><td>ITURRIA \/ FUENTE<\/td><td>Euskal Trenbide Sarea (ETS) 2025<", "timestamp": null, "begin": null, "end": null, "altitudemo": "absolute", "tessellate": -1, "extrude": 0, "visibility": -1, "draworder": null, "icon": null }, "geometry": { "type": "MultiPoint", "coordinates": [ [ -298450.25774753286, 5290258.7658791076, 0.0 ] ] } },
{ "type": "Feature", "properties": { "id": 1034, "name": "P.K. 12,500", "descriptio": "<html><body><table border=\"1\"><tr><th>Field Name<\/th><th>Field Value<\/th><\/tr><tr><td>LINEA \/ LÍNEA<\/td><td>TRANBIA GASTEIZ \/ TRANVIA VITORIA<\/td><\/tr><tr><td>P.K.<\/td><td>12,500<\/td><\/tr><tr><td>ITURRIA \/ FUENTE<\/td><td>Euskal Trenbide Sarea (ETS) 2025<", "timestamp": null, "begin": null, "end": null, "altitudemo": "absolute", "tessellate": -1, "extrude": 0, "visibility": -1, "draworder": null, "icon": null }, "geometry": { "type": "MultiPoint", "coordinates": [ [ -298494.98133142642, 5290388.0446438361, 0.0 ] ] } },
{ "type": "Feature", "properties": { "id": 1035, "name": "P.K. 12,600", "descriptio": "<html><body><table border=\"1\"><tr><th>Field Name<\/th><th>Field Value<\/th><\/tr><tr><td>LINEA \/ LÍNEA<\/td><td>TRANBIA GASTEIZ \/ TRANVIA VITORIA<\/td><\/tr><tr><td>P.K.<\/td><td>12,600<\/td><\/tr><tr><td>ITURRIA \/ FUENTE<\/td><td>Euskal Trenbide Sarea (ETS) 2025<", "timestamp": null, "begin": null, "end": null, "altitudemo": "absolute", "tessellate": -1, "extrude": 0, "visibility": -1, "draworder": null, "icon": null }, "geometry": { "type": "MultiPoint", "coordinates": [ [ -298594.74285864312, 5290470.133854405, 0.0 ] ] } },
{ "type": "Feature", "properties": { "id": 1036, "name": "P.K. 10,100", "descriptio": "<html><body><table border=\"1\"><tr><th>Field Name<\/th><th>Field Value<\/th><\/tr><tr><td>LINEA \/ LÍNEA<\/td><td>TRANBIA GASTEIZ \/ TRANVIA VITORIA<\/td><\/tr><tr><td>P.K.<\/td><td>10,100<\/td><\/tr><tr><td>ITURRIA \/ FUENTE<\/td><td>Euskal Trenbide Sarea (ETS) 2025<", "timestamp": null, "begin": null, "end": null, "altitudemo": "absolute", "tessellate": -1, "extrude": 0, "visibility": -1, "draworder": null, "icon": null }, "geometry": { "type": "MultiPoint", "coordinates": [ [ -296938.89655287948, 5288153.5318966433, 0.0 ] ] } },
{ "type": "Feature", "properties": { "id": 1037, "name": "P.K. 10,200", "descriptio": "<html><body><table border=\"1\"><tr><th>Field Name<\/th><th>Field Value<\/th><\/tr><tr><td>LINEA \/ LÍNEA<\/td><td>TRANBIA GASTEIZ \/ TRANVIA VITORIA<\/td><\/tr><tr><td>P.K.<\/td><td>10,200<\/td><\/tr><tr><td>ITURRIA \/ FUENTE<\/td><td>Euskal Trenbide Sarea (ETS) 2025<", "timestamp": null, "begin": null, "end": null, "altitudemo": "absolute", "tessellate": -1, "extrude": 0, "visibility": -1, "draworder": null, "icon": null }, "geometry": { "type": "MultiPoint", "coordinates": [ [ -297036.85187295324, 5288245.523657483, 0.0 ] ] } },
{ "type": "Feature", "properties": { "id": 1038, "name": "P.K. 12,700", "descriptio": "<html><body><table border=\"1\"><tr><th>Field Name<\/th><th>Field Value<\/th><\/tr><tr><td>LINEA \/ LÍNEA<\/td><td>TRANBIA GASTEIZ \/ TRANVIA VITORIA<\/td><\/tr><tr><td>P.K.<\/td><td>12,700<\/td><\/tr><tr><td>ITURRIA \/ FUENTE<\/td><td>Euskal Trenbide Sarea (ETS) 2025<", "timestamp": null, "begin": null, "end": null, "altitudemo": "absolute", "tessellate": -1, "extrude": 0, "visibility": -1, "draworder": null, "icon": null }, "geometry": { "type": "MultiPoint", "coordinates": [ [ -298725.1317396391, 5290473.8539020354, 0.0 ] ] } },
{ "type": "Feature", "properties": { "id": 1039, "name": "P.K. 10,000", "descriptio": "<html><body><table border=\"1\"><tr><th>Field Name<\/th><th>Field Value<\/th><\/tr><tr><td>LINEA \/ LÍNEA<\/td><td>TRANBIA GASTEIZ \/ TRANVIA VITORIA<\/td><\/tr><tr><td>P.K.<\/td><td>10,000<\/td><\/tr><tr><td>ITURRIA \/ FUENTE<\/td><td>Euskal Trenbide Sarea (ETS) 2025<", "timestamp": null, "begin": null, "end": null, "altitudemo": "absolute", "tessellate": -1, "extrude": 0, "visibility": -1, "draworder": null, "icon": null }, "geometry": { "type": "MultiPoint", "coordinates": [ [ -296855.18555387238, 5288046.0240798881, 0.0 ] ] } },
{ "type": "Feature", "properties": { "id": 1040, "name": "P.K. 14,900", "descriptio": "<html><body><table border=\"1\"><tr><th>Field Name<\/th><th>Field Value<\/th><\/tr><tr><td>LINEA \/ LÍNEA<\/td><td>TRANBIA GASTEIZ \/ TRANVIA VITORIA<\/td><\/tr><tr><td>P.K.<\/td><td>14,900<\/td><\/tr><tr><td>ITURRIA \/ FUENTE<\/td><td>Euskal Trenbide Sarea (ETS) 2025<", "timestamp": null, "begin": null, "end": null, "altitudemo": "absolute", "tessellate": -1, "extrude": 0, "visibility": -1, "draworder": null, "icon": null }, "geometry": { "type": "MultiPoint", "coordinates": [ [ -298261.61445013538, 5292725.4613138633, 0.0 ] ] } },
{ "type": "Feature", "properties": { "id": 1041, "name": "P.K. 12,700", "descriptio": "<html><body><table border=\"1\"><tr><th>Field Name<\/th><th>Field Value<\/th><\/tr><tr><td>LINEA \/ LÍNEA<\/td><td>TRANBIA GASTEIZ \/ TRANVIA VITORIA<\/td><\/tr><tr><td>P.K.<\/td><td>12,700<\/td><\/tr><tr><td>ITURRIA \/ FUENTE<\/td><td>Euskal Trenbide Sarea (ETS) 2025<", "timestamp": null, "begin": null, "end": null, "altitudemo": "absolute", "tessellate": -1, "extrude": 0, "visibility": -1, "draworder": null, "icon": null }, "geometry": { "type": "MultiPoint", "coordinates": [ [ -298608.91842891905, 5290597.5110416915, 0.0 ] ] } },
{ "type": "Feature", "properties": { "id": 1042, "name": "P.K. 14,700", "descriptio": "<html><body><table border=\"1\"><tr><th>Field Name<\/th><th>Field Value<\/th><\/tr><tr><td>LINEA \/ LÍNEA<\/td><td>TRANBIA GASTEIZ \/ TRANVIA VITORIA<\/td><\/tr><tr><td>P.K.<\/td><td>14,700<\/td><\/tr><tr><td>ITURRIA \/ FUENTE<\/td><td>Euskal Trenbide Sarea (ETS) 2025<", "timestamp": null, "begin": null, "end": null, "altitudemo": "absolute", "tessellate": -1, "extrude": 0, "visibility": -1, "draworder": null, "icon": null }, "geometry": { "type": "MultiPoint", "coordinates": [ [ -298495.186688449, 5292756.6685358938, 0.0 ] ] } },
{ "type": "Feature", "properties": { "id": 1043, "name": "P.K. 14,800", "descriptio": "<html><body><table border=\"1\"><tr><th>Field Name<\/th><th>Field Value<\/th><\/tr><tr><td>LINEA \/ LÍNEA<\/td><td>TRANBIA GASTEIZ \/ TRANVIA VITORIA<\/td><\/tr><tr><td>P.K.<\/td><td>14,800<\/td><\/tr><tr><td>ITURRIA \/ FUENTE<\/td><td>Euskal Trenbide Sarea (ETS) 2025<", "timestamp": null, "begin": null, "end": null, "altitudemo": "absolute", "tessellate": -1, "extrude": 0, "visibility": -1, "draworder": null, "icon": null }, "geometry": { "type": "MultiPoint", "coordinates": [ [ -298383.94546937488, 5292784.0482366318, 0.0 ] ] } },
{ "type": "Feature", "properties": { "id": 1044, "name": "P.K. 14,500", "descriptio": "<html><body><table border=\"1\"><tr><th>Field Name<\/th><th>Field Value<\/th><\/tr><tr><td>LINEA \/ LÍNEA<\/td><td>TRANBIA GASTEIZ \/ TRANVIA VITORIA<\/td><\/tr><tr><td>P.K.<\/td><td>14,500<\/td><\/tr><tr><td>ITURRIA \/ FUENTE<\/td><td>Euskal Trenbide Sarea (ETS) 2025<", "timestamp": null, "begin": null, "end": null, "altitudemo": "absolute", "tessellate": -1, "extrude": 0, "visibility": -1, "draworder": null, "icon": null }, "geometry": { "type": "MultiPoint", "coordinates": [ [ -298529.627468427, 5292491.604448704, 0.0 ] ] } },
{ "type": "Feature", "properties": { "id": 1045, "name": "P.K. 14,600", "descriptio": "<html><body><table border=\"1\"><tr><th>Field Name<\/th><th>Field Value<\/th><\/tr><tr><td>LINEA \/ LÍNEA<\/td><td>TRANBIA GASTEIZ \/ TRANVIA VITORIA<\/td><\/tr><tr><td>P.K.<\/td><td>14,600<\/td><\/tr><tr><td>ITURRIA \/ FUENTE<\/td><td>Euskal Trenbide Sarea (ETS) 2025<", "timestamp": null, "begin": null, "end": null, "altitudemo": "absolute", "tessellate": -1, "extrude": 0, "visibility": -1, "draworder": null, "icon": null }, "geometry": { "type": "MultiPoint", "coordinates": [ [ -298524.92445223028, 5292628.0021579647, 0.0 ] ] } },
{ "type": "Feature", "properties": { "id": 1046, "name": "P.K. 14,300", "descriptio": "<html><body><table border=\"1\"><tr><th>Field Name<\/th><th>Field Value<\/th><\/tr><tr><td>LINEA \/ LÍNEA<\/td><td>TRANBIA GASTEIZ \/ TRANVIA VITORIA<\/td><\/tr><tr><td>P.K.<\/td><td>14,300<\/td><\/tr><tr><td>ITURRIA \/ FUENTE<\/td><td>Euskal Trenbide Sarea (ETS) 2025<", "timestamp": null, "begin": null, "end": null, "altitudemo": "absolute", "tessellate": -1, "extrude": 0, "visibility": -1, "draworder": null, "icon": null }, "geometry": { "type": "MultiPoint", "coordinates": [ [ -298428.510081193, 5292241.5973234717, 0.0 ] ] } },
{ "type": "Feature", "properties": { "id": 1047, "name": "P.K. 14,400", "descriptio": "<html><body><table border=\"1\"><tr><th>Field Name<\/th><th>Field Value<\/th><\/tr><tr><td>LINEA \/ LÍNEA<\/td><td>TRANBIA GASTEIZ \/ TRANVIA VITORIA<\/td><\/tr><tr><td>P.K.<\/td><td>14,400<\/td><\/tr><tr><td>ITURRIA \/ FUENTE<\/td><td>Euskal Trenbide Sarea (ETS) 2025<", "timestamp": null, "begin": null, "end": null, "altitudemo": "absolute", "tessellate": -1, "extrude": 0, "visibility": -1, "draworder": null, "icon": null }, "geometry": { "type": "MultiPoint", "coordinates": [ [ -298496.28186190233, 5292359.9889179692, 0.0 ] ] } },
{ "type": "Feature", "properties": { "id": 1048, "name": "P.K. 14,100", "descriptio": "<html><body><table border=\"1\"><tr><th>Field Name<\/th><th>Field Value<\/th><\/tr><tr><td>LINEA \/ LÍNEA<\/td><td>TRANBIA GASTEIZ \/ TRANVIA VITORIA<\/td><\/tr><tr><td>P.K.<\/td><td>14,100<\/td><\/tr><tr><td>ITURRIA \/ FUENTE<\/td><td>Euskal Trenbide Sarea (ETS) 2025<", "timestamp": null, "begin": null, "end": null, "altitudemo": "absolute", "tessellate": -1, "extrude": 0, "visibility": -1, "draworder": null, "icon": null }, "geometry": { "type": "MultiPoint", "coordinates": [ [ -298296.52771617408, 5292002.9043189418, 0.0 ] ] } },
{ "type": "Feature", "properties": { "id": 1049, "name": "P.K. 14,200", "descriptio": "<html><body><table border=\"1\"><tr><th>Field Name<\/th><th>Field Value<\/th><\/tr><tr><td>LINEA \/ LÍNEA<\/td><td>TRANBIA GASTEIZ \/ TRANVIA VITORIA<\/td><\/tr><tr><td>P.K.<\/td><td>14,200<\/td><\/tr><tr><td>ITURRIA \/ FUENTE<\/td><td>Euskal Trenbide Sarea (ETS) 2025<", "timestamp": null, "begin": null, "end": null, "altitudemo": "absolute", "tessellate": -1, "extrude": 0, "visibility": -1, "draworder": null, "icon": null }, "geometry": { "type": "MultiPoint", "coordinates": [ [ -298357.52344948816, 5292124.8449824415, 0.0 ] ] } },
{ "type": "Feature", "properties": { "id": 1050, "name": "P.K. 13,900", "descriptio": "<html><body><table border=\"1\"><tr><th>Field Name<\/th><th>Field Value<\/th><\/tr><tr><td>LINEA \/ LÍNEA<\/td><td>TRANBIA GASTEIZ \/ TRANVIA VITORIA<\/td><\/tr><tr><td>P.K.<\/td><td>13,900<\/td><\/tr><tr><td>ITURRIA \/ FUENTE<\/td><td>Euskal Trenbide Sarea (ETS) 2025<", "timestamp": null, "begin": null, "end": null, "altitudemo": "absolute", "tessellate": -1, "extrude": 0, "visibility": -1, "draworder": null, "icon": null }, "geometry": { "type": "MultiPoint", "coordinates": [ [ -298202.00575417647, 5291746.3355226358, 0.0 ] ] } },
{ "type": "Feature", "properties": { "id": 1051, "name": "P.K. 14,000", "descriptio": "<html><body><table border=\"1\"><tr><th>Field Name<\/th><th>Field Value<\/th><\/tr><tr><td>LINEA \/ LÍNEA<\/td><td>TRANBIA GASTEIZ \/ TRANVIA VITORIA<\/td><\/tr><tr><td>P.K.<\/td><td>14,000<\/td><\/tr><tr><td>ITURRIA \/ FUENTE<\/td><td>Euskal Trenbide Sarea (ETS) 2025<", "timestamp": null, "begin": null, "end": null, "altitudemo": "absolute", "tessellate": -1, "extrude": 0, "visibility": -1, "draworder": null, "icon": null }, "geometry": { "type": "MultiPoint", "coordinates": [ [ -298249.28788460826, 5291874.6050962899, 0.0 ] ] } },
{ "type": "Feature", "properties": { "id": 1052, "name": "P.K. 13,700", "descriptio": "<html><body><table border=\"1\"><tr><th>Field Name<\/th><th>Field Value<\/th><\/tr><tr><td>LINEA \/ LÍNEA<\/td><td>TRANBIA GASTEIZ \/ TRANVIA VITORIA<\/td><\/tr><tr><td>P.K.<\/td><td>13,700<\/td><\/tr><tr><td>ITURRIA \/ FUENTE<\/td><td>Euskal Trenbide Sarea (ETS) 2025<", "timestamp": null, "begin": null, "end": null, "altitudemo": "absolute", "tessellate": -1, "extrude": 0, "visibility": -1, "draworder": null, "icon": null }, "geometry": { "type": "MultiPoint", "coordinates": [ [ -298215.27051558776, 5291522.0685865972, 0.0 ] ] } },
{ "type": "Feature", "properties": { "id": 1053, "name": "P.K. 13,800", "descriptio": "<html><body><table border=\"1\"><tr><th>Field Name<\/th><th>Field Value<\/th><\/tr><tr><td>LINEA \/ LÍNEA<\/td><td>TRANBIA GASTEIZ \/ TRANVIA VITORIA<\/td><\/tr><tr><td>P.K.<\/td><td>13,800<\/td><\/tr><tr><td>ITURRIA \/ FUENTE<\/td><td>Euskal Trenbide Sarea (ETS) 2025<", "timestamp": null, "begin": null, "end": null, "altitudemo": "absolute", "tessellate": -1, "extrude": 0, "visibility": -1, "draworder": null, "icon": null }, "geometry": { "type": "MultiPoint", "coordinates": [ [ -298146.1898705209, 5291621.6936632693, 0.0 ] ] } },
{ "type": "Feature", "properties": { "id": 1054, "name": "P.K. 13,500", "descriptio": "<html><body><table border=\"1\"><tr><th>Field Name<\/th><th>Field Value<\/th><\/tr><tr><td>LINEA \/ LÍNEA<\/td><td>TRANBIA GASTEIZ \/ TRANVIA VITORIA<\/td><\/tr><tr><td>P.K.<\/td><td>13,500<\/td><\/tr><tr><td>ITURRIA \/ FUENTE<\/td><td>Euskal Trenbide Sarea (ETS) 2025<", "timestamp": null, "begin": null, "end": null, "altitudemo": "absolute", "tessellate": -1, "extrude": 0, "visibility": -1, "draworder": null, "icon": null }, "geometry": { "type": "MultiPoint", "coordinates": [ [ -298459.17671387037, 5291400.0288595399, 0.0 ] ] } },
{ "type": "Feature", "properties": { "id": 1055, "name": "P.K. 13,600", "descriptio": "<html><body><table border=\"1\"><tr><th>Field Name<\/th><th>Field Value<\/th><\/tr><tr><td>LINEA \/ LÍNEA<\/td><td>TRANBIA GASTEIZ \/ TRANVIA VITORIA<\/td><\/tr><tr><td>P.K.<\/td><td>13,600<\/td><\/tr><tr><td>ITURRIA \/ FUENTE<\/td><td>Euskal Trenbide Sarea (ETS) 2025<", "timestamp": null, "begin": null, "end": null, "altitudemo": "absolute", "tessellate": -1, "extrude": 0, "visibility": -1, "draworder": null, "icon": null }, "geometry": { "type": "MultiPoint", "coordinates": [ [ -298337.22437704791, 5291461.056164572, 0.0 ] ] } },
{ "type": "Feature", "properties": { "id": 1056, "name": "P.K. 13,300", "descriptio": "<html><body><table border=\"1\"><tr><th>Field Name<\/th><th>Field Value<\/th><\/tr><tr><td>LINEA \/ LÍNEA<\/td><td>TRANBIA GASTEIZ \/ TRANVIA VITORIA<\/td><\/tr><tr><td>P.K.<\/td><td>13,300<\/td><\/tr><tr><td>ITURRIA \/ FUENTE<\/td><td>Euskal Trenbide Sarea (ETS) 2025<", "timestamp": null, "begin": null, "end": null, "altitudemo": "absolute", "tessellate": -1, "extrude": 0, "visibility": -1, "draworder": null, "icon": null }, "geometry": { "type": "MultiPoint", "coordinates": [ [ -298703.1039632727, 5291277.9570577433, 0.0 ] ] } },
{ "type": "Feature", "properties": { "id": 1057, "name": "P.K. 13,400", "descriptio": "<html><body><table border=\"1\"><tr><th>Field Name<\/th><th>Field Value<\/th><\/tr><tr><td>LINEA \/ LÍNEA<\/td><td>TRANBIA GASTEIZ \/ TRANVIA VITORIA<\/td><\/tr><tr><td>P.K.<\/td><td>13,400<\/td><\/tr><tr><td>ITURRIA \/ FUENTE<\/td><td>Euskal Trenbide Sarea (ETS) 2025<", "timestamp": null, "begin": null, "end": null, "altitudemo": "absolute", "tessellate": -1, "extrude": 0, "visibility": -1, "draworder": null, "icon": null }, "geometry": { "type": "MultiPoint", "coordinates": [ [ -298581.15478004242, 5291338.9867750537, 0.0 ] ] } },
{ "type": "Feature", "properties": { "id": 1058, "name": "P.K. 13,100", "descriptio": "<html><body><table border=\"1\"><tr><th>Field Name<\/th><th>Field Value<\/th><\/tr><tr><td>LINEA \/ LÍNEA<\/td><td>TRANBIA GASTEIZ \/ TRANVIA VITORIA<\/td><\/tr><tr><td>P.K.<\/td><td>13,100<\/td><\/tr><tr><td>ITURRIA \/ FUENTE<\/td><td>Euskal Trenbide Sarea (ETS) 2025<", "timestamp": null, "begin": null, "end": null, "altitudemo": "absolute", "tessellate": -1, "extrude": 0, "visibility": -1, "draworder": null, "icon": null }, "geometry": { "type": "MultiPoint", "coordinates": [ [ -298814.12119345553, 5291099.2715091994, 0.0 ] ] } },
{ "type": "Feature", "properties": { "id": 1059, "name": "P.K. 13,200", "descriptio": "<html><body><table border=\"1\"><tr><th>Field Name<\/th><th>Field Value<\/th><\/tr><tr><td>LINEA \/ LÍNEA<\/td><td>TRANBIA GASTEIZ \/ TRANVIA VITORIA<\/td><\/tr><tr><td>P.K.<\/td><td>13,200<\/td><\/tr><tr><td>ITURRIA \/ FUENTE<\/td><td>Euskal Trenbide Sarea (ETS) 2025<", "timestamp": null, "begin": null, "end": null, "altitudemo": "absolute", "tessellate": -1, "extrude": 0, "visibility": -1, "draworder": null, "icon": null }, "geometry": { "type": "MultiPoint", "coordinates": [ [ -298825.00586961361, 5291216.9027124261, 0.0 ] ] } },
{ "type": "Feature", "properties": { "id": 1060, "name": "P.K. 12,900", "descriptio": "<html><body><table border=\"1\"><tr><th>Field Name<\/th><th>Field Value<\/th><\/tr><tr><td>LINEA \/ LÍNEA<\/td><td>TRANBIA GASTEIZ \/ TRANVIA VITORIA<\/td><\/tr><tr><td>P.K.<\/td><td>12,900<\/td><\/tr><tr><td>ITURRIA \/ FUENTE<\/td><td>Euskal Trenbide Sarea (ETS) 2025<", "timestamp": null, "begin": null, "end": null, "altitudemo": "absolute", "tessellate": -1, "extrude": 0, "visibility": -1, "draworder": null, "icon": null }, "geometry": { "type": "MultiPoint", "coordinates": [ [ -298692.64003433147, 5290854.4185219072, 0.0 ] ] } },
{ "type": "Feature", "properties": { "id": 1061, "name": "P.K. 13,000", "descriptio": "<html><body><table border=\"1\"><tr><th>Field Name<\/th><th>Field Value<\/th><\/tr><tr><td>LINEA \/ LÍNEA<\/td><td>TRANBIA GASTEIZ \/ TRANVIA VITORIA<\/td><\/tr><tr><td>P.K.<\/td><td>13,000<\/td><\/tr><tr><td>ITURRIA \/ FUENTE<\/td><td>Euskal Trenbide Sarea (ETS) 2025<", "timestamp": null, "begin": null, "end": null, "altitudemo": "absolute", "tessellate": -1, "extrude": 0, "visibility": -1, "draworder": null, "icon": null }, "geometry": { "type": "MultiPoint", "coordinates": [ [ -298753.37982627086, 5290976.8444189243, 0.0 ] ] } },
{ "type": "Feature", "properties": { "id": 1062, "name": "P.K. 12,800", "descriptio": "<html><body><table border=\"1\"><tr><th>Field Name<\/th><th>Field Value<\/th><\/tr><tr><td>LINEA \/ LÍNEA<\/td><td>TRANBIA GASTEIZ \/ TRANVIA VITORIA<\/td><\/tr><tr><td>P.K.<\/td><td>12,800<\/td><\/tr><tr><td>ITURRIA \/ FUENTE<\/td><td>Euskal Trenbide Sarea (ETS) 2025<", "timestamp": null, "begin": null, "end": null, "altitudemo": "absolute", "tessellate": -1, "extrude": 0, "visibility": -1, "draworder": null, "icon": null }, "geometry": { "type": "MultiPoint", "coordinates": [ [ -298631.92912167718, 5290731.9802454552, 0.0 ] ] } },
{ "type": "Feature", "properties": { "id": 1063, "name": "P.K. 10,500", "descriptio": "<html><body><table border=\"1\"><tr><th>Field Name<\/th><th>Field Value<\/th><\/tr><tr><td>LINEA \/ LÍNEA<\/td><td>TRANBIA GASTEIZ \/ TRANVIA VITORIA<\/td><\/tr><tr><td>P.K.<\/td><td>10,500<\/td><\/tr><tr><td>ITURRIA \/ FUENTE<\/td><td>Euskal Trenbide Sarea (ETS) 2025<", "timestamp": null, "begin": null, "end": null, "altitudemo": "absolute", "tessellate": -1, "extrude": 0, "visibility": -1, "draworder": null, "icon": null }, "geometry": { "type": "MultiPoint", "coordinates": [ [ -297380.52165958117, 5288402.5907001104, 0.0 ] ] } },
{ "type": "Feature", "properties": { "id": 1064, "name": "P.K. 10,300", "descriptio": "<html><body><table border=\"1\"><tr><th>Field Name<\/th><th>Field Value<\/th><\/tr><tr><td>LINEA \/ LÍNEA<\/td><td>TRANBIA GASTEIZ \/ TRANVIA VITORIA<\/td><\/tr><tr><td>P.K.<\/td><td>10,300<\/td><\/tr><tr><td>ITURRIA \/ FUENTE<\/td><td>Euskal Trenbide Sarea (ETS) 2025<", "timestamp": null, "begin": null, "end": null, "altitudemo": "absolute", "tessellate": -1, "extrude": 0, "visibility": -1, "draworder": null, "icon": null }, "geometry": { "type": "MultiPoint", "coordinates": [ [ -297128.97071125475, 5288346.4477625126, 0.0 ] ] } },
{ "type": "Feature", "properties": { "id": 1065, "name": "P.K. 10,700", "descriptio": "<html><body><table border=\"1\"><tr><th>Field Name<\/th><th>Field Value<\/th><\/tr><tr><td>LINEA \/ LÍNEA<\/td><td>TRANBIA GASTEIZ \/ TRANVIA VITORIA<\/td><\/tr><tr><td>P.K.<\/td><td>10,700<\/td><\/tr><tr><td>ITURRIA \/ FUENTE<\/td><td>Euskal Trenbide Sarea (ETS) 2025<", "timestamp": null, "begin": null, "end": null, "altitudemo": "absolute", "tessellate": -1, "extrude": 0, "visibility": -1, "draworder": null, "icon": null }, "geometry": { "type": "MultiPoint", "coordinates": [ [ -297650.75208814477, 5288444.8810420521, 0.0 ] ] } },
{ "type": "Feature", "properties": { "id": 1066, "name": "P.K. 10,400", "descriptio": "<html><body><table border=\"1\"><tr><th>Field Name<\/th><th>Field Value<\/th><\/tr><tr><td>LINEA \/ LÍNEA<\/td><td>TRANBIA GASTEIZ \/ TRANVIA VITORIA<\/td><\/tr><tr><td>P.K.<\/td><td>10,400<\/td><\/tr><tr><td>ITURRIA \/ FUENTE<\/td><td>Euskal Trenbide Sarea (ETS) 2025<", "timestamp": null, "begin": null, "end": null, "altitudemo": "absolute", "tessellate": -1, "extrude": 0, "visibility": -1, "draworder": null, "icon": null }, "geometry": { "type": "MultiPoint", "coordinates": [ [ -297247.40954446851, 5288392.0330908028, 0.0 ] ] } },
{ "type": "Feature", "properties": { "id": 1067, "name": "P.K. 10,600", "descriptio": "<html><body><table border=\"1\"><tr><th>Field Name<\/th><th>Field Value<\/th><\/tr><tr><td>LINEA \/ LÍNEA<\/td><td>TRANBIA GASTEIZ \/ TRANVIA VITORIA<\/td><\/tr><tr><td>P.K.<\/td><td>10,600<\/td><\/tr><tr><td>ITURRIA \/ FUENTE<\/td><td>Euskal Trenbide Sarea (ETS) 2025<", "timestamp": null, "begin": null, "end": null, "altitudemo": "absolute", "tessellate": -1, "extrude": 0, "visibility": -1, "draworder": null, "icon": null }, "geometry": { "type": "MultiPoint", "coordinates": [ [ -297514.5706150863, 5288421.0801818436, 0.0 ] ] } },
{ "type": "Feature", "properties": { "id": 1068, "name": "P.K. 10,800", "descriptio": "<html><body><table border=\"1\"><tr><th>Field Name<\/th><th>Field Value<\/th><\/tr><tr><td>LINEA \/ LÍNEA<\/td><td>TRANBIA GASTEIZ \/ TRANVIA VITORIA<\/td><\/tr><tr><td>P.K.<\/td><td>10,800<\/td><\/tr><tr><td>ITURRIA \/ FUENTE<\/td><td>Euskal Trenbide Sarea (ETS) 2025<", "timestamp": null, "begin": null, "end": null, "altitudemo": "absolute", "tessellate": -1, "extrude": 0, "visibility": -1, "draworder": null, "icon": null }, "geometry": { "type": "MultiPoint", "coordinates": [ [ -297778.35842475219, 5288481.0752452547, 0.0 ] ] } },
{ "type": "Feature", "properties": { "id": 1069, "name": "P.K. 10,900", "descriptio": "<html><body><table border=\"1\"><tr><th>Field Name<\/th><th>Field Value<\/th><\/tr><tr><td>LINEA \/ LÍNEA<\/td><td>TRANBIA GASTEIZ \/ TRANVIA VITORIA<\/td><\/tr><tr><td>P.K.<\/td><td>10,900<\/td><\/tr><tr><td>ITURRIA \/ FUENTE<\/td><td>Euskal Trenbide Sarea (ETS) 2025<", "timestamp": null, "begin": null, "end": null, "altitudemo": "absolute", "tessellate": -1, "extrude": 0, "visibility": -1, "draworder": null, "icon": null }, "geometry": { "type": "MultiPoint", "coordinates": [ [ -297909.65701234608, 5288521.0010731453, 0.0 ] ] } },
{ "type": "Feature", "properties": { "id": 1070, "name": "P.K. 13,600", "descriptio": "<html><body><table border=\"1\"><tr><th>Field Name<\/th><th>Field Value<\/th><\/tr><tr><td>LINEA \/ LÍNEA<\/td><td>TRANBIA GASTEIZ \/ TRANVIA VITORIA<\/td><\/tr><tr><td>P.K.<\/td><td>13,600<\/td><\/tr><tr><td>ITURRIA \/ FUENTE<\/td><td>Euskal Trenbide Sarea (ETS) 2025<", "timestamp": null, "begin": null, "end": null, "altitudemo": "absolute", "tessellate": -1, "extrude": 0, "visibility": -1, "draworder": null, "icon": null }, "geometry": { "type": "MultiPoint", "coordinates": [ [ -299637.36589157273, 5290578.4628694318, 0.0 ] ] } },
{ "type": "Feature", "properties": { "id": 1071, "name": "P.K. 13,400", "descriptio": "<html><body><table border=\"1\"><tr><th>Field Name<\/th><th>Field Value<\/th><\/tr><tr><td>LINEA \/ LÍNEA<\/td><td>TRANBIA GASTEIZ \/ TRANVIA VITORIA<\/td><\/tr><tr><td>P.K.<\/td><td>13,400<\/td><\/tr><tr><td>ITURRIA \/ FUENTE<\/td><td>Euskal Trenbide Sarea (ETS) 2025<", "timestamp": null, "begin": null, "end": null, "altitudemo": "absolute", "tessellate": -1, "extrude": 0, "visibility": -1, "draworder": null, "icon": null }, "geometry": { "type": "MultiPoint", "coordinates": [ [ -299510.21927923331, 5290336.2251367597, 0.0 ] ] } },
{ "type": "Feature", "properties": { "id": 1072, "name": "P.K. 13,500", "descriptio": "<html><body><table border=\"1\"><tr><th>Field Name<\/th><th>Field Value<\/th><\/tr><tr><td>LINEA \/ LÍNEA<\/td><td>TRANBIA GASTEIZ \/ TRANVIA VITORIA<\/td><\/tr><tr><td>P.K.<\/td><td>13,500<\/td><\/tr><tr><td>ITURRIA \/ FUENTE<\/td><td>Euskal Trenbide Sarea (ETS) 2025<", "timestamp": null, "begin": null, "end": null, "altitudemo": "absolute", "tessellate": -1, "extrude": 0, "visibility": -1, "draworder": null, "icon": null }, "geometry": { "type": "MultiPoint", "coordinates": [ [ -299573.34178659046, 5290457.4306770386, 0.0 ] ] } },
{ "type": "Feature", "properties": { "id": 1073, "name": "P.K. 13,200", "descriptio": "<html><body><table border=\"1\"><tr><th>Field Name<\/th><th>Field Value<\/th><\/tr><tr><td>LINEA \/ LÍNEA<\/td><td>TRANBIA GASTEIZ \/ TRANVIA VITORIA<\/td><\/tr><tr><td>P.K.<\/td><td>13,200<\/td><\/tr><tr><td>ITURRIA \/ FUENTE<\/td><td>Euskal Trenbide Sarea (ETS) 2025<", "timestamp": null, "begin": null, "end": null, "altitudemo": "absolute", "tessellate": -1, "extrude": 0, "visibility": -1, "draworder": null, "icon": null }, "geometry": { "type": "MultiPoint", "coordinates": [ [ -299318.28565360425, 5290235.6175295888, 0.0 ] ] } },
{ "type": "Feature", "properties": { "id": 1074, "name": "P.K. 13,100", "descriptio": "<html><body><table border=\"1\"><tr><th>Field Name<\/th><th>Field Value<\/th><\/tr><tr><td>LINEA \/ LÍNEA<\/td><td>TRANBIA GASTEIZ \/ TRANVIA VITORIA<\/td><\/tr><tr><td>P.K.<\/td><td>13,100<\/td><\/tr><tr><td>ITURRIA \/ FUENTE<\/td><td>Euskal Trenbide Sarea (ETS) 2025<", "timestamp": null, "begin": null, "end": null, "altitudemo": "absolute", "tessellate": -1, "extrude": 0, "visibility": -1, "draworder": null, "icon": null }, "geometry": { "type": "MultiPoint", "coordinates": [ [ -299192.97358585417, 5290289.5796100516, 0.0 ] ] } },
{ "type": "Feature", "properties": { "id": 1075, "name": "P.K. 12,900", "descriptio": "<html><body><table border=\"1\"><tr><th>Field Name<\/th><th>Field Value<\/th><\/tr><tr><td>LINEA \/ LÍNEA<\/td><td>TRANBIA GASTEIZ \/ TRANVIA VITORIA<\/td><\/tr><tr><td>P.K.<\/td><td>12,900<\/td><\/tr><tr><td>ITURRIA \/ FUENTE<\/td><td>Euskal Trenbide Sarea (ETS) 2025<", "timestamp": null, "begin": null, "end": null, "altitudemo": "absolute", "tessellate": -1, "extrude": 0, "visibility": -1, "draworder": null, "icon": null }, "geometry": { "type": "MultiPoint", "coordinates": [ [ -298938.08308212942, 5290385.7364535965, 0.0 ] ] } },
{ "type": "Feature", "properties": { "id": 1076, "name": "P.K. 13,000", "descriptio": "<html><body><table border=\"1\"><tr><th>Field Name<\/th><th>Field Value<\/th><\/tr><tr><td>LINEA \/ LÍNEA<\/td><td>TRANBIA GASTEIZ \/ TRANVIA VITORIA<\/td><\/tr><tr><td>P.K.<\/td><td>13,000<\/td><\/tr><tr><td>ITURRIA \/ FUENTE<\/td><td>Euskal Trenbide Sarea (ETS) 2025<", "timestamp": null, "begin": null, "end": null, "altitudemo": "absolute", "tessellate": -1, "extrude": 0, "visibility": -1, "draworder": null, "icon": null }, "geometry": { "type": "MultiPoint", "coordinates": [ [ -299066.02799118322, 5290339.0486949719, 0.0 ] ] } },
{ "type": "Feature", "properties": { "id": 1077, "name": "P.K. 14,900", "descriptio": "<html><body><table border=\"1\"><tr><th>Field Name<\/th><th>Field Value<\/th><\/tr><tr><td>LINEA \/ LÍNEA<\/td><td>TRANBIA GASTEIZ \/ TRANVIA VITORIA<\/td><\/tr><tr><td>P.K.<\/td><td>14,900<\/td><\/tr><tr><td>ITURRIA \/ FUENTE<\/td><td>Euskal Trenbide Sarea (ETS) 2025<", "timestamp": null, "begin": null, "end": null, "altitudemo": "absolute", "tessellate": -1, "extrude": 0, "visibility": -1, "draworder": null, "icon": null }, "geometry": { "type": "MultiPoint", "coordinates": [ [ -300716.80182216567, 5291470.6726298174, 0.0 ] ] } },
{ "type": "Feature", "properties": { "id": 1078, "name": "P.K. 12,800", "descriptio": "<html><body><table border=\"1\"><tr><th>Field Name<\/th><th>Field Value<\/th><\/tr><tr><td>LINEA \/ LÍNEA<\/td><td>TRANBIA GASTEIZ \/ TRANVIA VITORIA<\/td><\/tr><tr><td>P.K.<\/td><td>12,800<\/td><\/tr><tr><td>ITURRIA \/ FUENTE<\/td><td>Euskal Trenbide Sarea (ETS) 2025<", "timestamp": null, "begin": null, "end": null, "altitudemo": "absolute", "tessellate": -1, "extrude": 0, "visibility": -1, "draworder": null, "icon": null }, "geometry": { "type": "MultiPoint", "coordinates": [ [ -298813.03662542469, 5290436.7824025117, 0.0 ] ] } },
{ "type": "Feature", "properties": { "id": 1079, "name": "P.K. 14,600", "descriptio": "<html><body><table border=\"1\"><tr><th>Field Name<\/th><th>Field Value<\/th><\/tr><tr><td>LINEA \/ LÍNEA<\/td><td>TRANBIA GASTEIZ \/ TRANVIA VITORIA<\/td><\/tr><tr><td>P.K.<\/td><td>14,600<\/td><\/tr><tr><td>ITURRIA \/ FUENTE<\/td><td>Euskal Trenbide Sarea (ETS) 2025<", "timestamp": null, "begin": null, "end": null, "altitudemo": "absolute", "tessellate": -1, "extrude": 0, "visibility": -1, "draworder": null, "icon": null }, "geometry": { "type": "MultiPoint", "coordinates": [ [ -300355.21345090301, 5291663.0745891435, 0.0 ] ] } },
{ "type": "Feature", "properties": { "id": 1080, "name": "P.K. 14,800", "descriptio": "<html><body><table border=\"1\"><tr><th>Field Name<\/th><th>Field Value<\/th><\/tr><tr><td>LINEA \/ LÍNEA<\/td><td>TRANBIA GASTEIZ \/ TRANVIA VITORIA<\/td><\/tr><tr><td>P.K.<\/td><td>14,800<\/td><\/tr><tr><td>ITURRIA \/ FUENTE<\/td><td>Euskal Trenbide Sarea (ETS) 2025<", "timestamp": null, "begin": null, "end": null, "altitudemo": "absolute", "tessellate": -1, "extrude": 0, "visibility": -1, "draworder": null, "icon": null }, "geometry": { "type": "MultiPoint", "coordinates": [ [ -300595.04863649578, 5291533.207707474, 0.0 ] ] } },
{ "type": "Feature", "properties": { "id": 1081, "name": "P.K. 14,400", "descriptio": "<html><body><table border=\"1\"><tr><th>Field Name<\/th><th>Field Value<\/th><\/tr><tr><td>LINEA \/ LÍNEA<\/td><td>TRANBIA GASTEIZ \/ TRANVIA VITORIA<\/td><\/tr><tr><td>P.K.<\/td><td>14,400<\/td><\/tr><tr><td>ITURRIA \/ FUENTE<\/td><td>Euskal Trenbide Sarea (ETS) 2025<", "timestamp": null, "begin": null, "end": null, "altitudemo": "absolute", "tessellate": -1, "extrude": 0, "visibility": -1, "draworder": null, "icon": null }, "geometry": { "type": "MultiPoint", "coordinates": [ [ -300140.50833312346, 5291548.478198492, 0.0 ] ] } },
{ "type": "Feature", "properties": { "id": 1082, "name": "P.K. 14,500", "descriptio": "<html><body><table border=\"1\"><tr><th>Field Name<\/th><th>Field Value<\/th><\/tr><tr><td>LINEA \/ LÍNEA<\/td><td>TRANBIA GASTEIZ \/ TRANVIA VITORIA<\/td><\/tr><tr><td>P.K.<\/td><td>14,500<\/td><\/tr><tr><td>ITURRIA \/ FUENTE<\/td><td>Euskal Trenbide Sarea (ETS) 2025<", "timestamp": null, "begin": null, "end": null, "altitudemo": "absolute", "tessellate": -1, "extrude": 0, "visibility": -1, "draworder": null, "icon": null }, "geometry": { "type": "MultiPoint", "coordinates": [ [ -300216.89638194337, 5291665.0652851136, 0.0 ] ] } },
{ "type": "Feature", "properties": { "id": 1083, "name": "P.K. 13,700", "descriptio": "<html><body><table border=\"1\"><tr><th>Field Name<\/th><th>Field Value<\/th><\/tr><tr><td>LINEA \/ LÍNEA<\/td><td>TRANBIA GASTEIZ \/ TRANVIA VITORIA<\/td><\/tr><tr><td>P.K.<\/td><td>13,700<\/td><\/tr><tr><td>ITURRIA \/ FUENTE<\/td><td>Euskal Trenbide Sarea (ETS) 2025<", "timestamp": null, "begin": null, "end": null, "altitudemo": "absolute", "tessellate": -1, "extrude": 0, "visibility": -1, "draworder": null, "icon": null }, "geometry": { "type": "MultiPoint", "coordinates": [ [ -299702.02208530757, 5290698.5001475103, 0.0 ] ] } },
{ "type": "Feature", "properties": { "id": 1084, "name": "P.K. 14,300", "descriptio": "<html><body><table border=\"1\"><tr><th>Field Name<\/th><th>Field Value<\/th><\/tr><tr><td>LINEA \/ LÍNEA<\/td><td>TRANBIA GASTEIZ \/ TRANVIA VITORIA<\/td><\/tr><tr><td>P.K.<\/td><td>14,300<\/td><\/tr><tr><td>ITURRIA \/ FUENTE<\/td><td>Euskal Trenbide Sarea (ETS) 2025<", "timestamp": null, "begin": null, "end": null, "altitudemo": "absolute", "tessellate": -1, "extrude": 0, "visibility": -1, "draworder": null, "icon": null }, "geometry": { "type": "MultiPoint", "coordinates": [ [ -300077.30310706398, 5291427.2622296605, 0.0 ] ] } },
{ "type": "Feature", "properties": { "id": 1085, "name": "P.K. 14,100", "descriptio": "<html><body><table border=\"1\"><tr><th>Field Name<\/th><th>Field Value<\/th><\/tr><tr><td>LINEA \/ LÍNEA<\/td><td>TRANBIA GASTEIZ \/ TRANVIA VITORIA<\/td><\/tr><tr><td>P.K.<\/td><td>14,100<\/td><\/tr><tr><td>ITURRIA \/ FUENTE<\/td><td>Euskal Trenbide Sarea (ETS) 2025<", "timestamp": null, "begin": null, "end": null, "altitudemo": "absolute", "tessellate": -1, "extrude": 0, "visibility": -1, "draworder": null, "icon": null }, "geometry": { "type": "MultiPoint", "coordinates": [ [ -299954.4999140994, 5291183.5064876992, 0.0 ] ] } },
{ "type": "Feature", "properties": { "id": 1086, "name": "P.K. 13,900", "descriptio": "<html><body><table border=\"1\"><tr><th>Field Name<\/th><th>Field Value<\/th><\/tr><tr><td>LINEA \/ LÍNEA<\/td><td>TRANBIA GASTEIZ \/ TRANVIA VITORIA<\/td><\/tr><tr><td>P.K.<\/td><td>13,900<\/td><\/tr><tr><td>ITURRIA \/ FUENTE<\/td><td>Euskal Trenbide Sarea (ETS) 2025<", "timestamp": null, "begin": null, "end": null, "altitudemo": "absolute", "tessellate": -1, "extrude": 0, "visibility": -1, "draworder": null, "icon": null }, "geometry": { "type": "MultiPoint", "coordinates": [ [ -299825.12501906342, 5290942.4803191544, 0.0 ] ] } },
{ "type": "Feature", "properties": { "id": 1087, "name": "P.K. 14,900", "descriptio": "<html><body><table border=\"1\"><tr><th>Field Name<\/th><th>Field Value<\/th><\/tr><tr><td>LINEA \/ LÍNEA<\/td><td>UROLA<\/td><\/tr><tr><td>P.K.<\/td><td>14,900<\/td><\/tr><tr><td>ITURRIA \/ FUENTE<\/td><td>Euskal Trenbide Sarea (ETS) 2025<\/td><\/tr><tr><td>LURRALDEA \/", "timestamp": null, "begin": null, "end": null, "altitudemo": "absolute", "tessellate": -1, "extrude": 0, "visibility": -1, "draworder": null, "icon": null }, "geometry": { "type": "MultiPoint", "coordinates": [ [ -250615.15159903953, 5356465.458895023, 0.0 ] ] } },
{ "type": "Feature", "properties": { "id": 1088, "name": "P.K. 14,800", "descriptio": "<html><body><table border=\"1\"><tr><th>Field Name<\/th><th>Field Value<\/th><\/tr><tr><td>LINEA \/ LÍNEA<\/td><td>UROLA<\/td><\/tr><tr><td>P.K.<\/td><td>14,800<\/td><\/tr><tr><td>ITURRIA \/ FUENTE<\/td><td>Euskal Trenbide Sarea (ETS) 2025<\/td><\/tr><tr><td>LURRALDEA \/", "timestamp": null, "begin": null, "end": null, "altitudemo": "absolute", "tessellate": -1, "extrude": 0, "visibility": -1, "draworder": null, "icon": null }, "geometry": { "type": "MultiPoint", "coordinates": [ [ -250738.66364713688, 5356405.8369458308, 0.0 ] ] } },
{ "type": "Feature", "properties": { "id": 1089, "name": "P.K. 14,700", "descriptio": "<html><body><table border=\"1\"><tr><th>Field Name<\/th><th>Field Value<\/th><\/tr><tr><td>LINEA \/ LÍNEA<\/td><td>UROLA<\/td><\/tr><tr><td>P.K.<\/td><td>14,700<\/td><\/tr><tr><td>ITURRIA \/ FUENTE<\/td><td>Euskal Trenbide Sarea (ETS) 2025<\/td><\/tr><tr><td>LURRALDEA \/", "timestamp": null, "begin": null, "end": null, "altitudemo": "absolute", "tessellate": -1, "extrude": 0, "visibility": -1, "draworder": null, "icon": null }, "geometry": { "type": "MultiPoint", "coordinates": [ [ -250850.14704414958, 5356326.894983138, 0.0 ] ] } },
{ "type": "Feature", "properties": { "id": 1090, "name": "P.K. 14,600", "descriptio": "<html><body><table border=\"1\"><tr><th>Field Name<\/th><th>Field Value<\/th><\/tr><tr><td>LINEA \/ LÍNEA<\/td><td>UROLA<\/td><\/tr><tr><td>P.K.<\/td><td>14,600<\/td><\/tr><tr><td>ITURRIA \/ FUENTE<\/td><td>Euskal Trenbide Sarea (ETS) 2025<\/td><\/tr><tr><td>LURRALDEA \/", "timestamp": null, "begin": null, "end": null, "altitudemo": "absolute", "tessellate": -1, "extrude": 0, "visibility": -1, "draworder": null, "icon": null }, "geometry": { "type": "MultiPoint", "coordinates": [ [ -250916.24392723572, 5356206.934856358, 0.0 ] ] } },
{ "type": "Feature", "properties": { "id": 1091, "name": "P.K. 14,500", "descriptio": "<html><body><table border=\"1\"><tr><th>Field Name<\/th><th>Field Value<\/th><\/tr><tr><td>LINEA \/ LÍNEA<\/td><td>UROLA<\/td><\/tr><tr><td>P.K.<\/td><td>14,500<\/td><\/tr><tr><td>ITURRIA \/ FUENTE<\/td><td>Euskal Trenbide Sarea (ETS) 2025<\/td><\/tr><tr><td>LURRALDEA \/", "timestamp": null, "begin": null, "end": null, "altitudemo": "absolute", "tessellate": -1, "extrude": 0, "visibility": -1, "draworder": null, "icon": null }, "geometry": { "type": "MultiPoint", "coordinates": [ [ -250950.2250490837, 5356073.6334237047, 0.0 ] ] } },
{ "type": "Feature", "properties": { "id": 1092, "name": "P.K. 14,400", "descriptio": "<html><body><table border=\"1\"><tr><th>Field Name<\/th><th>Field Value<\/th><\/tr><tr><td>LINEA \/ LÍNEA<\/td><td>UROLA<\/td><\/tr><tr><td>P.K.<\/td><td>14,400<\/td><\/tr><tr><td>ITURRIA \/ FUENTE<\/td><td>Euskal Trenbide Sarea (ETS) 2025<\/td><\/tr><tr><td>LURRALDEA \/", "timestamp": null, "begin": null, "end": null, "altitudemo": "absolute", "tessellate": -1, "extrude": 0, "visibility": -1, "draworder": null, "icon": null }, "geometry": { "type": "MultiPoint", "coordinates": [ [ -250980.35863646289, 5355939.2940517711, 0.0 ] ] } },
{ "type": "Feature", "properties": { "id": 1093, "name": "P.K. 14,300", "descriptio": "<html><body><table border=\"1\"><tr><th>Field Name<\/th><th>Field Value<\/th><\/tr><tr><td>LINEA \/ LÍNEA<\/td><td>UROLA<\/td><\/tr><tr><td>P.K.<\/td><td>14,300<\/td><\/tr><tr><td>ITURRIA \/ FUENTE<\/td><td>Euskal Trenbide Sarea (ETS) 2025<\/td><\/tr><tr><td>LURRALDEA \/", "timestamp": null, "begin": null, "end": null, "altitudemo": "absolute", "tessellate": -1, "extrude": 0, "visibility": -1, "draworder": null, "icon": null }, "geometry": { "type": "MultiPoint", "coordinates": [ [ -251010.4777400372, 5355804.9426004775, 0.0 ] ] } },
{ "type": "Feature", "properties": { "id": 1094, "name": "P.K. 14,200", "descriptio": "<html><body><table border=\"1\"><tr><th>Field Name<\/th><th>Field Value<\/th><\/tr><tr><td>LINEA \/ LÍNEA<\/td><td>UROLA<\/td><\/tr><tr><td>P.K.<\/td><td>14,200<\/td><\/tr><tr><td>ITURRIA \/ FUENTE<\/td><td>Euskal Trenbide Sarea (ETS) 2025<\/td><\/tr><tr><td>LURRALDEA \/", "timestamp": null, "begin": null, "end": null, "altitudemo": "absolute", "tessellate": -1, "extrude": 0, "visibility": -1, "draworder": null, "icon": null }, "geometry": { "type": "MultiPoint", "coordinates": [ [ -251040.58211569945, 5355670.6066088378, 0.0 ] ] } },
{ "type": "Feature", "properties": { "id": 1095, "name": "P.K. 14,100", "descriptio": "<html><body><table border=\"1\"><tr><th>Field Name<\/th><th>Field Value<\/th><\/tr><tr><td>LINEA \/ LÍNEA<\/td><td>UROLA<\/td><\/tr><tr><td>P.K.<\/td><td>14,100<\/td><\/tr><tr><td>ITURRIA \/ FUENTE<\/td><td>Euskal Trenbide Sarea (ETS) 2025<\/td><\/tr><tr><td>LURRALDEA \/", "timestamp": null, "begin": null, "end": null, "altitudemo": "absolute", "tessellate": -1, "extrude": 0, "visibility": -1, "draworder": null, "icon": null }, "geometry": { "type": "MultiPoint", "coordinates": [ [ -251070.69932646418, 5355536.2725527305, 0.0 ] ] } },
{ "type": "Feature", "properties": { "id": 1096, "name": "P.K. 14,000", "descriptio": "<html><body><table border=\"1\"><tr><th>Field Name<\/th><th>Field Value<\/th><\/tr><tr><td>LINEA \/ LÍNEA<\/td><td>UROLA<\/td><\/tr><tr><td>P.K.<\/td><td>14,000<\/td><\/tr><tr><td>ITURRIA \/ FUENTE<\/td><td>Euskal Trenbide Sarea (ETS) 2025<\/td><\/tr><tr><td>LURRALDEA \/", "timestamp": null, "begin": null, "end": null, "altitudemo": "absolute", "tessellate": -1, "extrude": 0, "visibility": -1, "draworder": null, "icon": null }, "geometry": { "type": "MultiPoint", "coordinates": [ [ -251110.08011942697, 5355404.7082477938, 0.0 ] ] } },
{ "type": "Feature", "properties": { "id": 1097, "name": "P.K. 13,900", "descriptio": "<html><body><table border=\"1\"><tr><th>Field Name<\/th><th>Field Value<\/th><\/tr><tr><td>LINEA \/ LÍNEA<\/td><td>UROLA<\/td><\/tr><tr><td>P.K.<\/td><td>13,900<\/td><\/tr><tr><td>ITURRIA \/ FUENTE<\/td><td>Euskal Trenbide Sarea (ETS) 2025<\/td><\/tr><tr><td>LURRALDEA \/", "timestamp": null, "begin": null, "end": null, "altitudemo": "absolute", "tessellate": -1, "extrude": 0, "visibility": -1, "draworder": null, "icon": null }, "geometry": { "type": "MultiPoint", "coordinates": [ [ -251191.52535447545, 5355295.0433633737, 0.0 ] ] } },
{ "type": "Feature", "properties": { "id": 1098, "name": "P.K. 13,800", "descriptio": "<html><body><table border=\"1\"><tr><th>Field Name<\/th><th>Field Value<\/th><\/tr><tr><td>LINEA \/ LÍNEA<\/td><td>UROLA<\/td><\/tr><tr><td>P.K.<\/td><td>13,800<\/td><\/tr><tr><td>ITURRIA \/ FUENTE<\/td><td>Euskal Trenbide Sarea (ETS) 2025<\/td><\/tr><tr><td>LURRALDEA \/", "timestamp": null, "begin": null, "end": null, "altitudemo": "absolute", "tessellate": -1, "extrude": 0, "visibility": -1, "draworder": null, "icon": null }, "geometry": { "type": "MultiPoint", "coordinates": [ [ -251309.10665970307, 5355225.8947503353, 0.0 ] ] } },
{ "type": "Feature", "properties": { "id": 1099, "name": "P.K. 13,700", "descriptio": "<html><body><table border=\"1\"><tr><th>Field Name<\/th><th>Field Value<\/th><\/tr><tr><td>LINEA \/ LÍNEA<\/td><td>UROLA<\/td><\/tr><tr><td>P.K.<\/td><td>13,700<\/td><\/tr><tr><td>ITURRIA \/ FUENTE<\/td><td>Euskal Trenbide Sarea (ETS) 2025<\/td><\/tr><tr><td>LURRALDEA \/", "timestamp": null, "begin": null, "end": null, "altitudemo": "absolute", "tessellate": -1, "extrude": 0, "visibility": -1, "draworder": null, "icon": null }, "geometry": { "type": "MultiPoint", "coordinates": [ [ -251444.07822971142, 5355203.9505377263, 0.0 ] ] } },
{ "type": "Feature", "properties": { "id": 1100, "name": "P.K. 13,600", "descriptio": "<html><body><table border=\"1\"><tr><th>Field Name<\/th><th>Field Value<\/th><\/tr><tr><td>LINEA \/ LÍNEA<\/td><td>UROLA<\/td><\/tr><tr><td>P.K.<\/td><td>13,600<\/td><\/tr><tr><td>ITURRIA \/ FUENTE<\/td><td>Euskal Trenbide Sarea (ETS) 2025<\/td><\/tr><tr><td>LURRALDEA \/", "timestamp": null, "begin": null, "end": null, "altitudemo": "absolute", "tessellate": -1, "extrude": 0, "visibility": -1, "draworder": null, "icon": null }, "geometry": { "type": "MultiPoint", "coordinates": [ [ -251581.0515373784, 5355196.0946964594, 0.0 ] ] } },
{ "type": "Feature", "properties": { "id": 1101, "name": "P.K. 13,500", "descriptio": "<html><body><table border=\"1\"><tr><th>Field Name<\/th><th>Field Value<\/th><\/tr><tr><td>LINEA \/ LÍNEA<\/td><td>UROLA<\/td><\/tr><tr><td>P.K.<\/td><td>13,500<\/td><\/tr><tr><td>ITURRIA \/ FUENTE<\/td><td>Euskal Trenbide Sarea (ETS) 2025<\/td><\/tr><tr><td>LURRALDEA \/", "timestamp": null, "begin": null, "end": null, "altitudemo": "absolute", "tessellate": -1, "extrude": 0, "visibility": -1, "draworder": null, "icon": null }, "geometry": { "type": "MultiPoint", "coordinates": [ [ -251718.02475591347, 5355188.2230668208, 0.0 ] ] } },
{ "type": "Feature", "properties": { "id": 1247, "name": "P.K. 13,400", "descriptio": "<html><body><table border=\"1\"><tr><th>Field Name<\/th><th>Field Value<\/th><\/tr><tr><td>LINEA \/ LÍNEA<\/td><td>UROLA<\/td><\/tr><tr><td>P.K.<\/td><td>13,400<\/td><\/tr><tr><td>ITURRIA \/ FUENTE<\/td><td>Euskal Trenbide Sarea (ETS) 2025<\/td><\/tr><tr><td>LURRALDEA \/", "timestamp": null, "begin": null, "end": null, "altitudemo": "absolute", "tessellate": -1, "extrude": 0, "visibility": -1, "draworder": null, "icon": null }, "geometry": { "type": "MultiPoint", "coordinates": [ [ -251855.01136192356, 5355180.3633073242, 0.0 ] ] } },
{ "type": "Feature", "properties": { "id": 1699, "name": "P.K. 0,100", "descriptio": "<html><body><table border=\"1\"><tr><th>Field Name<\/th><th>Field Value<\/th><\/tr><tr><td>LINEA \/ LÍNEA<\/td><td>LASARTE-ORIA TRENBIDE-ADARRA \/ RAMAL LASARTE-ORIA<\/td><\/tr><tr><td>P.K.<\/td><td>0,100<\/td><\/tr><tr><td>ITURRIA \/ FUENTE<\/td><td>Euskal Trenbide Sa", "timestamp": null, "begin": null, "end": null, "altitudemo": "absolute", "tessellate": -1, "extrude": 0, "visibility": -1, "draworder": null, "icon": null }, "geometry": { "type": "MultiPoint", "coordinates": [ [ -224780.2839504279, 5354215.3972728392, 0.0 ] ] } },
{ "type": "Feature", "properties": { "id": 1755, "name": "P.K. 14,000", "descriptio": "<html><body><table border=\"1\"><tr><th>Field Name<\/th><th>Field Value<\/th><\/tr><tr><td>LINEA \/ LÍNEA<\/td><td>BILBO-DONOSTIA \/ BILBAO-SAN SEBASTIAN<\/td><\/tr><tr><td>P.K.<\/td><td>14,000<\/td><\/tr><tr><td>ITURRIA \/ FUENTE<\/td><td>Euskal Trenbide Sarea (ETS) 2", "timestamp": null, "begin": null, "end": null, "altitudemo": "absolute", "tessellate": -1, "extrude": 0, "visibility": -1, "draworder": null, "icon": null }, "geometry": { "type": "MultiPoint", "coordinates": [ [ -311612.92848152167, 5343399.3463111278, 0.0 ] ] } },
{ "type": "Feature", "properties": { "id": 1756, "name": "P.K. 14,100", "descriptio": "<html><body><table border=\"1\"><tr><th>Field Name<\/th><th>Field Value<\/th><\/tr><tr><td>LINEA \/ LÍNEA<\/td><td>BILBO-DONOSTIA \/ BILBAO-SAN SEBASTIAN<\/td><\/tr><tr><td>P.K.<\/td><td>14,100<\/td><\/tr><tr><td>ITURRIA \/ FUENTE<\/td><td>Euskal Trenbide Sarea (ETS) 2", "timestamp": null, "begin": null, "end": null, "altitudemo": "absolute", "tessellate": -1, "extrude": 0, "visibility": -1, "draworder": null, "icon": null }, "geometry": { "type": "MultiPoint", "coordinates": [ [ -311477.17143681546, 5343395.2393742101, 0.0 ] ] } },
{ "type": "Feature", "properties": { "id": 1757, "name": "P.K. 14,200", "descriptio": "<html><body><table border=\"1\"><tr><th>Field Name<\/th><th>Field Value<\/th><\/tr><tr><td>LINEA \/ LÍNEA<\/td><td>BILBO-DONOSTIA \/ BILBAO-SAN SEBASTIAN<\/td><\/tr><tr><td>P.K.<\/td><td>14,200<\/td><\/tr><tr><td>ITURRIA \/ FUENTE<\/td><td>Euskal Trenbide Sarea (ETS) 2", "timestamp": null, "begin": null, "end": null, "altitudemo": "absolute", "tessellate": -1, "extrude": 0, "visibility": -1, "draworder": null, "icon": null }, "geometry": { "type": "MultiPoint", "coordinates": [ [ -311340.50196035445, 5343391.2656169208, 0.0 ] ] } },
{ "type": "Feature", "properties": { "id": 1758, "name": "P.K. 14,300", "descriptio": "<html><body><table border=\"1\"><tr><th>Field Name<\/th><th>Field Value<\/th><\/tr><tr><td>LINEA \/ LÍNEA<\/td><td>BILBO-DONOSTIA \/ BILBAO-SAN SEBASTIAN<\/td><\/tr><tr><td>P.K.<\/td><td>14,300<\/td><\/tr><tr><td>ITURRIA \/ FUENTE<\/td><td>Euskal Trenbide Sarea (ETS) 2", "timestamp": null, "begin": null, "end": null, "altitudemo": "absolute", "tessellate": -1, "extrude": 0, "visibility": -1, "draworder": null, "icon": null }, "geometry": { "type": "MultiPoint", "coordinates": [ [ -311214.93563370628, 5343406.9811850125, 0.0 ] ] } },
{ "type": "Feature", "properties": { "id": 1759, "name": "P.K. 14,400", "descriptio": "<html><body><table border=\"1\"><tr><th>Field Name<\/th><th>Field Value<\/th><\/tr><tr><td>LINEA \/ LÍNEA<\/td><td>BILBO-DONOSTIA \/ BILBAO-SAN SEBASTIAN<\/td><\/tr><tr><td>P.K.<\/td><td>14,400<\/td><\/tr><tr><td>ITURRIA \/ FUENTE<\/td><td>Euskal Trenbide Sarea (ETS) 2", "timestamp": null, "begin": null, "end": null, "altitudemo": "absolute", "tessellate": -1, "extrude": 0, "visibility": -1, "draworder": null, "icon": null }, "geometry": { "type": "MultiPoint", "coordinates": [ [ -311085.84345259599, 5343452.5402045818, 0.0 ] ] } },
{ "type": "Feature", "properties": { "id": 1760, "name": "P.K. 14,500", "descriptio": "<html><body><table border=\"1\"><tr><th>Field Name<\/th><th>Field Value<\/th><\/tr><tr><td>LINEA \/ LÍNEA<\/td><td>BILBO-DONOSTIA \/ BILBAO-SAN SEBASTIAN<\/td><\/tr><tr><td>P.K.<\/td><td>14,500<\/td><\/tr><tr><td>ITURRIA \/ FUENTE<\/td><td>Euskal Trenbide Sarea (ETS) 2", "timestamp": null, "begin": null, "end": null, "altitudemo": "absolute", "tessellate": -1, "extrude": 0, "visibility": -1, "draworder": null, "icon": null }, "geometry": { "type": "MultiPoint", "coordinates": [ [ -310959.65004243853, 5343534.9922271445, 0.0 ] ] } },
{ "type": "Feature", "properties": { "id": 1761, "name": "P.K. 14,600", "descriptio": "<html><body><table border=\"1\"><tr><th>Field Name<\/th><th>Field Value<\/th><\/tr><tr><td>LINEA \/ LÍNEA<\/td><td>BILBO-DONOSTIA \/ BILBAO-SAN SEBASTIAN<\/td><\/tr><tr><td>P.K.<\/td><td>14,600<\/td><\/tr><tr><td>ITURRIA \/ FUENTE<\/td><td>Euskal Trenbide Sarea (ETS) 2", "timestamp": null, "begin": null, "end": null, "altitudemo": "absolute", "tessellate": -1, "extrude": 0, "visibility": -1, "draworder": null, "icon": null }, "geometry": { "type": "MultiPoint", "coordinates": [ [ -310841.32000672031, 5343602.930777397, 0.0 ] ] } },
{ "type": "Feature", "properties": { "id": 1762, "name": "P.K. 14,700", "descriptio": "<html><body><table border=\"1\"><tr><th>Field Name<\/th><th>Field Value<\/th><\/tr><tr><td>LINEA \/ LÍNEA<\/td><td>BILBO-DONOSTIA \/ BILBAO-SAN SEBASTIAN<\/td><\/tr><tr><td>P.K.<\/td><td>14,700<\/td><\/tr><tr><td>ITURRIA \/ FUENTE<\/td><td>Euskal Trenbide Sarea (ETS) 2", "timestamp": null, "begin": null, "end": null, "altitudemo": "absolute", "tessellate": -1, "extrude": 0, "visibility": -1, "draworder": null, "icon": null }, "geometry": { "type": "MultiPoint", "coordinates": [ [ -310726.56485697872, 5343678.3408968495, 0.0 ] ] } },
{ "type": "Feature", "properties": { "id": 1763, "name": "P.K. 14,800", "descriptio": "<html><body><table border=\"1\"><tr><th>Field Name<\/th><th>Field Value<\/th><\/tr><tr><td>LINEA \/ LÍNEA<\/td><td>BILBO-DONOSTIA \/ BILBAO-SAN SEBASTIAN<\/td><\/tr><tr><td>P.K.<\/td><td>14,800<\/td><\/tr><tr><td>ITURRIA \/ FUENTE<\/td><td>Euskal Trenbide Sarea (ETS) 2", "timestamp": null, "begin": null, "end": null, "altitudemo": "absolute", "tessellate": -1, "extrude": 0, "visibility": -1, "draworder": null, "icon": null }, "geometry": { "type": "MultiPoint", "coordinates": [ [ -310609.19733876357, 5343747.7442010548, 0.0 ] ] } },
{ "type": "Feature", "properties": { "id": 1764, "name": "P.K. 14,900", "descriptio": "<html><body><table border=\"1\"><tr><th>Field Name<\/th><th>Field Value<\/th><\/tr><tr><td>LINEA \/ LÍNEA<\/td><td>BILBO-DONOSTIA \/ BILBAO-SAN SEBASTIAN<\/td><\/tr><tr><td>P.K.<\/td><td>14,900<\/td><\/tr><tr><td>ITURRIA \/ FUENTE<\/td><td>Euskal Trenbide Sarea (ETS) 2", "timestamp": null, "begin": null, "end": null, "altitudemo": "absolute", "tessellate": -1, "extrude": 0, "visibility": -1, "draworder": null, "icon": null }, "geometry": { "type": "MultiPoint", "coordinates": [ [ -310494.42760313803, 5343818.6663419185, 0.0 ] ] } },
{ "type": "Feature", "properties": { "id": 1765, "name": "P.K. 15,000", "descriptio": "<html><body><table border=\"1\"><tr><th>Field Name<\/th><th>Field Value<\/th><\/tr><tr><td>LINEA \/ LÍNEA<\/td><td>BILBO-DONOSTIA \/ BILBAO-SAN SEBASTIAN<\/td><\/tr><tr><td>P.K.<\/td><td>15,000<\/td><\/tr><tr><td>ITURRIA \/ FUENTE<\/td><td>Euskal Trenbide Sarea (ETS) 2", "timestamp": null, "begin": null, "end": null, "altitudemo": "absolute", "tessellate": -1, "extrude": 0, "visibility": -1, "draworder": null, "icon": null }, "geometry": { "type": "MultiPoint", "coordinates": [ [ -310378.59024656814, 5343889.5260220161, 0.0 ] ] } },
{ "type": "Feature", "properties": { "id": 1766, "name": "P.K. 15,100", "descriptio": "<html><body><table border=\"1\"><tr><th>Field Name<\/th><th>Field Value<\/th><\/tr><tr><td>LINEA \/ LÍNEA<\/td><td>BILBO-DONOSTIA \/ BILBAO-SAN SEBASTIAN<\/td><\/tr><tr><td>P.K.<\/td><td>15,100<\/td><\/tr><tr><td>ITURRIA \/ FUENTE<\/td><td>Euskal Trenbide Sarea (ETS) 2", "timestamp": null, "begin": null, "end": null, "altitudemo": "absolute", "tessellate": -1, "extrude": 0, "visibility": -1, "draworder": null, "icon": null }, "geometry": { "type": "MultiPoint", "coordinates": [ [ -310252.90194676939, 5343944.8274623593, 0.0 ] ] } },
{ "type": "Feature", "properties": { "id": 1767, "name": "P.K. 15,200", "descriptio": "<html><body><table border=\"1\"><tr><th>Field Name<\/th><th>Field Value<\/th><\/tr><tr><td>LINEA \/ LÍNEA<\/td><td>BILBO-DONOSTIA \/ BILBAO-SAN SEBASTIAN<\/td><\/tr><tr><td>P.K.<\/td><td>15,200<\/td><\/tr><tr><td>ITURRIA \/ FUENTE<\/td><td>Euskal Trenbide Sarea (ETS) 2", "timestamp": null, "begin": null, "end": null, "altitudemo": "absolute", "tessellate": -1, "extrude": 0, "visibility": -1, "draworder": null, "icon": null }, "geometry": { "type": "MultiPoint", "coordinates": [ [ -310116.12893080234, 5343933.747204734, 0.0 ] ] } },
{ "type": "Feature", "properties": { "id": 1768, "name": "P.K. 15,300", "descriptio": "<html><body><table border=\"1\"><tr><th>Field Name<\/th><th>Field Value<\/th><\/tr><tr><td>LINEA \/ LÍNEA<\/td><td>BILBO-DONOSTIA \/ BILBAO-SAN SEBASTIAN<\/td><\/tr><tr><td>P.K.<\/td><td>15,300<\/td><\/tr><tr><td>ITURRIA \/ FUENTE<\/td><td>Euskal Trenbide Sarea (ETS) 2", "timestamp": null, "begin": null, "end": null, "altitudemo": "absolute", "tessellate": -1, "extrude": 0, "visibility": -1, "draworder": null, "icon": null }, "geometry": { "type": "MultiPoint", "coordinates": [ [ -309988.03541053523, 5343885.8032628233, 0.0 ] ] } },
{ "type": "Feature", "properties": { "id": 1769, "name": "P.K. 15,400", "descriptio": "<html><body><table border=\"1\"><tr><th>Field Name<\/th><th>Field Value<\/th><\/tr><tr><td>LINEA \/ LÍNEA<\/td><td>BILBO-DONOSTIA \/ BILBAO-SAN SEBASTIAN<\/td><\/tr><tr><td>P.K.<\/td><td>15,400<\/td><\/tr><tr><td>ITURRIA \/ FUENTE<\/td><td>Euskal Trenbide Sarea (ETS) 2", "timestamp": null, "begin": null, "end": null, "altitudemo": "absolute", "tessellate": -1, "extrude": 0, "visibility": -1, "draworder": null, "icon": null }, "geometry": { "type": "MultiPoint", "coordinates": [ [ -309860.09299513273, 5343835.3581646038, 0.0 ] ] } },
{ "type": "Feature", "properties": { "id": 1770, "name": "P.K. 15,500", "descriptio": "<html><body><table border=\"1\"><tr><th>Field Name<\/th><th>Field Value<\/th><\/tr><tr><td>LINEA \/ LÍNEA<\/td><td>BILBO-DONOSTIA \/ BILBAO-SAN SEBASTIAN<\/td><\/tr><tr><td>P.K.<\/td><td>15,500<\/td><\/tr><tr><td>ITURRIA \/ FUENTE<\/td><td>Euskal Trenbide Sarea (ETS) 2", "timestamp": null, "begin": null, "end": null, "altitudemo": "absolute", "tessellate": -1, "extrude": 0, "visibility": -1, "draworder": null, "icon": null }, "geometry": { "type": "MultiPoint", "coordinates": [ [ -309733.00409336167, 5343781.2544161677, 0.0 ] ] } },
{ "type": "Feature", "properties": { "id": 1771, "name": "P.K. 15,600", "descriptio": "<html><body><table border=\"1\"><tr><th>Field Name<\/th><th>Field Value<\/th><\/tr><tr><td>LINEA \/ LÍNEA<\/td><td>BILBO-DONOSTIA \/ BILBAO-SAN SEBASTIAN<\/td><\/tr><tr><td>P.K.<\/td><td>15,600<\/td><\/tr><tr><td>ITURRIA \/ FUENTE<\/td><td>Euskal Trenbide Sarea (ETS) 2", "timestamp": null, "begin": null, "end": null, "altitudemo": "absolute", "tessellate": -1, "extrude": 0, "visibility": -1, "draworder": null, "icon": null }, "geometry": { "type": "MultiPoint", "coordinates": [ [ -309614.43858510506, 5343713.9648631234, 0.0 ] ] } },
{ "type": "Feature", "properties": { "id": 1772, "name": "P.K. 15,700", "descriptio": "<html><body><table border=\"1\"><tr><th>Field Name<\/th><th>Field Value<\/th><\/tr><tr><td>LINEA \/ LÍNEA<\/td><td>BILBO-DONOSTIA \/ BILBAO-SAN SEBASTIAN<\/td><\/tr><tr><td>P.K.<\/td><td>15,700<\/td><\/tr><tr><td>ITURRIA \/ FUENTE<\/td><td>Euskal Trenbide Sarea (ETS) 2", "timestamp": null, "begin": null, "end": null, "altitudemo": "absolute", "tessellate": -1, "extrude": 0, "visibility": -1, "draworder": null, "icon": null }, "geometry": { "type": "MultiPoint", "coordinates": [ [ -309503.13800633251, 5343634.1038846113, 0.0 ] ] } },
{ "type": "Feature", "properties": { "id": 1773, "name": "P.K. 15,800", "descriptio": "<html><body><table border=\"1\"><tr><th>Field Name<\/th><th>Field Value<\/th><\/tr><tr><td>LINEA \/ LÍNEA<\/td><td>BILBO-DONOSTIA \/ BILBAO-SAN SEBASTIAN<\/td><\/tr><tr><td>P.K.<\/td><td>15,800<\/td><\/tr><tr><td>ITURRIA \/ FUENTE<\/td><td>Euskal Trenbide Sarea (ETS) 2", "timestamp": null, "begin": null, "end": null, "altitudemo": "absolute", "tessellate": -1, "extrude": 0, "visibility": -1, "draworder": null, "icon": null }, "geometry": { "type": "MultiPoint", "coordinates": [ [ -309398.27272331185, 5343557.8467862224, 0.0 ] ] } },
{ "type": "Feature", "properties": { "id": 1774, "name": "P.K. 15,900", "descriptio": "<html><body><table border=\"1\"><tr><th>Field Name<\/th><th>Field Value<\/th><\/tr><tr><td>LINEA \/ LÍNEA<\/td><td>BILBO-DONOSTIA \/ BILBAO-SAN SEBASTIAN<\/td><\/tr><tr><td>P.K.<\/td><td>15,900<\/td><\/tr><tr><td>ITURRIA \/ FUENTE<\/td><td>Euskal Trenbide Sarea (ETS) 2", "timestamp": null, "begin": null, "end": null, "altitudemo": "absolute", "tessellate": -1, "extrude": 0, "visibility": -1, "draworder": null, "icon": null }, "geometry": { "type": "MultiPoint", "coordinates": [ [ -309284.28729194013, 5343481.0798331611, 0.0 ] ] } },
{ "type": "Feature", "properties": { "id": 1775, "name": "P.K. 16,000", "descriptio": "<html><body><table border=\"1\"><tr><th>Field Name<\/th><th>Field Value<\/th><\/tr><tr><td>LINEA \/ LÍNEA<\/td><td>BILBO-DONOSTIA \/ BILBAO-SAN SEBASTIAN<\/td><\/tr><tr><td>P.K.<\/td><td>16,000<\/td><\/tr><tr><td>ITURRIA \/ FUENTE<\/td><td>Euskal Trenbide Sarea (ETS) 2", "timestamp": null, "begin": null, "end": null, "altitudemo": "absolute", "tessellate": -1, "extrude": 0, "visibility": -1, "draworder": null, "icon": null }, "geometry": { "type": "MultiPoint", "coordinates": [ [ -309129.2481732723, 5343484.7983812615, 0.0 ] ] } },
{ "type": "Feature", "properties": { "id": 1776, "name": "P.K. 16,100", "descriptio": "<html><body><table border=\"1\"><tr><th>Field Name<\/th><th>Field Value<\/th><\/tr><tr><td>LINEA \/ LÍNEA<\/td><td>BILBO-DONOSTIA \/ BILBAO-SAN SEBASTIAN<\/td><\/tr><tr><td>P.K.<\/td><td>16,100<\/td><\/tr><tr><td>ITURRIA \/ FUENTE<\/td><td>Euskal Trenbide Sarea (ETS) 2", "timestamp": null, "begin": null, "end": null, "altitudemo": "absolute", "tessellate": -1, "extrude": 0, "visibility": -1, "draworder": null, "icon": null }, "geometry": { "type": "MultiPoint", "coordinates": [ [ -309008.12686012202, 5343522.4223864488, 0.0 ] ] } },
{ "type": "Feature", "properties": { "id": 1777, "name": "P.K. 16,200", "descriptio": "<html><body><table border=\"1\"><tr><th>Field Name<\/th><th>Field Value<\/th><\/tr><tr><td>LINEA \/ LÍNEA<\/td><td>BILBO-DONOSTIA \/ BILBAO-SAN SEBASTIAN<\/td><\/tr><tr><td>P.K.<\/td><td>16,200<\/td><\/tr><tr><td>ITURRIA \/ FUENTE<\/td><td>Euskal Trenbide Sarea (ETS) 2", "timestamp": null, "begin": null, "end": null, "altitudemo": "absolute", "tessellate": -1, "extrude": 0, "visibility": -1, "draworder": null, "icon": null }, "geometry": { "type": "MultiPoint", "coordinates": [ [ -308870.75719944452, 5343563.5276485449, 0.0 ] ] } },
{ "type": "Feature", "properties": { "id": 1778, "name": "P.K. 16,300", "descriptio": "<html><body><table border=\"1\"><tr><th>Field Name<\/th><th>Field Value<\/th><\/tr><tr><td>LINEA \/ LÍNEA<\/td><td>BILBO-DONOSTIA \/ BILBAO-SAN SEBASTIAN<\/td><\/tr><tr><td>P.K.<\/td><td>16,300<\/td><\/tr><tr><td>ITURRIA \/ FUENTE<\/td><td>Euskal Trenbide Sarea (ETS) 2", "timestamp": null, "begin": null, "end": null, "altitudemo": "absolute", "tessellate": -1, "extrude": 0, "visibility": -1, "draworder": null, "icon": null }, "geometry": { "type": "MultiPoint", "coordinates": [ [ -308737.10053072148, 5343604.136422093, 0.0 ] ] } },
{ "type": "Feature", "properties": { "id": 1779, "name": "P.K. 16,400", "descriptio": "<html><body><table border=\"1\"><tr><th>Field Name<\/th><th>Field Value<\/th><\/tr><tr><td>LINEA \/ LÍNEA<\/td><td>BILBO-DONOSTIA \/ BILBAO-SAN SEBASTIAN<\/td><\/tr><tr><td>P.K.<\/td><td>16,400<\/td><\/tr><tr><td>ITURRIA \/ FUENTE<\/td><td>Euskal Trenbide Sarea (ETS) 2", "timestamp": null, "begin": null, "end": null, "altitudemo": "absolute", "tessellate": -1, "extrude": 0, "visibility": -1, "draworder": null, "icon": null }, "geometry": { "type": "MultiPoint", "coordinates": [ [ -308598.4245393094, 5343585.438388085, 0.0 ] ] } },
{ "type": "Feature", "properties": { "id": 1780, "name": "P.K. 16,500", "descriptio": "<html><body><table border=\"1\"><tr><th>Field Name<\/th><th>Field Value<\/th><\/tr><tr><td>LINEA \/ LÍNEA<\/td><td>BILBO-DONOSTIA \/ BILBAO-SAN SEBASTIAN<\/td><\/tr><tr><td>P.K.<\/td><td>16,500<\/td><\/tr><tr><td>ITURRIA \/ FUENTE<\/td><td>Euskal Trenbide Sarea (ETS) 2", "timestamp": null, "begin": null, "end": null, "altitudemo": "absolute", "tessellate": -1, "extrude": 0, "visibility": -1, "draworder": null, "icon": null }, "geometry": { "type": "MultiPoint", "coordinates": [ [ -308498.93326308444, 5343501.8092046557, 0.0 ] ] } },
{ "type": "Feature", "properties": { "id": 1781, "name": "P.K. 16,600", "descriptio": "<html><body><table border=\"1\"><tr><th>Field Name<\/th><th>Field Value<\/th><\/tr><tr><td>LINEA \/ LÍNEA<\/td><td>BILBO-DONOSTIA \/ BILBAO-SAN SEBASTIAN<\/td><\/tr><tr><td>P.K.<\/td><td>16,600<\/td><\/tr><tr><td>ITURRIA \/ FUENTE<\/td><td>Euskal Trenbide Sarea (ETS) 2", "timestamp": null, "begin": null, "end": null, "altitudemo": "absolute", "tessellate": -1, "extrude": 0, "visibility": -1, "draworder": null, "icon": null }, "geometry": { "type": "MultiPoint", "coordinates": [ [ -308420.67771907186, 5343389.9120578486, 0.0 ] ] } },
{ "type": "Feature", "properties": { "id": 1782, "name": "P.K. 16,700", "descriptio": "<html><body><table border=\"1\"><tr><th>Field Name<\/th><th>Field Value<\/th><\/tr><tr><td>LINEA \/ LÍNEA<\/td><td>BILBO-DONOSTIA \/ BILBAO-SAN SEBASTIAN<\/td><\/tr><tr><td>P.K.<\/td><td>16,700<\/td><\/tr><tr><td>ITURRIA \/ FUENTE<\/td><td>Euskal Trenbide Sarea (ETS) 2", "timestamp": null, "begin": null, "end": null, "altitudemo": "absolute", "tessellate": -1, "extrude": 0, "visibility": -1, "draworder": null, "icon": null }, "geometry": { "type": "MultiPoint", "coordinates": [ [ -308334.56414692284, 5343281.7835924495, 0.0 ] ] } },
{ "type": "Feature", "properties": { "id": 1783, "name": "P.K. 16,800", "descriptio": "<html><body><table border=\"1\"><tr><th>Field Name<\/th><th>Field Value<\/th><\/tr><tr><td>LINEA \/ LÍNEA<\/td><td>BILBO-DONOSTIA \/ BILBAO-SAN SEBASTIAN<\/td><\/tr><tr><td>P.K.<\/td><td>16,800<\/td><\/tr><tr><td>ITURRIA \/ FUENTE<\/td><td>Euskal Trenbide Sarea (ETS) 2", "timestamp": null, "begin": null, "end": null, "altitudemo": "absolute", "tessellate": -1, "extrude": 0, "visibility": -1, "draworder": null, "icon": null }, "geometry": { "type": "MultiPoint", "coordinates": [ [ -308235.91512809775, 5343188.7056284826, 0.0 ] ] } },
{ "type": "Feature", "properties": { "id": 1784, "name": "P.K. 16,900", "descriptio": "<html><body><table border=\"1\"><tr><th>Field Name<\/th><th>Field Value<\/th><\/tr><tr><td>LINEA \/ LÍNEA<\/td><td>BILBO-DONOSTIA \/ BILBAO-SAN SEBASTIAN<\/td><\/tr><tr><td>P.K.<\/td><td>16,900<\/td><\/tr><tr><td>ITURRIA \/ FUENTE<\/td><td>Euskal Trenbide Sarea (ETS) 2", "timestamp": null, "begin": null, "end": null, "altitudemo": "absolute", "tessellate": -1, "extrude": 0, "visibility": -1, "draworder": null, "icon": null }, "geometry": { "type": "MultiPoint", "coordinates": [ [ -308101.94572240463, 5343184.1367279897, 0.0 ] ] } },
{ "type": "Feature", "properties": { "id": 1785, "name": "P.K. 17,000", "descriptio": "<html><body><table border=\"1\"><tr><th>Field Name<\/th><th>Field Value<\/th><\/tr><tr><td>LINEA \/ LÍNEA<\/td><td>BILBO-DONOSTIA \/ BILBAO-SAN SEBASTIAN<\/td><\/tr><tr><td>P.K.<\/td><td>17,000<\/td><\/tr><tr><td>ITURRIA \/ FUENTE<\/td><td>Euskal Trenbide Sarea (ETS) 2", "timestamp": null, "begin": null, "end": null, "altitudemo": "absolute", "tessellate": -1, "extrude": 0, "visibility": -1, "draworder": null, "icon": null }, "geometry": { "type": "MultiPoint", "coordinates": [ [ -307976.11424865987, 5343228.5333765894, 0.0 ] ] } },
{ "type": "Feature", "properties": { "id": 1786, "name": "P.K. 17,100", "descriptio": "<html><body><table border=\"1\"><tr><th>Field Name<\/th><th>Field Value<\/th><\/tr><tr><td>LINEA \/ LÍNEA<\/td><td>BILBO-DONOSTIA \/ BILBAO-SAN SEBASTIAN<\/td><\/tr><tr><td>P.K.<\/td><td>17,100<\/td><\/tr><tr><td>ITURRIA \/ FUENTE<\/td><td>Euskal Trenbide Sarea (ETS) 2", "timestamp": null, "begin": null, "end": null, "altitudemo": "absolute", "tessellate": -1, "extrude": 0, "visibility": -1, "draworder": null, "icon": null }, "geometry": { "type": "MultiPoint", "coordinates": [ [ -307890.39985917904, 5343336.8665657723, 0.0 ] ] } },
{ "type": "Feature", "properties": { "id": 1787, "name": "P.K. 17,200", "descriptio": "<html><body><table border=\"1\"><tr><th>Field Name<\/th><th>Field Value<\/th><\/tr><tr><td>LINEA \/ LÍNEA<\/td><td>BILBO-DONOSTIA \/ BILBAO-SAN SEBASTIAN<\/td><\/tr><tr><td>P.K.<\/td><td>17,200<\/td><\/tr><tr><td>ITURRIA \/ FUENTE<\/td><td>Euskal Trenbide Sarea (ETS) 2", "timestamp": null, "begin": null, "end": null, "altitudemo": "absolute", "tessellate": -1, "extrude": 0, "visibility": -1, "draworder": null, "icon": null }, "geometry": { "type": "MultiPoint", "coordinates": [ [ -307826.30896150391, 5343457.3016640162, 0.0 ] ] } },
{ "type": "Feature", "properties": { "id": 1788, "name": "P.K. 17,300", "descriptio": "<html><body><table border=\"1\"><tr><th>Field Name<\/th><th>Field Value<\/th><\/tr><tr><td>LINEA \/ LÍNEA<\/td><td>BILBO-DONOSTIA \/ BILBAO-SAN SEBASTIAN<\/td><\/tr><tr><td>P.K.<\/td><td>17,300<\/td><\/tr><tr><td>ITURRIA \/ FUENTE<\/td><td>Euskal Trenbide Sarea (ETS) 2", "timestamp": null, "begin": null, "end": null, "altitudemo": "absolute", "tessellate": -1, "extrude": 0, "visibility": -1, "draworder": null, "icon": null }, "geometry": { "type": "MultiPoint", "coordinates": [ [ -307807.13040816423, 5343590.3448951105, 0.0 ] ] } },
{ "type": "Feature", "properties": { "id": 1789, "name": "P.K. 17,400", "descriptio": "<html><body><table border=\"1\"><tr><th>Field Name<\/th><th>Field Value<\/th><\/tr><tr><td>LINEA \/ LÍNEA<\/td><td>BILBO-DONOSTIA \/ BILBAO-SAN SEBASTIAN<\/td><\/tr><tr><td>P.K.<\/td><td>17,400<\/td><\/tr><tr><td>ITURRIA \/ FUENTE<\/td><td>Euskal Trenbide Sarea (ETS) 2", "timestamp": null, "begin": null, "end": null, "altitudemo": "absolute", "tessellate": -1, "extrude": 0, "visibility": -1, "draworder": null, "icon": null }, "geometry": { "type": "MultiPoint", "coordinates": [ [ -307790.26928093238, 5343745.3799248887, 0.0 ] ] } },
{ "type": "Feature", "properties": { "id": 1790, "name": "P.K. 17,500", "descriptio": "<html><body><table border=\"1\"><tr><th>Field Name<\/th><th>Field Value<\/th><\/tr><tr><td>LINEA \/ LÍNEA<\/td><td>BILBO-DONOSTIA \/ BILBAO-SAN SEBASTIAN<\/td><\/tr><tr><td>P.K.<\/td><td>17,500<\/td><\/tr><tr><td>ITURRIA \/ FUENTE<\/td><td>Euskal Trenbide Sarea (ETS) 2", "timestamp": null, "begin": null, "end": null, "altitudemo": "absolute", "tessellate": -1, "extrude": 0, "visibility": -1, "draworder": null, "icon": null }, "geometry": { "type": "MultiPoint", "coordinates": [ [ -307800.74021676386, 5343889.2898774529, 0.0 ] ] } },
{ "type": "Feature", "properties": { "id": 1791, "name": "P.K. 17,600", "descriptio": "<html><body><table border=\"1\"><tr><th>Field Name<\/th><th>Field Value<\/th><\/tr><tr><td>LINEA \/ LÍNEA<\/td><td>BILBO-DONOSTIA \/ BILBAO-SAN SEBASTIAN<\/td><\/tr><tr><td>P.K.<\/td><td>17,600<\/td><\/tr><tr><td>ITURRIA \/ FUENTE<\/td><td>Euskal Trenbide Sarea (ETS) 2", "timestamp": null, "begin": null, "end": null, "altitudemo": "absolute", "tessellate": -1, "extrude": 0, "visibility": -1, "draworder": null, "icon": null }, "geometry": { "type": "MultiPoint", "coordinates": [ [ -307785.37168886722, 5344021.7481959593, 0.0 ] ] } },
{ "type": "Feature", "properties": { "id": 1792, "name": "P.K. 17,700", "descriptio": "<html><body><table border=\"1\"><tr><th>Field Name<\/th><th>Field Value<\/th><\/tr><tr><td>LINEA \/ LÍNEA<\/td><td>BILBO-DONOSTIA \/ BILBAO-SAN SEBASTIAN<\/td><\/tr><tr><td>P.K.<\/td><td>17,700<\/td><\/tr><tr><td>ITURRIA \/ FUENTE<\/td><td>Euskal Trenbide Sarea (ETS) 2", "timestamp": null, "begin": null, "end": null, "altitudemo": "absolute", "tessellate": -1, "extrude": 0, "visibility": -1, "draworder": null, "icon": null }, "geometry": { "type": "MultiPoint", "coordinates": [ [ -307721.74322163936, 5344153.0006696414, 0.0 ] ] } },
{ "type": "Feature", "properties": { "id": 1793, "name": "P.K. 17,800", "descriptio": "<html><body><table border=\"1\"><tr><th>Field Name<\/th><th>Field Value<\/th><\/tr><tr><td>LINEA \/ LÍNEA<\/td><td>BILBO-DONOSTIA \/ BILBAO-SAN SEBASTIAN<\/td><\/tr><tr><td>P.K.<\/td><td>17,800<\/td><\/tr><tr><td>ITURRIA \/ FUENTE<\/td><td>Euskal Trenbide Sarea (ETS) 2", "timestamp": null, "begin": null, "end": null, "altitudemo": "absolute", "tessellate": -1, "extrude": 0, "visibility": -1, "draworder": null, "icon": null }, "geometry": { "type": "MultiPoint", "coordinates": [ [ -307612.08901520038, 5344237.0844740281, 0.0 ] ] } },
{ "type": "Feature", "properties": { "id": 1794, "name": "P.K. 17,900", "descriptio": "<html><body><table border=\"1\"><tr><th>Field Name<\/th><th>Field Value<\/th><\/tr><tr><td>LINEA \/ LÍNEA<\/td><td>BILBO-DONOSTIA \/ BILBAO-SAN SEBASTIAN<\/td><\/tr><tr><td>P.K.<\/td><td>17,900<\/td><\/tr><tr><td>ITURRIA \/ FUENTE<\/td><td>Euskal Trenbide Sarea (ETS) 2", "timestamp": null, "begin": null, "end": null, "altitudemo": "absolute", "tessellate": -1, "extrude": 0, "visibility": -1, "draworder": null, "icon": null }, "geometry": { "type": "MultiPoint", "coordinates": [ [ -307481.09545160178, 5344263.500780954, 0.0 ] ] } },
{ "type": "Feature", "properties": { "id": 1795, "name": "P.K. 18,000", "descriptio": "<html><body><table border=\"1\"><tr><th>Field Name<\/th><th>Field Value<\/th><\/tr><tr><td>LINEA \/ LÍNEA<\/td><td>BILBO-DONOSTIA \/ BILBAO-SAN SEBASTIAN<\/td><\/tr><tr><td>P.K.<\/td><td>18,000<\/td><\/tr><tr><td>ITURRIA \/ FUENTE<\/td><td>Euskal Trenbide Sarea (ETS) 2", "timestamp": null, "begin": null, "end": null, "altitudemo": "absolute", "tessellate": -1, "extrude": 0, "visibility": -1, "draworder": null, "icon": null }, "geometry": { "type": "MultiPoint", "coordinates": [ [ -307351.62615611678, 5344234.7015327187, 0.0 ] ] } },
{ "type": "Feature", "properties": { "id": 1796, "name": "P.K. 18,100", "descriptio": "<html><body><table border=\"1\"><tr><th>Field Name<\/th><th>Field Value<\/th><\/tr><tr><td>LINEA \/ LÍNEA<\/td><td>BILBO-DONOSTIA \/ BILBAO-SAN SEBASTIAN<\/td><\/tr><tr><td>P.K.<\/td><td>18,100<\/td><\/tr><tr><td>ITURRIA \/ FUENTE<\/td><td>Euskal Trenbide Sarea (ETS) 2", "timestamp": null, "begin": null, "end": null, "altitudemo": "absolute", "tessellate": -1, "extrude": 0, "visibility": -1, "draworder": null, "icon": null }, "geometry": { "type": "MultiPoint", "coordinates": [ [ -307231.55042591336, 5344152.6065687342, 0.0 ] ] } },
{ "type": "Feature", "properties": { "id": 1797, "name": "P.K. 18,200", "descriptio": "<html><body><table border=\"1\"><tr><th>Field Name<\/th><th>Field Value<\/th><\/tr><tr><td>LINEA \/ LÍNEA<\/td><td>BILBO-DONOSTIA \/ BILBAO-SAN SEBASTIAN<\/td><\/tr><tr><td>P.K.<\/td><td>18,200<\/td><\/tr><tr><td>ITURRIA \/ FUENTE<\/td><td>Euskal Trenbide Sarea (ETS) 2", "timestamp": null, "begin": null, "end": null, "altitudemo": "absolute", "tessellate": -1, "extrude": 0, "visibility": -1, "draworder": null, "icon": null }, "geometry": { "type": "MultiPoint", "coordinates": [ [ -307128.12858372001, 5344078.6464556707, 0.0 ] ] } },
{ "type": "Feature", "properties": { "id": 1798, "name": "P.K. 18,300", "descriptio": "<html><body><table border=\"1\"><tr><th>Field Name<\/th><th>Field Value<\/th><\/tr><tr><td>LINEA \/ LÍNEA<\/td><td>BILBO-DONOSTIA \/ BILBAO-SAN SEBASTIAN<\/td><\/tr><tr><td>P.K.<\/td><td>18,300<\/td><\/tr><tr><td>ITURRIA \/ FUENTE<\/td><td>Euskal Trenbide Sarea (ETS) 2", "timestamp": null, "begin": null, "end": null, "altitudemo": "absolute", "tessellate": -1, "extrude": 0, "visibility": -1, "draworder": null, "icon": null }, "geometry": { "type": "MultiPoint", "coordinates": [ [ -307008.44815829245, 5344043.6344153117, 0.0 ] ] } },
{ "type": "Feature", "properties": { "id": 1799, "name": "P.K. 18,400", "descriptio": "<html><body><table border=\"1\"><tr><th>Field Name<\/th><th>Field Value<\/th><\/tr><tr><td>LINEA \/ LÍNEA<\/td><td>BILBO-DONOSTIA \/ BILBAO-SAN SEBASTIAN<\/td><\/tr><tr><td>P.K.<\/td><td>18,400<\/td><\/tr><tr><td>ITURRIA \/ FUENTE<\/td><td>Euskal Trenbide Sarea (ETS) 2", "timestamp": null, "begin": null, "end": null, "altitudemo": "absolute", "tessellate": -1, "extrude": 0, "visibility": -1, "draworder": null, "icon": null }, "geometry": { "type": "MultiPoint", "coordinates": [ [ -306861.58801672346, 5344061.6542176027, 0.0 ] ] } },
{ "type": "Feature", "properties": { "id": 1800, "name": "P.K. 18,500", "descriptio": "<html><body><table border=\"1\"><tr><th>Field Name<\/th><th>Field Value<\/th><\/tr><tr><td>LINEA \/ LÍNEA<\/td><td>BILBO-DONOSTIA \/ BILBAO-SAN SEBASTIAN<\/td><\/tr><tr><td>P.K.<\/td><td>18,500<\/td><\/tr><tr><td>ITURRIA \/ FUENTE<\/td><td>Euskal Trenbide Sarea (ETS) 2", "timestamp": null, "begin": null, "end": null, "altitudemo": "absolute", "tessellate": -1, "extrude": 0, "visibility": -1, "draworder": null, "icon": null }, "geometry": { "type": "MultiPoint", "coordinates": [ [ -306751.90559531929, 5344107.3720249059, 0.0 ] ] } },
{ "type": "Feature", "properties": { "id": 1801, "name": "P.K. 18,600", "descriptio": "<html><body><table border=\"1\"><tr><th>Field Name<\/th><th>Field Value<\/th><\/tr><tr><td>LINEA \/ LÍNEA<\/td><td>BILBO-DONOSTIA \/ BILBAO-SAN SEBASTIAN<\/td><\/tr><tr><td>P.K.<\/td><td>18,600<\/td><\/tr><tr><td>ITURRIA \/ FUENTE<\/td><td>Euskal Trenbide Sarea (ETS) 2", "timestamp": null, "begin": null, "end": null, "altitudemo": "absolute", "tessellate": -1, "extrude": 0, "visibility": -1, "draworder": null, "icon": null }, "geometry": { "type": "MultiPoint", "coordinates": [ [ -306623.66805644054, 5344182.0668304525, 0.0 ] ] } },
{ "type": "Feature", "properties": { "id": 1802, "name": "P.K. 18,700", "descriptio": "<html><body><table border=\"1\"><tr><th>Field Name<\/th><th>Field Value<\/th><\/tr><tr><td>LINEA \/ LÍNEA<\/td><td>BILBO-DONOSTIA \/ BILBAO-SAN SEBASTIAN<\/td><\/tr><tr><td>P.K.<\/td><td>18,700<\/td><\/tr><tr><td>ITURRIA \/ FUENTE<\/td><td>Euskal Trenbide Sarea (ETS) 2", "timestamp": null, "begin": null, "end": null, "altitudemo": "absolute", "tessellate": -1, "extrude": 0, "visibility": -1, "draworder": null, "icon": null }, "geometry": { "type": "MultiPoint", "coordinates": [ [ -306500.34761622507, 5344243.7347731441, 0.0 ] ] } },
{ "type": "Feature", "properties": { "id": 1803, "name": "P.K. 18,800", "descriptio": "<html><body><table border=\"1\"><tr><th>Field Name<\/th><th>Field Value<\/th><\/tr><tr><td>LINEA \/ LÍNEA<\/td><td>BILBO-DONOSTIA \/ BILBAO-SAN SEBASTIAN<\/td><\/tr><tr><td>P.K.<\/td><td>18,800<\/td><\/tr><tr><td>ITURRIA \/ FUENTE<\/td><td>Euskal Trenbide Sarea (ETS) 2", "timestamp": null, "begin": null, "end": null, "altitudemo": "absolute", "tessellate": -1, "extrude": 0, "visibility": -1, "draworder": null, "icon": null }, "geometry": { "type": "MultiPoint", "coordinates": [ [ -306388.6689318578, 5344297.4396626074, 0.0 ] ] } },
{ "type": "Feature", "properties": { "id": 1804, "name": "P.K. 18,900", "descriptio": "<html><body><table border=\"1\"><tr><th>Field Name<\/th><th>Field Value<\/th><\/tr><tr><td>LINEA \/ LÍNEA<\/td><td>BILBO-DONOSTIA \/ BILBAO-SAN SEBASTIAN<\/td><\/tr><tr><td>P.K.<\/td><td>18,900<\/td><\/tr><tr><td>ITURRIA \/ FUENTE<\/td><td>Euskal Trenbide Sarea (ETS) 2", "timestamp": null, "begin": null, "end": null, "altitudemo": "absolute", "tessellate": -1, "extrude": 0, "visibility": -1, "draworder": null, "icon": null }, "geometry": { "type": "MultiPoint", "coordinates": [ [ -306263.9681435508, 5344348.9138299786, 0.0 ] ] } },
{ "type": "Feature", "properties": { "id": 1805, "name": "P.K. 19,000", "descriptio": "<html><body><table border=\"1\"><tr><th>Field Name<\/th><th>Field Value<\/th><\/tr><tr><td>LINEA \/ LÍNEA<\/td><td>BILBO-DONOSTIA \/ BILBAO-SAN SEBASTIAN<\/td><\/tr><tr><td>P.K.<\/td><td>19,000<\/td><\/tr><tr><td>ITURRIA \/ FUENTE<\/td><td>Euskal Trenbide Sarea (ETS) 2", "timestamp": null, "begin": null, "end": null, "altitudemo": "absolute", "tessellate": -1, "extrude": 0, "visibility": -1, "draworder": null, "icon": null }, "geometry": { "type": "MultiPoint", "coordinates": [ [ -306120.11764682294, 5344346.1295481892, 0.0 ] ] } },
{ "type": "Feature", "properties": { "id": 1806, "name": "P.K. 19,100", "descriptio": "<html><body><table border=\"1\"><tr><th>Field Name<\/th><th>Field Value<\/th><\/tr><tr><td>LINEA \/ LÍNEA<\/td><td>BILBO-DONOSTIA \/ BILBAO-SAN SEBASTIAN<\/td><\/tr><tr><td>P.K.<\/td><td>19,100<\/td><\/tr><tr><td>ITURRIA \/ FUENTE<\/td><td>Euskal Trenbide Sarea (ETS) 2", "timestamp": null, "begin": null, "end": null, "altitudemo": "absolute", "tessellate": -1, "extrude": 0, "visibility": -1, "draworder": null, "icon": null }, "geometry": { "type": "MultiPoint", "coordinates": [ [ -306011.38471687748, 5344315.4283335572, 0.0 ] ] } },
{ "type": "Feature", "properties": { "id": 1807, "name": "P.K. 19,200", "descriptio": "<html><body><table border=\"1\"><tr><th>Field Name<\/th><th>Field Value<\/th><\/tr><tr><td>LINEA \/ LÍNEA<\/td><td>BILBO-DONOSTIA \/ BILBAO-SAN SEBASTIAN<\/td><\/tr><tr><td>P.K.<\/td><td>19,200<\/td><\/tr><tr><td>ITURRIA \/ FUENTE<\/td><td>Euskal Trenbide Sarea (ETS) 2", "timestamp": null, "begin": null, "end": null, "altitudemo": "absolute", "tessellate": -1, "extrude": 0, "visibility": -1, "draworder": null, "icon": null }, "geometry": { "type": "MultiPoint", "coordinates": [ [ -305877.94427275803, 5344225.9274614565, 0.0 ] ] } },
{ "type": "Feature", "properties": { "id": 1808, "name": "P.K. 19,300", "descriptio": "<html><body><table border=\"1\"><tr><th>Field Name<\/th><th>Field Value<\/th><\/tr><tr><td>LINEA \/ LÍNEA<\/td><td>BILBO-DONOSTIA \/ BILBAO-SAN SEBASTIAN<\/td><\/tr><tr><td>P.K.<\/td><td>19,300<\/td><\/tr><tr><td>ITURRIA \/ FUENTE<\/td><td>Euskal Trenbide Sarea (ETS) 2", "timestamp": null, "begin": null, "end": null, "altitudemo": "absolute", "tessellate": -1, "extrude": 0, "visibility": -1, "draworder": null, "icon": null }, "geometry": { "type": "MultiPoint", "coordinates": [ [ -305753.48124923278, 5344170.4980553957, 0.0 ] ] } },
{ "type": "Feature", "properties": { "id": 1809, "name": "P.K. 19,400", "descriptio": "<html><body><table border=\"1\"><tr><th>Field Name<\/th><th>Field Value<\/th><\/tr><tr><td>LINEA \/ LÍNEA<\/td><td>BILBO-DONOSTIA \/ BILBAO-SAN SEBASTIAN<\/td><\/tr><tr><td>P.K.<\/td><td>19,400<\/td><\/tr><tr><td>ITURRIA \/ FUENTE<\/td><td>Euskal Trenbide Sarea (ETS) 2", "timestamp": null, "begin": null, "end": null, "altitudemo": "absolute", "tessellate": -1, "extrude": 0, "visibility": -1, "draworder": null, "icon": null }, "geometry": { "type": "MultiPoint", "coordinates": [ [ -305627.53342801734, 5344121.637468854, 0.0 ] ] } },
{ "type": "Feature", "properties": { "id": 1810, "name": "P.K. 19,500", "descriptio": "<html><body><table border=\"1\"><tr><th>Field Name<\/th><th>Field Value<\/th><\/tr><tr><td>LINEA \/ LÍNEA<\/td><td>BILBO-DONOSTIA \/ BILBAO-SAN SEBASTIAN<\/td><\/tr><tr><td>P.K.<\/td><td>19,500<\/td><\/tr><tr><td>ITURRIA \/ FUENTE<\/td><td>Euskal Trenbide Sarea (ETS) 2", "timestamp": null, "begin": null, "end": null, "altitudemo": "absolute", "tessellate": -1, "extrude": 0, "visibility": -1, "draworder": null, "icon": null }, "geometry": { "type": "MultiPoint", "coordinates": [ [ -305493.1346996309, 5344117.5906999754, 0.0 ] ] } },
{ "type": "Feature", "properties": { "id": 1811, "name": "P.K. 19,600", "descriptio": "<html><body><table border=\"1\"><tr><th>Field Name<\/th><th>Field Value<\/th><\/tr><tr><td>LINEA \/ LÍNEA<\/td><td>BILBO-DONOSTIA \/ BILBAO-SAN SEBASTIAN<\/td><\/tr><tr><td>P.K.<\/td><td>19,600<\/td><\/tr><tr><td>ITURRIA \/ FUENTE<\/td><td>Euskal Trenbide Sarea (ETS) 2", "timestamp": null, "begin": null, "end": null, "altitudemo": "absolute", "tessellate": -1, "extrude": 0, "visibility": -1, "draworder": null, "icon": null }, "geometry": { "type": "MultiPoint", "coordinates": [ [ -305366.39489431528, 5344163.5564087657, 0.0 ] ] } },
{ "type": "Feature", "properties": { "id": 1812, "name": "P.K. 19,700", "descriptio": "<html><body><table border=\"1\"><tr><th>Field Name<\/th><th>Field Value<\/th><\/tr><tr><td>LINEA \/ LÍNEA<\/td><td>BILBO-DONOSTIA \/ BILBAO-SAN SEBASTIAN<\/td><\/tr><tr><td>P.K.<\/td><td>19,700<\/td><\/tr><tr><td>ITURRIA \/ FUENTE<\/td><td>Euskal Trenbide Sarea (ETS) 2", "timestamp": null, "begin": null, "end": null, "altitudemo": "absolute", "tessellate": -1, "extrude": 0, "visibility": -1, "draworder": null, "icon": null }, "geometry": { "type": "MultiPoint", "coordinates": [ [ -305277.32111314801, 5344296.220600999, 0.0 ] ] } },
{ "type": "Feature", "properties": { "id": 1813, "name": "P.K. 19,800", "descriptio": "<html><body><table border=\"1\"><tr><th>Field Name<\/th><th>Field Value<\/th><\/tr><tr><td>LINEA \/ LÍNEA<\/td><td>BILBO-DONOSTIA \/ BILBAO-SAN SEBASTIAN<\/td><\/tr><tr><td>P.K.<\/td><td>19,800<\/td><\/tr><tr><td>ITURRIA \/ FUENTE<\/td><td>Euskal Trenbide Sarea (ETS) 2", "timestamp": null, "begin": null, "end": null, "altitudemo": "absolute", "tessellate": -1, "extrude": 0, "visibility": -1, "draworder": null, "icon": null }, "geometry": { "type": "MultiPoint", "coordinates": [ [ -305210.13214557525, 5344401.8641284881, 0.0 ] ] } },
{ "type": "Feature", "properties": { "id": 1814, "name": "P.K. 19,900", "descriptio": "<html><body><table border=\"1\"><tr><th>Field Name<\/th><th>Field Value<\/th><\/tr><tr><td>LINEA \/ LÍNEA<\/td><td>BILBO-DONOSTIA \/ BILBAO-SAN SEBASTIAN<\/td><\/tr><tr><td>P.K.<\/td><td>19,900<\/td><\/tr><tr><td>ITURRIA \/ FUENTE<\/td><td>Euskal Trenbide Sarea (ETS) 2", "timestamp": null, "begin": null, "end": null, "altitudemo": "absolute", "tessellate": -1, "extrude": 0, "visibility": -1, "draworder": null, "icon": null }, "geometry": { "type": "MultiPoint", "coordinates": [ [ -305137.74259508314, 5344514.8726097224, 0.0 ] ] } },
{ "type": "Feature", "properties": { "id": 1815, "name": "P.K. 20,000", "descriptio": "<html><body><table border=\"1\"><tr><th>Field Name<\/th><th>Field Value<\/th><\/tr><tr><td>LINEA \/ LÍNEA<\/td><td>BILBO-DONOSTIA \/ BILBAO-SAN SEBASTIAN<\/td><\/tr><tr><td>P.K.<\/td><td>20,000<\/td><\/tr><tr><td>ITURRIA \/ FUENTE<\/td><td>Euskal Trenbide Sarea (ETS) 2", "timestamp": null, "begin": null, "end": null, "altitudemo": "absolute", "tessellate": -1, "extrude": 0, "visibility": -1, "draworder": null, "icon": null }, "geometry": { "type": "MultiPoint", "coordinates": [ [ -305096.39167083532, 5344640.5577599434, 0.0 ] ] } },
{ "type": "Feature", "properties": { "id": 1816, "name": "P.K. 20,100", "descriptio": "<html><body><table border=\"1\"><tr><th>Field Name<\/th><th>Field Value<\/th><\/tr><tr><td>LINEA \/ LÍNEA<\/td><td>BILBO-DONOSTIA \/ BILBAO-SAN SEBASTIAN<\/td><\/tr><tr><td>P.K.<\/td><td>20,100<\/td><\/tr><tr><td>ITURRIA \/ FUENTE<\/td><td>Euskal Trenbide Sarea (ETS) 2", "timestamp": null, "begin": null, "end": null, "altitudemo": "absolute", "tessellate": -1, "extrude": 0, "visibility": -1, "draworder": null, "icon": null }, "geometry": { "type": "MultiPoint", "coordinates": [ [ -305055.940692743, 5344788.073374792, 0.0 ] ] } },
{ "type": "Feature", "properties": { "id": 1817, "name": "P.K. 20,200", "descriptio": "<html><body><table border=\"1\"><tr><th>Field Name<\/th><th>Field Value<\/th><\/tr><tr><td>LINEA \/ LÍNEA<\/td><td>BILBO-DONOSTIA \/ BILBAO-SAN SEBASTIAN<\/td><\/tr><tr><td>P.K.<\/td><td>20,200<\/td><\/tr><tr><td>ITURRIA \/ FUENTE<\/td><td>Euskal Trenbide Sarea (ETS) 2", "timestamp": null, "begin": null, "end": null, "altitudemo": "absolute", "tessellate": -1, "extrude": 0, "visibility": -1, "draworder": null, "icon": null }, "geometry": { "type": "MultiPoint", "coordinates": [ [ -305013.62532758061, 5344912.1657413794, 0.0 ] ] } },
{ "type": "Feature", "properties": { "id": 1818, "name": "P.K. 20,300", "descriptio": "<html><body><table border=\"1\"><tr><th>Field Name<\/th><th>Field Value<\/th><\/tr><tr><td>LINEA \/ LÍNEA<\/td><td>BILBO-DONOSTIA \/ BILBAO-SAN SEBASTIAN<\/td><\/tr><tr><td>P.K.<\/td><td>20,300<\/td><\/tr><tr><td>ITURRIA \/ FUENTE<\/td><td>Euskal Trenbide Sarea (ETS) 2", "timestamp": null, "begin": null, "end": null, "altitudemo": "absolute", "tessellate": -1, "extrude": 0, "visibility": -1, "draworder": null, "icon": null }, "geometry": { "type": "MultiPoint", "coordinates": [ [ -304956.05997166096, 5345029.5939366082, 0.0 ] ] } },
{ "type": "Feature", "properties": { "id": 1819, "name": "P.K. 20,400", "descriptio": "<html><body><table border=\"1\"><tr><th>Field Name<\/th><th>Field Value<\/th><\/tr><tr><td>LINEA \/ LÍNEA<\/td><td>BILBO-DONOSTIA \/ BILBAO-SAN SEBASTIAN<\/td><\/tr><tr><td>P.K.<\/td><td>20,400<\/td><\/tr><tr><td>ITURRIA \/ FUENTE<\/td><td>Euskal Trenbide Sarea (ETS) 2", "timestamp": null, "begin": null, "end": null, "altitudemo": "absolute", "tessellate": -1, "extrude": 0, "visibility": -1, "draworder": null, "icon": null }, "geometry": { "type": "MultiPoint", "coordinates": [ [ -304843.54933792481, 5345102.2142988872, 0.0 ] ] } },
{ "type": "Feature", "properties": { "id": 1820, "name": "P.K. 20,500", "descriptio": "<html><body><table border=\"1\"><tr><th>Field Name<\/th><th>Field Value<\/th><\/tr><tr><td>LINEA \/ LÍNEA<\/td><td>BILBO-DONOSTIA \/ BILBAO-SAN SEBASTIAN<\/td><\/tr><tr><td>P.K.<\/td><td>20,500<\/td><\/tr><tr><td>ITURRIA \/ FUENTE<\/td><td>Euskal Trenbide Sarea (ETS) 2", "timestamp": null, "begin": null, "end": null, "altitudemo": "absolute", "tessellate": -1, "extrude": 0, "visibility": -1, "draworder": null, "icon": null }, "geometry": { "type": "MultiPoint", "coordinates": [ [ -304712.54201713559, 5345084.9967101095, 0.0 ] ] } },
{ "type": "Feature", "properties": { "id": 1821, "name": "P.K. 20,600", "descriptio": "<html><body><table border=\"1\"><tr><th>Field Name<\/th><th>Field Value<\/th><\/tr><tr><td>LINEA \/ LÍNEA<\/td><td>BILBO-DONOSTIA \/ BILBAO-SAN SEBASTIAN<\/td><\/tr><tr><td>P.K.<\/td><td>20,600<\/td><\/tr><tr><td>ITURRIA \/ FUENTE<\/td><td>Euskal Trenbide Sarea (ETS) 2", "timestamp": null, "begin": null, "end": null, "altitudemo": "absolute", "tessellate": -1, "extrude": 0, "visibility": -1, "draworder": null, "icon": null }, "geometry": { "type": "MultiPoint", "coordinates": [ [ -304604.21005397226, 5345006.1788100488, 0.0 ] ] } },
{ "type": "Feature", "properties": { "id": 1822, "name": "P.K. 20,700", "descriptio": "<html><body><table border=\"1\"><tr><th>Field Name<\/th><th>Field Value<\/th><\/tr><tr><td>LINEA \/ LÍNEA<\/td><td>BILBO-DONOSTIA \/ BILBAO-SAN SEBASTIAN<\/td><\/tr><tr><td>P.K.<\/td><td>20,700<\/td><\/tr><tr><td>ITURRIA \/ FUENTE<\/td><td>Euskal Trenbide Sarea (ETS) 2", "timestamp": null, "begin": null, "end": null, "altitudemo": "absolute", "tessellate": -1, "extrude": 0, "visibility": -1, "draworder": null, "icon": null }, "geometry": { "type": "MultiPoint", "coordinates": [ [ -304495.82671209559, 5344922.3256788189, 0.0 ] ] } },
{ "type": "Feature", "properties": { "id": 1823, "name": "P.K. 20,800", "descriptio": "<html><body><table border=\"1\"><tr><th>Field Name<\/th><th>Field Value<\/th><\/tr><tr><td>LINEA \/ LÍNEA<\/td><td>BILBO-DONOSTIA \/ BILBAO-SAN SEBASTIAN<\/td><\/tr><tr><td>P.K.<\/td><td>20,800<\/td><\/tr><tr><td>ITURRIA \/ FUENTE<\/td><td>Euskal Trenbide Sarea (ETS) 2", "timestamp": null, "begin": null, "end": null, "altitudemo": "absolute", "tessellate": -1, "extrude": 0, "visibility": -1, "draworder": null, "icon": null }, "geometry": { "type": "MultiPoint", "coordinates": [ [ -304393.29798359046, 5344837.8102464397, 0.0 ] ] } },
{ "type": "Feature", "properties": { "id": 1824, "name": "P.K. 20,900", "descriptio": "<html><body><table border=\"1\"><tr><th>Field Name<\/th><th>Field Value<\/th><\/tr><tr><td>LINEA \/ LÍNEA<\/td><td>BILBO-DONOSTIA \/ BILBAO-SAN SEBASTIAN<\/td><\/tr><tr><td>P.K.<\/td><td>20,900<\/td><\/tr><tr><td>ITURRIA \/ FUENTE<\/td><td>Euskal Trenbide Sarea (ETS) 2", "timestamp": null, "begin": null, "end": null, "altitudemo": "absolute", "tessellate": -1, "extrude": 0, "visibility": -1, "draworder": null, "icon": null }, "geometry": { "type": "MultiPoint", "coordinates": [ [ -304286.93889424892, 5344743.214557427, 0.0 ] ] } },
{ "type": "Feature", "properties": { "id": 1825, "name": "P.K. 21,000", "descriptio": "<html><body><table border=\"1\"><tr><th>Field Name<\/th><th>Field Value<\/th><\/tr><tr><td>LINEA \/ LÍNEA<\/td><td>BILBO-DONOSTIA \/ BILBAO-SAN SEBASTIAN<\/td><\/tr><tr><td>P.K.<\/td><td>21,000<\/td><\/tr><tr><td>ITURRIA \/ FUENTE<\/td><td>Euskal Trenbide Sarea (ETS) 2", "timestamp": null, "begin": null, "end": null, "altitudemo": "absolute", "tessellate": -1, "extrude": 0, "visibility": -1, "draworder": null, "icon": null }, "geometry": { "type": "MultiPoint", "coordinates": [ [ -304204.27705230803, 5344635.3187748278, 0.0 ] ] } },
{ "type": "Feature", "properties": { "id": 1826, "name": "P.K. 21,100", "descriptio": "<html><body><table border=\"1\"><tr><th>Field Name<\/th><th>Field Value<\/th><\/tr><tr><td>LINEA \/ LÍNEA<\/td><td>BILBO-DONOSTIA \/ BILBAO-SAN SEBASTIAN<\/td><\/tr><tr><td>P.K.<\/td><td>21,100<\/td><\/tr><tr><td>ITURRIA \/ FUENTE<\/td><td>Euskal Trenbide Sarea (ETS) 2", "timestamp": null, "begin": null, "end": null, "altitudemo": "absolute", "tessellate": -1, "extrude": 0, "visibility": -1, "draworder": null, "icon": null }, "geometry": { "type": "MultiPoint", "coordinates": [ [ -304123.19168925798, 5344527.2921208842, 0.0 ] ] } },
{ "type": "Feature", "properties": { "id": 1827, "name": "P.K. 21,200", "descriptio": "<html><body><table border=\"1\"><tr><th>Field Name<\/th><th>Field Value<\/th><\/tr><tr><td>LINEA \/ LÍNEA<\/td><td>BILBO-DONOSTIA \/ BILBAO-SAN SEBASTIAN<\/td><\/tr><tr><td>P.K.<\/td><td>21,200<\/td><\/tr><tr><td>ITURRIA \/ FUENTE<\/td><td>Euskal Trenbide Sarea (ETS) 2", "timestamp": null, "begin": null, "end": null, "altitudemo": "absolute", "tessellate": -1, "extrude": 0, "visibility": -1, "draworder": null, "icon": null }, "geometry": { "type": "MultiPoint", "coordinates": [ [ -304051.19739238179, 5344406.6641571335, 0.0 ] ] } },
{ "type": "Feature", "properties": { "id": 1828, "name": "P.K. 21,300", "descriptio": "<html><body><table border=\"1\"><tr><th>Field Name<\/th><th>Field Value<\/th><\/tr><tr><td>LINEA \/ LÍNEA<\/td><td>BILBO-DONOSTIA \/ BILBAO-SAN SEBASTIAN<\/td><\/tr><tr><td>P.K.<\/td><td>21,300<\/td><\/tr><tr><td>ITURRIA \/ FUENTE<\/td><td>Euskal Trenbide Sarea (ETS) 2", "timestamp": null, "begin": null, "end": null, "altitudemo": "absolute", "tessellate": -1, "extrude": 0, "visibility": -1, "draworder": null, "icon": null }, "geometry": { "type": "MultiPoint", "coordinates": [ [ -303945.73216437944, 5344318.9297932005, 0.0 ] ] } },
{ "type": "Feature", "properties": { "id": 1829, "name": "P.K. 21,400", "descriptio": "<html><body><table border=\"1\"><tr><th>Field Name<\/th><th>Field Value<\/th><\/tr><tr><td>LINEA \/ LÍNEA<\/td><td>BILBO-DONOSTIA \/ BILBAO-SAN SEBASTIAN<\/td><\/tr><tr><td>P.K.<\/td><td>21,400<\/td><\/tr><tr><td>ITURRIA \/ FUENTE<\/td><td>Euskal Trenbide Sarea (ETS) 2", "timestamp": null, "begin": null, "end": null, "altitudemo": "absolute", "tessellate": -1, "extrude": 0, "visibility": -1, "draworder": null, "icon": null }, "geometry": { "type": "MultiPoint", "coordinates": [ [ -303833.50163795915, 5344236.8870301945, 0.0 ] ] } },
{ "type": "Feature", "properties": { "id": 1830, "name": "P.K. 21,500", "descriptio": "<html><body><table border=\"1\"><tr><th>Field Name<\/th><th>Field Value<\/th><\/tr><tr><td>LINEA \/ LÍNEA<\/td><td>BILBO-DONOSTIA \/ BILBAO-SAN SEBASTIAN<\/td><\/tr><tr><td>P.K.<\/td><td>21,500<\/td><\/tr><tr><td>ITURRIA \/ FUENTE<\/td><td>Euskal Trenbide Sarea (ETS) 2", "timestamp": null, "begin": null, "end": null, "altitudemo": "absolute", "tessellate": -1, "extrude": 0, "visibility": -1, "draworder": null, "icon": null }, "geometry": { "type": "MultiPoint", "coordinates": [ [ -303709.16435360588, 5344178.1526823388, 0.0 ] ] } },
{ "type": "Feature", "properties": { "id": 1831, "name": "P.K. 21,600", "descriptio": "<html><body><table border=\"1\"><tr><th>Field Name<\/th><th>Field Value<\/th><\/tr><tr><td>LINEA \/ LÍNEA<\/td><td>BILBO-DONOSTIA \/ BILBAO-SAN SEBASTIAN<\/td><\/tr><tr><td>P.K.<\/td><td>21,600<\/td><\/tr><tr><td>ITURRIA \/ FUENTE<\/td><td>Euskal Trenbide Sarea (ETS) 2", "timestamp": null, "begin": null, "end": null, "altitudemo": "absolute", "tessellate": -1, "extrude": 0, "visibility": -1, "draworder": null, "icon": null }, "geometry": { "type": "MultiPoint", "coordinates": [ [ -303583.46512697107, 5344126.0157446116, 0.0 ] ] } },
{ "type": "Feature", "properties": { "id": 1832, "name": "P.K. 21,700", "descriptio": "<html><body><table border=\"1\"><tr><th>Field Name<\/th><th>Field Value<\/th><\/tr><tr><td>LINEA \/ LÍNEA<\/td><td>BILBO-DONOSTIA \/ BILBAO-SAN SEBASTIAN<\/td><\/tr><tr><td>P.K.<\/td><td>21,700<\/td><\/tr><tr><td>ITURRIA \/ FUENTE<\/td><td>Euskal Trenbide Sarea (ETS) 2", "timestamp": null, "begin": null, "end": null, "altitudemo": "absolute", "tessellate": -1, "extrude": 0, "visibility": -1, "draworder": null, "icon": null }, "geometry": { "type": "MultiPoint", "coordinates": [ [ -303450.77869196341, 5344086.0877883639, 0.0 ] ] } },
{ "type": "Feature", "properties": { "id": 1833, "name": "P.K. 21,800", "descriptio": "<html><body><table border=\"1\"><tr><th>Field Name<\/th><th>Field Value<\/th><\/tr><tr><td>LINEA \/ LÍNEA<\/td><td>BILBO-DONOSTIA \/ BILBAO-SAN SEBASTIAN<\/td><\/tr><tr><td>P.K.<\/td><td>21,800<\/td><\/tr><tr><td>ITURRIA \/ FUENTE<\/td><td>Euskal Trenbide Sarea (ETS) 2", "timestamp": null, "begin": null, "end": null, "altitudemo": "absolute", "tessellate": -1, "extrude": 0, "visibility": -1, "draworder": null, "icon": null }, "geometry": { "type": "MultiPoint", "coordinates": [ [ -303322.37405608397, 5344042.3961246051, 0.0 ] ] } },
{ "type": "Feature", "properties": { "id": 1834, "name": "P.K. 21,900", "descriptio": "<html><body><table border=\"1\"><tr><th>Field Name<\/th><th>Field Value<\/th><\/tr><tr><td>LINEA \/ LÍNEA<\/td><td>BILBO-DONOSTIA \/ BILBAO-SAN SEBASTIAN<\/td><\/tr><tr><td>P.K.<\/td><td>21,900<\/td><\/tr><tr><td>ITURRIA \/ FUENTE<\/td><td>Euskal Trenbide Sarea (ETS) 2", "timestamp": null, "begin": null, "end": null, "altitudemo": "absolute", "tessellate": -1, "extrude": 0, "visibility": -1, "draworder": null, "icon": null }, "geometry": { "type": "MultiPoint", "coordinates": [ [ -303186.92828689667, 5344018.5292388154, 0.0 ] ] } },
{ "type": "Feature", "properties": { "id": 1835, "name": "P.K. 22,000", "descriptio": "<html><body><table border=\"1\"><tr><th>Field Name<\/th><th>Field Value<\/th><\/tr><tr><td>LINEA \/ LÍNEA<\/td><td>BILBO-DONOSTIA \/ BILBAO-SAN SEBASTIAN<\/td><\/tr><tr><td>P.K.<\/td><td>22,000<\/td><\/tr><tr><td>ITURRIA \/ FUENTE<\/td><td>Euskal Trenbide Sarea (ETS) 2", "timestamp": null, "begin": null, "end": null, "altitudemo": "absolute", "tessellate": -1, "extrude": 0, "visibility": -1, "draworder": null, "icon": null }, "geometry": { "type": "MultiPoint", "coordinates": [ [ -303049.18123447569, 5344002.2726312075, 0.0 ] ] } },
{ "type": "Feature", "properties": { "id": 1836, "name": "P.K. 22,100", "descriptio": "<html><body><table border=\"1\"><tr><th>Field Name<\/th><th>Field Value<\/th><\/tr><tr><td>LINEA \/ LÍNEA<\/td><td>BILBO-DONOSTIA \/ BILBAO-SAN SEBASTIAN<\/td><\/tr><tr><td>P.K.<\/td><td>22,100<\/td><\/tr><tr><td>ITURRIA \/ FUENTE<\/td><td>Euskal Trenbide Sarea (ETS) 2", "timestamp": null, "begin": null, "end": null, "altitudemo": "absolute", "tessellate": -1, "extrude": 0, "visibility": -1, "draworder": null, "icon": null }, "geometry": { "type": "MultiPoint", "coordinates": [ [ -302915.93672047288, 5343974.5953152589, 0.0 ] ] } },
{ "type": "Feature", "properties": { "id": 1837, "name": "P.K. 22,200", "descriptio": "<html><body><table border=\"1\"><tr><th>Field Name<\/th><th>Field Value<\/th><\/tr><tr><td>LINEA \/ LÍNEA<\/td><td>BILBO-DONOSTIA \/ BILBAO-SAN SEBASTIAN<\/td><\/tr><tr><td>P.K.<\/td><td>22,200<\/td><\/tr><tr><td>ITURRIA \/ FUENTE<\/td><td>Euskal Trenbide Sarea (ETS) 2", "timestamp": null, "begin": null, "end": null, "altitudemo": "absolute", "tessellate": -1, "extrude": 0, "visibility": -1, "draworder": null, "icon": null }, "geometry": { "type": "MultiPoint", "coordinates": [ [ -302795.15826866281, 5343912.9996871203, 0.0 ] ] } },
{ "type": "Feature", "properties": { "id": 1838, "name": "P.K. 22,300", "descriptio": "<html><body><table border=\"1\"><tr><th>Field Name<\/th><th>Field Value<\/th><\/tr><tr><td>LINEA \/ LÍNEA<\/td><td>BILBO-DONOSTIA \/ BILBAO-SAN SEBASTIAN<\/td><\/tr><tr><td>P.K.<\/td><td>22,300<\/td><\/tr><tr><td>ITURRIA \/ FUENTE<\/td><td>Euskal Trenbide Sarea (ETS) 2", "timestamp": null, "begin": null, "end": null, "altitudemo": "absolute", "tessellate": -1, "extrude": 0, "visibility": -1, "draworder": null, "icon": null }, "geometry": { "type": "MultiPoint", "coordinates": [ [ -302680.7890719024, 5343841.0541487038, 0.0 ] ] } },
{ "type": "Feature", "properties": { "id": 1839, "name": "P.K. 22,400", "descriptio": "<html><body><table border=\"1\"><tr><th>Field Name<\/th><th>Field Value<\/th><\/tr><tr><td>LINEA \/ LÍNEA<\/td><td>BILBO-DONOSTIA \/ BILBAO-SAN SEBASTIAN<\/td><\/tr><tr><td>P.K.<\/td><td>22,400<\/td><\/tr><tr><td>ITURRIA \/ FUENTE<\/td><td>Euskal Trenbide Sarea (ETS) 2", "timestamp": null, "begin": null, "end": null, "altitudemo": "absolute", "tessellate": -1, "extrude": 0, "visibility": -1, "draworder": null, "icon": null }, "geometry": { "type": "MultiPoint", "coordinates": [ [ -302586.74218773883, 5343737.237678661, 0.0 ] ] } },
{ "type": "Feature", "properties": { "id": 1840, "name": "P.K. 22,500", "descriptio": "<html><body><table border=\"1\"><tr><th>Field Name<\/th><th>Field Value<\/th><\/tr><tr><td>LINEA \/ LÍNEA<\/td><td>BILBO-DONOSTIA \/ BILBAO-SAN SEBASTIAN<\/td><\/tr><tr><td>P.K.<\/td><td>22,500<\/td><\/tr><tr><td>ITURRIA \/ FUENTE<\/td><td>Euskal Trenbide Sarea (ETS) 2", "timestamp": null, "begin": null, "end": null, "altitudemo": "absolute", "tessellate": -1, "extrude": 0, "visibility": -1, "draworder": null, "icon": null }, "geometry": { "type": "MultiPoint", "coordinates": [ [ -302487.36595963518, 5343644.623228915, 0.0 ] ] } },
{ "type": "Feature", "properties": { "id": 1841, "name": "P.K. 22,600", "descriptio": "<html><body><table border=\"1\"><tr><th>Field Name<\/th><th>Field Value<\/th><\/tr><tr><td>LINEA \/ LÍNEA<\/td><td>BILBO-DONOSTIA \/ BILBAO-SAN SEBASTIAN<\/td><\/tr><tr><td>P.K.<\/td><td>22,600<\/td><\/tr><tr><td>ITURRIA \/ FUENTE<\/td><td>Euskal Trenbide Sarea (ETS) 2", "timestamp": null, "begin": null, "end": null, "altitudemo": "absolute", "tessellate": -1, "extrude": 0, "visibility": -1, "draworder": null, "icon": null }, "geometry": { "type": "MultiPoint", "coordinates": [ [ -302397.58019596024, 5343539.4276301777, 0.0 ] ] } },
{ "type": "Feature", "properties": { "id": 1842, "name": "P.K. 22,700", "descriptio": "<html><body><table border=\"1\"><tr><th>Field Name<\/th><th>Field Value<\/th><\/tr><tr><td>LINEA \/ LÍNEA<\/td><td>BILBO-DONOSTIA \/ BILBAO-SAN SEBASTIAN<\/td><\/tr><tr><td>P.K.<\/td><td>22,700<\/td><\/tr><tr><td>ITURRIA \/ FUENTE<\/td><td>Euskal Trenbide Sarea (ETS) 2", "timestamp": null, "begin": null, "end": null, "altitudemo": "absolute", "tessellate": -1, "extrude": 0, "visibility": -1, "draworder": null, "icon": null }, "geometry": { "type": "MultiPoint", "coordinates": [ [ -302328.81111485895, 5343422.0813657204, 0.0 ] ] } },
{ "type": "Feature", "properties": { "id": 1843, "name": "P.K. 22,800", "descriptio": "<html><body><table border=\"1\"><tr><th>Field Name<\/th><th>Field Value<\/th><\/tr><tr><td>LINEA \/ LÍNEA<\/td><td>BILBO-DONOSTIA \/ BILBAO-SAN SEBASTIAN<\/td><\/tr><tr><td>P.K.<\/td><td>22,800<\/td><\/tr><tr><td>ITURRIA \/ FUENTE<\/td><td>Euskal Trenbide Sarea (ETS) 2", "timestamp": null, "begin": null, "end": null, "altitudemo": "absolute", "tessellate": -1, "extrude": 0, "visibility": -1, "draworder": null, "icon": null }, "geometry": { "type": "MultiPoint", "coordinates": [ [ -302285.42618370068, 5343292.2289489182, 0.0 ] ] } },
{ "type": "Feature", "properties": { "id": 1844, "name": "P.K. 22,900", "descriptio": "<html><body><table border=\"1\"><tr><th>Field Name<\/th><th>Field Value<\/th><\/tr><tr><td>LINEA \/ LÍNEA<\/td><td>BILBO-DONOSTIA \/ BILBAO-SAN SEBASTIAN<\/td><\/tr><tr><td>P.K.<\/td><td>22,900<\/td><\/tr><tr><td>ITURRIA \/ FUENTE<\/td><td>Euskal Trenbide Sarea (ETS) 2", "timestamp": null, "begin": null, "end": null, "altitudemo": "absolute", "tessellate": -1, "extrude": 0, "visibility": -1, "draworder": null, "icon": null }, "geometry": { "type": "MultiPoint", "coordinates": [ [ -302230.10758963128, 5343166.4923829623, 0.0 ] ] } },
{ "type": "Feature", "properties": { "id": 1845, "name": "P.K. 23,000", "descriptio": "<html><body><table border=\"1\"><tr><th>Field Name<\/th><th>Field Value<\/th><\/tr><tr><td>LINEA \/ LÍNEA<\/td><td>BILBO-DONOSTIA \/ BILBAO-SAN SEBASTIAN<\/td><\/tr><tr><td>P.K.<\/td><td>23,000<\/td><\/tr><tr><td>ITURRIA \/ FUENTE<\/td><td>Euskal Trenbide Sarea (ETS) 2", "timestamp": null, "begin": null, "end": null, "altitudemo": "absolute", "tessellate": -1, "extrude": 0, "visibility": -1, "draworder": null, "icon": null }, "geometry": { "type": "MultiPoint", "coordinates": [ [ -302176.2707251946, 5343037.0678029191, 0.0 ] ] } },
{ "type": "Feature", "properties": { "id": 1846, "name": "P.K. 23,100", "descriptio": "<html><body><table border=\"1\"><tr><th>Field Name<\/th><th>Field Value<\/th><\/tr><tr><td>LINEA \/ LÍNEA<\/td><td>BILBO-DONOSTIA \/ BILBAO-SAN SEBASTIAN<\/td><\/tr><tr><td>P.K.<\/td><td>23,100<\/td><\/tr><tr><td>ITURRIA \/ FUENTE<\/td><td>Euskal Trenbide Sarea (ETS) 2", "timestamp": null, "begin": null, "end": null, "altitudemo": "absolute", "tessellate": -1, "extrude": 0, "visibility": -1, "draworder": null, "icon": null }, "geometry": { "type": "MultiPoint", "coordinates": [ [ -302095.72444013605, 5342932.1786113475, 0.0 ] ] } },
{ "type": "Feature", "properties": { "id": 1847, "name": "P.K. 23,200", "descriptio": "<html><body><table border=\"1\"><tr><th>Field Name<\/th><th>Field Value<\/th><\/tr><tr><td>LINEA \/ LÍNEA<\/td><td>BILBO-DONOSTIA \/ BILBAO-SAN SEBASTIAN<\/td><\/tr><tr><td>P.K.<\/td><td>23,200<\/td><\/tr><tr><td>ITURRIA \/ FUENTE<\/td><td>Euskal Trenbide Sarea (ETS) 2", "timestamp": null, "begin": null, "end": null, "altitudemo": "absolute", "tessellate": -1, "extrude": 0, "visibility": -1, "draworder": null, "icon": null }, "geometry": { "type": "MultiPoint", "coordinates": [ [ -302018.28650659055, 5342814.3569475068, 0.0 ] ] } },
{ "type": "Feature", "properties": { "id": 1848, "name": "P.K. 23,300", "descriptio": "<html><body><table border=\"1\"><tr><th>Field Name<\/th><th>Field Value<\/th><\/tr><tr><td>LINEA \/ LÍNEA<\/td><td>BILBO-DONOSTIA \/ BILBAO-SAN SEBASTIAN<\/td><\/tr><tr><td>P.K.<\/td><td>23,300<\/td><\/tr><tr><td>ITURRIA \/ FUENTE<\/td><td>Euskal Trenbide Sarea (ETS) 2", "timestamp": null, "begin": null, "end": null, "altitudemo": "absolute", "tessellate": -1, "extrude": 0, "visibility": -1, "draworder": null, "icon": null }, "geometry": { "type": "MultiPoint", "coordinates": [ [ -301932.47640273836, 5342709.527580536, 0.0 ] ] } },
{ "type": "Feature", "properties": { "id": 1849, "name": "P.K. 23,400", "descriptio": "<html><body><table border=\"1\"><tr><th>Field Name<\/th><th>Field Value<\/th><\/tr><tr><td>LINEA \/ LÍNEA<\/td><td>BILBO-DONOSTIA \/ BILBAO-SAN SEBASTIAN<\/td><\/tr><tr><td>P.K.<\/td><td>23,400<\/td><\/tr><tr><td>ITURRIA \/ FUENTE<\/td><td>Euskal Trenbide Sarea (ETS) 2", "timestamp": null, "begin": null, "end": null, "altitudemo": "absolute", "tessellate": -1, "extrude": 0, "visibility": -1, "draworder": null, "icon": null }, "geometry": { "type": "MultiPoint", "coordinates": [ [ -301857.53575660079, 5342596.2131729918, 0.0 ] ] } },
{ "type": "Feature", "properties": { "id": 1850, "name": "P.K. 23,500", "descriptio": "<html><body><table border=\"1\"><tr><th>Field Name<\/th><th>Field Value<\/th><\/tr><tr><td>LINEA \/ LÍNEA<\/td><td>BILBO-DONOSTIA \/ BILBAO-SAN SEBASTIAN<\/td><\/tr><tr><td>P.K.<\/td><td>23,500<\/td><\/tr><tr><td>ITURRIA \/ FUENTE<\/td><td>Euskal Trenbide Sarea (ETS) 2", "timestamp": null, "begin": null, "end": null, "altitudemo": "absolute", "tessellate": -1, "extrude": 0, "visibility": -1, "draworder": null, "icon": null }, "geometry": { "type": "MultiPoint", "coordinates": [ [ -301775.22793859045, 5342484.151873921, 0.0 ] ] } },
{ "type": "Feature", "properties": { "id": 1851, "name": "P.K. 23,600", "descriptio": "<html><body><table border=\"1\"><tr><th>Field Name<\/th><th>Field Value<\/th><\/tr><tr><td>LINEA \/ LÍNEA<\/td><td>BILBO-DONOSTIA \/ BILBAO-SAN SEBASTIAN<\/td><\/tr><tr><td>P.K.<\/td><td>23,600<\/td><\/tr><tr><td>ITURRIA \/ FUENTE<\/td><td>Euskal Trenbide Sarea (ETS) 2", "timestamp": null, "begin": null, "end": null, "altitudemo": "absolute", "tessellate": -1, "extrude": 0, "visibility": -1, "draworder": null, "icon": null }, "geometry": { "type": "MultiPoint", "coordinates": [ [ -301709.35455680714, 5342363.4249981744, 0.0 ] ] } },
{ "type": "Feature", "properties": { "id": 1852, "name": "P.K. 23,700", "descriptio": "<html><body><table border=\"1\"><tr><th>Field Name<\/th><th>Field Value<\/th><\/tr><tr><td>LINEA \/ LÍNEA<\/td><td>BILBO-DONOSTIA \/ BILBAO-SAN SEBASTIAN<\/td><\/tr><tr><td>P.K.<\/td><td>23,700<\/td><\/tr><tr><td>ITURRIA \/ FUENTE<\/td><td>Euskal Trenbide Sarea (ETS) 2", "timestamp": null, "begin": null, "end": null, "altitudemo": "absolute", "tessellate": -1, "extrude": 0, "visibility": -1, "draworder": null, "icon": null }, "geometry": { "type": "MultiPoint", "coordinates": [ [ -301636.63904139132, 5342246.8235592609, 0.0 ] ] } },
{ "type": "Feature", "properties": { "id": 1853, "name": "P.K. 23,800", "descriptio": "<html><body><table border=\"1\"><tr><th>Field Name<\/th><th>Field Value<\/th><\/tr><tr><td>LINEA \/ LÍNEA<\/td><td>BILBO-DONOSTIA \/ BILBAO-SAN SEBASTIAN<\/td><\/tr><tr><td>P.K.<\/td><td>23,800<\/td><\/tr><tr><td>ITURRIA \/ FUENTE<\/td><td>Euskal Trenbide Sarea (ETS) 2", "timestamp": null, "begin": null, "end": null, "altitudemo": "absolute", "tessellate": -1, "extrude": 0, "visibility": -1, "draworder": null, "icon": null }, "geometry": { "type": "MultiPoint", "coordinates": [ [ -301552.9804727934, 5342138.4865564015, 0.0 ] ] } },
{ "type": "Feature", "properties": { "id": 1854, "name": "P.K. 23,900", "descriptio": "<html><body><table border=\"1\"><tr><th>Field Name<\/th><th>Field Value<\/th><\/tr><tr><td>LINEA \/ LÍNEA<\/td><td>BILBO-DONOSTIA \/ BILBAO-SAN SEBASTIAN<\/td><\/tr><tr><td>P.K.<\/td><td>23,900<\/td><\/tr><tr><td>ITURRIA \/ FUENTE<\/td><td>Euskal Trenbide Sarea (ETS) 2", "timestamp": null, "begin": null, "end": null, "altitudemo": "absolute", "tessellate": -1, "extrude": 0, "visibility": -1, "draworder": null, "icon": null }, "geometry": { "type": "MultiPoint", "coordinates": [ [ -301438.95574892499, 5342061.0258809058, 0.0 ] ] } },
{ "type": "Feature", "properties": { "id": 1855, "name": "P.K. 24,000", "descriptio": "<html><body><table border=\"1\"><tr><th>Field Name<\/th><th>Field Value<\/th><\/tr><tr><td>LINEA \/ LÍNEA<\/td><td>BILBO-DONOSTIA \/ BILBAO-SAN SEBASTIAN<\/td><\/tr><tr><td>P.K.<\/td><td>24,000<\/td><\/tr><tr><td>ITURRIA \/ FUENTE<\/td><td>Euskal Trenbide Sarea (ETS) 2", "timestamp": null, "begin": null, "end": null, "altitudemo": "absolute", "tessellate": -1, "extrude": 0, "visibility": -1, "draworder": null, "icon": null }, "geometry": { "type": "MultiPoint", "coordinates": [ [ -301319.14573458786, 5341999.2414822076, 0.0 ] ] } },
{ "type": "Feature", "properties": { "id": 1856, "name": "P.K. 24,100", "descriptio": "<html><body><table border=\"1\"><tr><th>Field Name<\/th><th>Field Value<\/th><\/tr><tr><td>LINEA \/ LÍNEA<\/td><td>BILBO-DONOSTIA \/ BILBAO-SAN SEBASTIAN<\/td><\/tr><tr><td>P.K.<\/td><td>24,100<\/td><\/tr><tr><td>ITURRIA \/ FUENTE<\/td><td>Euskal Trenbide Sarea (ETS) 2", "timestamp": null, "begin": null, "end": null, "altitudemo": "absolute", "tessellate": -1, "extrude": 0, "visibility": -1, "draworder": null, "icon": null }, "geometry": { "type": "MultiPoint", "coordinates": [ [ -301182.37059497973, 5341974.5522051658, 0.0 ] ] } },
{ "type": "Feature", "properties": { "id": 1857, "name": "P.K. 24,200", "descriptio": "<html><body><table border=\"1\"><tr><th>Field Name<\/th><th>Field Value<\/th><\/tr><tr><td>LINEA \/ LÍNEA<\/td><td>BILBO-DONOSTIA \/ BILBAO-SAN SEBASTIAN<\/td><\/tr><tr><td>P.K.<\/td><td>24,200<\/td><\/tr><tr><td>ITURRIA \/ FUENTE<\/td><td>Euskal Trenbide Sarea (ETS) 2", "timestamp": null, "begin": null, "end": null, "altitudemo": "absolute", "tessellate": -1, "extrude": 0, "visibility": -1, "draworder": null, "icon": null }, "geometry": { "type": "MultiPoint", "coordinates": [ [ -301045.90482856106, 5341969.2209595963, 0.0 ] ] } },
{ "type": "Feature", "properties": { "id": 1858, "name": "P.K. 24,300", "descriptio": "<html><body><table border=\"1\"><tr><th>Field Name<\/th><th>Field Value<\/th><\/tr><tr><td>LINEA \/ LÍNEA<\/td><td>BILBO-DONOSTIA \/ BILBAO-SAN SEBASTIAN<\/td><\/tr><tr><td>P.K.<\/td><td>24,300<\/td><\/tr><tr><td>ITURRIA \/ FUENTE<\/td><td>Euskal Trenbide Sarea (ETS) 2", "timestamp": null, "begin": null, "end": null, "altitudemo": "absolute", "tessellate": -1, "extrude": 0, "visibility": -1, "draworder": null, "icon": null }, "geometry": { "type": "MultiPoint", "coordinates": [ [ -300912.02367083594, 5342000.6075024121, 0.0 ] ] } },
{ "type": "Feature", "properties": { "id": 1859, "name": "P.K. 24,400", "descriptio": "<html><body><table border=\"1\"><tr><th>Field Name<\/th><th>Field Value<\/th><\/tr><tr><td>LINEA \/ LÍNEA<\/td><td>BILBO-DONOSTIA \/ BILBAO-SAN SEBASTIAN<\/td><\/tr><tr><td>P.K.<\/td><td>24,400<\/td><\/tr><tr><td>ITURRIA \/ FUENTE<\/td><td>Euskal Trenbide Sarea (ETS) 2", "timestamp": null, "begin": null, "end": null, "altitudemo": "absolute", "tessellate": -1, "extrude": 0, "visibility": -1, "draworder": null, "icon": null }, "geometry": { "type": "MultiPoint", "coordinates": [ [ -300777.20535382273, 5342016.2156755859, 0.0 ] ] } },
{ "type": "Feature", "properties": { "id": 1860, "name": "P.K. 24,500", "descriptio": "<html><body><table border=\"1\"><tr><th>Field Name<\/th><th>Field Value<\/th><\/tr><tr><td>LINEA \/ LÍNEA<\/td><td>BILBO-DONOSTIA \/ BILBAO-SAN SEBASTIAN<\/td><\/tr><tr><td>P.K.<\/td><td>24,500<\/td><\/tr><tr><td>ITURRIA \/ FUENTE<\/td><td>Euskal Trenbide Sarea (ETS) 2", "timestamp": null, "begin": null, "end": null, "altitudemo": "absolute", "tessellate": -1, "extrude": 0, "visibility": -1, "draworder": null, "icon": null }, "geometry": { "type": "MultiPoint", "coordinates": [ [ -300639.70647095161, 5342009.4447064782, 0.0 ] ] } },
{ "type": "Feature", "properties": { "id": 1861, "name": "P.K. 24,600", "descriptio": "<html><body><table border=\"1\"><tr><th>Field Name<\/th><th>Field Value<\/th><\/tr><tr><td>LINEA \/ LÍNEA<\/td><td>BILBO-DONOSTIA \/ BILBAO-SAN SEBASTIAN<\/td><\/tr><tr><td>P.K.<\/td><td>24,600<\/td><\/tr><tr><td>ITURRIA \/ FUENTE<\/td><td>Euskal Trenbide Sarea (ETS) 2", "timestamp": null, "begin": null, "end": null, "altitudemo": "absolute", "tessellate": -1, "extrude": 0, "visibility": -1, "draworder": null, "icon": null }, "geometry": { "type": "MultiPoint", "coordinates": [ [ -300514.62385939842, 5341960.9219466057, 0.0 ] ] } },
{ "type": "Feature", "properties": { "id": 1862, "name": "P.K. 24,700", "descriptio": "<html><body><table border=\"1\"><tr><th>Field Name<\/th><th>Field Value<\/th><\/tr><tr><td>LINEA \/ LÍNEA<\/td><td>BILBO-DONOSTIA \/ BILBAO-SAN SEBASTIAN<\/td><\/tr><tr><td>P.K.<\/td><td>24,700<\/td><\/tr><tr><td>ITURRIA \/ FUENTE<\/td><td>Euskal Trenbide Sarea (ETS) 2", "timestamp": null, "begin": null, "end": null, "altitudemo": "absolute", "tessellate": -1, "extrude": 0, "visibility": -1, "draworder": null, "icon": null }, "geometry": { "type": "MultiPoint", "coordinates": [ [ -300398.65516789316, 5341892.0523562124, 0.0 ] ] } },
{ "type": "Feature", "properties": { "id": 1863, "name": "P.K. 24,800", "descriptio": "<html><body><table border=\"1\"><tr><th>Field Name<\/th><th>Field Value<\/th><\/tr><tr><td>LINEA \/ LÍNEA<\/td><td>BILBO-DONOSTIA \/ BILBAO-SAN SEBASTIAN<\/td><\/tr><tr><td>P.K.<\/td><td>24,800<\/td><\/tr><tr><td>ITURRIA \/ FUENTE<\/td><td>Euskal Trenbide Sarea (ETS) 2", "timestamp": null, "begin": null, "end": null, "altitudemo": "absolute", "tessellate": -1, "extrude": 0, "visibility": -1, "draworder": null, "icon": null }, "geometry": { "type": "MultiPoint", "coordinates": [ [ -300310.88597474294, 5341787.460349476, 0.0 ] ] } },
{ "type": "Feature", "properties": { "id": 1864, "name": "P.K. 24,900", "descriptio": "<html><body><table border=\"1\"><tr><th>Field Name<\/th><th>Field Value<\/th><\/tr><tr><td>LINEA \/ LÍNEA<\/td><td>BILBO-DONOSTIA \/ BILBAO-SAN SEBASTIAN<\/td><\/tr><tr><td>P.K.<\/td><td>24,900<\/td><\/tr><tr><td>ITURRIA \/ FUENTE<\/td><td>Euskal Trenbide Sarea (ETS) 2", "timestamp": null, "begin": null, "end": null, "altitudemo": "absolute", "tessellate": -1, "extrude": 0, "visibility": -1, "draworder": null, "icon": null }, "geometry": { "type": "MultiPoint", "coordinates": [ [ -300246.67749973084, 5341664.1451241253, 0.0 ] ] } },
{ "type": "Feature", "properties": { "id": 1865, "name": "P.K. 25,000", "descriptio": "<html><body><table border=\"1\"><tr><th>Field Name<\/th><th>Field Value<\/th><\/tr><tr><td>LINEA \/ LÍNEA<\/td><td>BILBO-DONOSTIA \/ BILBAO-SAN SEBASTIAN<\/td><\/tr><tr><td>P.K.<\/td><td>25,000<\/td><\/tr><tr><td>ITURRIA \/ FUENTE<\/td><td>Euskal Trenbide Sarea (ETS) 2", "timestamp": null, "begin": null, "end": null, "altitudemo": "absolute", "tessellate": -1, "extrude": 0, "visibility": -1, "draworder": null, "icon": null }, "geometry": { "type": "MultiPoint", "coordinates": [ [ -300173.04067905212, 5341551.2363481987, 0.0 ] ] } },
{ "type": "Feature", "properties": { "id": 1866, "name": "P.K. 25,100", "descriptio": "<html><body><table border=\"1\"><tr><th>Field Name<\/th><th>Field Value<\/th><\/tr><tr><td>LINEA \/ LÍNEA<\/td><td>BILBO-DONOSTIA \/ BILBAO-SAN SEBASTIAN<\/td><\/tr><tr><td>P.K.<\/td><td>25,100<\/td><\/tr><tr><td>ITURRIA \/ FUENTE<\/td><td>Euskal Trenbide Sarea (ETS) 2", "timestamp": null, "begin": null, "end": null, "altitudemo": "absolute", "tessellate": -1, "extrude": 0, "visibility": -1, "draworder": null, "icon": null }, "geometry": { "type": "MultiPoint", "coordinates": [ [ -300098.85122175259, 5341435.6670329999, 0.0 ] ] } },
{ "type": "Feature", "properties": { "id": 1867, "name": "P.K. 25,200", "descriptio": "<html><body><table border=\"1\"><tr><th>Field Name<\/th><th>Field Value<\/th><\/tr><tr><td>LINEA \/ LÍNEA<\/td><td>BILBO-DONOSTIA \/ BILBAO-SAN SEBASTIAN<\/td><\/tr><tr><td>P.K.<\/td><td>25,200<\/td><\/tr><tr><td>ITURRIA \/ FUENTE<\/td><td>Euskal Trenbide Sarea (ETS) 2", "timestamp": null, "begin": null, "end": null, "altitudemo": "absolute", "tessellate": -1, "extrude": 0, "visibility": -1, "draworder": null, "icon": null }, "geometry": { "type": "MultiPoint", "coordinates": [ [ -300039.51818406821, 5341310.560048487, 0.0 ] ] } },
{ "type": "Feature", "properties": { "id": 1868, "name": "P.K. 25,300", "descriptio": "<html><body><table border=\"1\"><tr><th>Field Name<\/th><th>Field Value<\/th><\/tr><tr><td>LINEA \/ LÍNEA<\/td><td>BILBO-DONOSTIA \/ BILBAO-SAN SEBASTIAN<\/td><\/tr><tr><td>P.K.<\/td><td>25,300<\/td><\/tr><tr><td>ITURRIA \/ FUENTE<\/td><td>Euskal Trenbide Sarea (ETS) 2", "timestamp": null, "begin": null, "end": null, "altitudemo": "absolute", "tessellate": -1, "extrude": 0, "visibility": -1, "draworder": null, "icon": null }, "geometry": { "type": "MultiPoint", "coordinates": [ [ -299985.88459526765, 5341162.4848613227, 0.0 ] ] } },
{ "type": "Feature", "properties": { "id": 1869, "name": "P.K. 25,400", "descriptio": "<html><body><table border=\"1\"><tr><th>Field Name<\/th><th>Field Value<\/th><\/tr><tr><td>LINEA \/ LÍNEA<\/td><td>BILBO-DONOSTIA \/ BILBAO-SAN SEBASTIAN<\/td><\/tr><tr><td>P.K.<\/td><td>25,400<\/td><\/tr><tr><td>ITURRIA \/ FUENTE<\/td><td>Euskal Trenbide Sarea (ETS) 2", "timestamp": null, "begin": null, "end": null, "altitudemo": "absolute", "tessellate": -1, "extrude": 0, "visibility": -1, "draworder": null, "icon": null }, "geometry": { "type": "MultiPoint", "coordinates": [ [ -299935.83850950049, 5341034.4777701879, 0.0 ] ] } },
{ "type": "Feature", "properties": { "id": 1870, "name": "P.K. 25,500", "descriptio": "<html><body><table border=\"1\"><tr><th>Field Name<\/th><th>Field Value<\/th><\/tr><tr><td>LINEA \/ LÍNEA<\/td><td>BILBO-DONOSTIA \/ BILBAO-SAN SEBASTIAN<\/td><\/tr><tr><td>P.K.<\/td><td>25,500<\/td><\/tr><tr><td>ITURRIA \/ FUENTE<\/td><td>Euskal Trenbide Sarea (ETS) 2", "timestamp": null, "begin": null, "end": null, "altitudemo": "absolute", "tessellate": -1, "extrude": 0, "visibility": -1, "draworder": null, "icon": null }, "geometry": { "type": "MultiPoint", "coordinates": [ [ -299849.96232972114, 5340928.142427519, 0.0 ] ] } },
{ "type": "Feature", "properties": { "id": 1871, "name": "P.K. 25,600", "descriptio": "<html><body><table border=\"1\"><tr><th>Field Name<\/th><th>Field Value<\/th><\/tr><tr><td>LINEA \/ LÍNEA<\/td><td>BILBO-DONOSTIA \/ BILBAO-SAN SEBASTIAN<\/td><\/tr><tr><td>P.K.<\/td><td>25,600<\/td><\/tr><tr><td>ITURRIA \/ FUENTE<\/td><td>Euskal Trenbide Sarea (ETS) 2", "timestamp": null, "begin": null, "end": null, "altitudemo": "absolute", "tessellate": -1, "extrude": 0, "visibility": -1, "draworder": null, "icon": null }, "geometry": { "type": "MultiPoint", "coordinates": [ [ -299747.81905576884, 5340839.4149813205, 0.0 ] ] } },
{ "type": "Feature", "properties": { "id": 1872, "name": "P.K. 25,700", "descriptio": "<html><body><table border=\"1\"><tr><th>Field Name<\/th><th>Field Value<\/th><\/tr><tr><td>LINEA \/ LÍNEA<\/td><td>BILBO-DONOSTIA \/ BILBAO-SAN SEBASTIAN<\/td><\/tr><tr><td>P.K.<\/td><td>25,700<\/td><\/tr><tr><td>ITURRIA \/ FUENTE<\/td><td>Euskal Trenbide Sarea (ETS) 2", "timestamp": null, "begin": null, "end": null, "altitudemo": "absolute", "tessellate": -1, "extrude": 0, "visibility": -1, "draworder": null, "icon": null }, "geometry": { "type": "MultiPoint", "coordinates": [ [ -299642.78044469969, 5340748.3676235452, 0.0 ] ] } },
{ "type": "Feature", "properties": { "id": 1873, "name": "P.K. 25,800", "descriptio": "<html><body><table border=\"1\"><tr><th>Field Name<\/th><th>Field Value<\/th><\/tr><tr><td>LINEA \/ LÍNEA<\/td><td>BILBO-DONOSTIA \/ BILBAO-SAN SEBASTIAN<\/td><\/tr><tr><td>P.K.<\/td><td>25,800<\/td><\/tr><tr><td>ITURRIA \/ FUENTE<\/td><td>Euskal Trenbide Sarea (ETS) 2", "timestamp": null, "begin": null, "end": null, "altitudemo": "absolute", "tessellate": -1, "extrude": 0, "visibility": -1, "draworder": null, "icon": null }, "geometry": { "type": "MultiPoint", "coordinates": [ [ -299540.92460412375, 5340660.7391549349, 0.0 ] ] } },
{ "type": "Feature", "properties": { "id": 1874, "name": "P.K. 25,900", "descriptio": "<html><body><table border=\"1\"><tr><th>Field Name<\/th><th>Field Value<\/th><\/tr><tr><td>LINEA \/ LÍNEA<\/td><td>BILBO-DONOSTIA \/ BILBAO-SAN SEBASTIAN<\/td><\/tr><tr><td>P.K.<\/td><td>25,900<\/td><\/tr><tr><td>ITURRIA \/ FUENTE<\/td><td>Euskal Trenbide Sarea (ETS) 2", "timestamp": null, "begin": null, "end": null, "altitudemo": "absolute", "tessellate": -1, "extrude": 0, "visibility": -1, "draworder": null, "icon": null }, "geometry": { "type": "MultiPoint", "coordinates": [ [ -299429.07126301719, 5340580.7092759339, 0.0 ] ] } },
{ "type": "Feature", "properties": { "id": 1875, "name": "P.K. 26,000", "descriptio": "<html><body><table border=\"1\"><tr><th>Field Name<\/th><th>Field Value<\/th><\/tr><tr><td>LINEA \/ LÍNEA<\/td><td>BILBO-DONOSTIA \/ BILBAO-SAN SEBASTIAN<\/td><\/tr><tr><td>P.K.<\/td><td>26,000<\/td><\/tr><tr><td>ITURRIA \/ FUENTE<\/td><td>Euskal Trenbide Sarea (ETS) 2", "timestamp": null, "begin": null, "end": null, "altitudemo": "absolute", "tessellate": -1, "extrude": 0, "visibility": -1, "draworder": null, "icon": null }, "geometry": { "type": "MultiPoint", "coordinates": [ [ -299314.7100563483, 5340505.3691814858, 0.0 ] ] } },
{ "type": "Feature", "properties": { "id": 1876, "name": "P.K. 26,100", "descriptio": "<html><body><table border=\"1\"><tr><th>Field Name<\/th><th>Field Value<\/th><\/tr><tr><td>LINEA \/ LÍNEA<\/td><td>BILBO-DONOSTIA \/ BILBAO-SAN SEBASTIAN<\/td><\/tr><tr><td>P.K.<\/td><td>26,100<\/td><\/tr><tr><td>ITURRIA \/ FUENTE<\/td><td>Euskal Trenbide Sarea (ETS) 2", "timestamp": null, "begin": null, "end": null, "altitudemo": "absolute", "tessellate": -1, "extrude": 0, "visibility": -1, "draworder": null, "icon": null }, "geometry": { "type": "MultiPoint", "coordinates": [ [ -299199.47237240191, 5340431.5617584176, 0.0 ] ] } },
{ "type": "Feature", "properties": { "id": 1877, "name": "P.K. 26,200", "descriptio": "<html><body><table border=\"1\"><tr><th>Field Name<\/th><th>Field Value<\/th><\/tr><tr><td>LINEA \/ LÍNEA<\/td><td>BILBO-DONOSTIA \/ BILBAO-SAN SEBASTIAN<\/td><\/tr><tr><td>P.K.<\/td><td>26,200<\/td><\/tr><tr><td>ITURRIA \/ FUENTE<\/td><td>Euskal Trenbide Sarea (ETS) 2", "timestamp": null, "begin": null, "end": null, "altitudemo": "absolute", "tessellate": -1, "extrude": 0, "visibility": -1, "draworder": null, "icon": null }, "geometry": { "type": "MultiPoint", "coordinates": [ [ -299080.34993140778, 5340363.6881812681, 0.0 ] ] } },
{ "type": "Feature", "properties": { "id": 1878, "name": "P.K. 26,300", "descriptio": "<html><body><table border=\"1\"><tr><th>Field Name<\/th><th>Field Value<\/th><\/tr><tr><td>LINEA \/ LÍNEA<\/td><td>BILBO-DONOSTIA \/ BILBAO-SAN SEBASTIAN<\/td><\/tr><tr><td>P.K.<\/td><td>26,300<\/td><\/tr><tr><td>ITURRIA \/ FUENTE<\/td><td>Euskal Trenbide Sarea (ETS) 2", "timestamp": null, "begin": null, "end": null, "altitudemo": "absolute", "tessellate": -1, "extrude": 0, "visibility": -1, "draworder": null, "icon": null }, "geometry": { "type": "MultiPoint", "coordinates": [ [ -298954.29352018028, 5340308.9218636435, 0.0 ] ] } },
{ "type": "Feature", "properties": { "id": 1879, "name": "P.K. 26,400", "descriptio": "<html><body><table border=\"1\"><tr><th>Field Name<\/th><th>Field Value<\/th><\/tr><tr><td>LINEA \/ LÍNEA<\/td><td>BILBO-DONOSTIA \/ BILBAO-SAN SEBASTIAN<\/td><\/tr><tr><td>P.K.<\/td><td>26,400<\/td><\/tr><tr><td>ITURRIA \/ FUENTE<\/td><td>Euskal Trenbide Sarea (ETS) 2", "timestamp": null, "begin": null, "end": null, "altitudemo": "absolute", "tessellate": -1, "extrude": 0, "visibility": -1, "draworder": null, "icon": null }, "geometry": { "type": "MultiPoint", "coordinates": [ [ -298823.76844564499, 5340268.4811544698, 0.0 ] ] } },
{ "type": "Feature", "properties": { "id": 1880, "name": "P.K. 26,500", "descriptio": "<html><body><table border=\"1\"><tr><th>Field Name<\/th><th>Field Value<\/th><\/tr><tr><td>LINEA \/ LÍNEA<\/td><td>BILBO-DONOSTIA \/ BILBAO-SAN SEBASTIAN<\/td><\/tr><tr><td>P.K.<\/td><td>26,500<\/td><\/tr><tr><td>ITURRIA \/ FUENTE<\/td><td>Euskal Trenbide Sarea (ETS) 2", "timestamp": null, "begin": null, "end": null, "altitudemo": "absolute", "tessellate": -1, "extrude": 0, "visibility": -1, "draworder": null, "icon": null }, "geometry": { "type": "MultiPoint", "coordinates": [ [ -298689.95339260215, 5340240.9014825039, 0.0 ] ] } },
{ "type": "Feature", "properties": { "id": 1881, "name": "P.K. 26,600", "descriptio": "<html><body><table border=\"1\"><tr><th>Field Name<\/th><th>Field Value<\/th><\/tr><tr><td>LINEA \/ LÍNEA<\/td><td>BILBO-DONOSTIA \/ BILBAO-SAN SEBASTIAN<\/td><\/tr><tr><td>P.K.<\/td><td>26,600<\/td><\/tr><tr><td>ITURRIA \/ FUENTE<\/td><td>Euskal Trenbide Sarea (ETS) 2", "timestamp": null, "begin": null, "end": null, "altitudemo": "absolute", "tessellate": -1, "extrude": 0, "visibility": -1, "draworder": null, "icon": null }, "geometry": { "type": "MultiPoint", "coordinates": [ [ -298556.27942088537, 5340224.8985727755, 0.0 ] ] } },
{ "type": "Feature", "properties": { "id": 1882, "name": "P.K. 26,700", "descriptio": "<html><body><table border=\"1\"><tr><th>Field Name<\/th><th>Field Value<\/th><\/tr><tr><td>LINEA \/ LÍNEA<\/td><td>BILBO-DONOSTIA \/ BILBAO-SAN SEBASTIAN<\/td><\/tr><tr><td>P.K.<\/td><td>26,700<\/td><\/tr><tr><td>ITURRIA \/ FUENTE<\/td><td>Euskal Trenbide Sarea (ETS) 2", "timestamp": null, "begin": null, "end": null, "altitudemo": "absolute", "tessellate": -1, "extrude": 0, "visibility": -1, "draworder": null, "icon": null }, "geometry": { "type": "MultiPoint", "coordinates": [ [ -298422.07388715987, 5340223.0560236741, 0.0 ] ] } },
{ "type": "Feature", "properties": { "id": 1883, "name": "P.K. 26,800", "descriptio": "<html><body><table border=\"1\"><tr><th>Field Name<\/th><th>Field Value<\/th><\/tr><tr><td>LINEA \/ LÍNEA<\/td><td>BILBO-DONOSTIA \/ BILBAO-SAN SEBASTIAN<\/td><\/tr><tr><td>P.K.<\/td><td>26,800<\/td><\/tr><tr><td>ITURRIA \/ FUENTE<\/td><td>Euskal Trenbide Sarea (ETS) 2", "timestamp": null, "begin": null, "end": null, "altitudemo": "absolute", "tessellate": -1, "extrude": 0, "visibility": -1, "draworder": null, "icon": null }, "geometry": { "type": "MultiPoint", "coordinates": [ [ -298285.66642580077, 5340221.7676970698, 0.0 ] ] } },
{ "type": "Feature", "properties": { "id": 1884, "name": "P.K. 26,900", "descriptio": "<html><body><table border=\"1\"><tr><th>Field Name<\/th><th>Field Value<\/th><\/tr><tr><td>LINEA \/ LÍNEA<\/td><td>BILBO-DONOSTIA \/ BILBAO-SAN SEBASTIAN<\/td><\/tr><tr><td>P.K.<\/td><td>26,900<\/td><\/tr><tr><td>ITURRIA \/ FUENTE<\/td><td>Euskal Trenbide Sarea (ETS) 2", "timestamp": null, "begin": null, "end": null, "altitudemo": "absolute", "tessellate": -1, "extrude": 0, "visibility": -1, "draworder": null, "icon": null }, "geometry": { "type": "MultiPoint", "coordinates": [ [ -298146.63355745806, 5340223.6175383432, 0.0 ] ] } },
{ "type": "Feature", "properties": { "id": 1885, "name": "P.K. 27,000", "descriptio": "<html><body><table border=\"1\"><tr><th>Field Name<\/th><th>Field Value<\/th><\/tr><tr><td>LINEA \/ LÍNEA<\/td><td>BILBO-DONOSTIA \/ BILBAO-SAN SEBASTIAN<\/td><\/tr><tr><td>P.K.<\/td><td>27,000<\/td><\/tr><tr><td>ITURRIA \/ FUENTE<\/td><td>Euskal Trenbide Sarea (ETS) 2", "timestamp": null, "begin": null, "end": null, "altitudemo": "absolute", "tessellate": -1, "extrude": 0, "visibility": -1, "draworder": null, "icon": null }, "geometry": { "type": "MultiPoint", "coordinates": [ [ -298011.08027544967, 5340215.4408549368, 0.0 ] ] } },
{ "type": "Feature", "properties": { "id": 1886, "name": "P.K. 27,100", "descriptio": "<html><body><table border=\"1\"><tr><th>Field Name<\/th><th>Field Value<\/th><\/tr><tr><td>LINEA \/ LÍNEA<\/td><td>BILBO-DONOSTIA \/ BILBAO-SAN SEBASTIAN<\/td><\/tr><tr><td>P.K.<\/td><td>27,100<\/td><\/tr><tr><td>ITURRIA \/ FUENTE<\/td><td>Euskal Trenbide Sarea (ETS) 2", "timestamp": null, "begin": null, "end": null, "altitudemo": "absolute", "tessellate": -1, "extrude": 0, "visibility": -1, "draworder": null, "icon": null }, "geometry": { "type": "MultiPoint", "coordinates": [ [ -297872.59777373623, 5340209.6085526468, 0.0 ] ] } },
{ "type": "Feature", "properties": { "id": 1887, "name": "P.K. 27,200", "descriptio": "<html><body><table border=\"1\"><tr><th>Field Name<\/th><th>Field Value<\/th><\/tr><tr><td>LINEA \/ LÍNEA<\/td><td>BILBO-DONOSTIA \/ BILBAO-SAN SEBASTIAN<\/td><\/tr><tr><td>P.K.<\/td><td>27,200<\/td><\/tr><tr><td>ITURRIA \/ FUENTE<\/td><td>Euskal Trenbide Sarea (ETS) 2", "timestamp": null, "begin": null, "end": null, "altitudemo": "absolute", "tessellate": -1, "extrude": 0, "visibility": -1, "draworder": null, "icon": null }, "geometry": { "type": "MultiPoint", "coordinates": [ [ -297742.77604302863, 5340178.5746178813, 0.0 ] ] } },
{ "type": "Feature", "properties": { "id": 1888, "name": "P.K. 27,300", "descriptio": "<html><body><table border=\"1\"><tr><th>Field Name<\/th><th>Field Value<\/th><\/tr><tr><td>LINEA \/ LÍNEA<\/td><td>BILBO-DONOSTIA \/ BILBAO-SAN SEBASTIAN<\/td><\/tr><tr><td>P.K.<\/td><td>27,300<\/td><\/tr><tr><td>ITURRIA \/ FUENTE<\/td><td>Euskal Trenbide Sarea (ETS) 2", "timestamp": null, "begin": null, "end": null, "altitudemo": "absolute", "tessellate": -1, "extrude": 0, "visibility": -1, "draworder": null, "icon": null }, "geometry": { "type": "MultiPoint", "coordinates": [ [ -297611.72466202115, 5340126.1361267725, 0.0 ] ] } },
{ "type": "Feature", "properties": { "id": 1889, "name": "P.K. 27,400", "descriptio": "<html><body><table border=\"1\"><tr><th>Field Name<\/th><th>Field Value<\/th><\/tr><tr><td>LINEA \/ LÍNEA<\/td><td>BILBO-DONOSTIA \/ BILBAO-SAN SEBASTIAN<\/td><\/tr><tr><td>P.K.<\/td><td>27,400<\/td><\/tr><tr><td>ITURRIA \/ FUENTE<\/td><td>Euskal Trenbide Sarea (ETS) 2", "timestamp": null, "begin": null, "end": null, "altitudemo": "absolute", "tessellate": -1, "extrude": 0, "visibility": -1, "draworder": null, "icon": null }, "geometry": { "type": "MultiPoint", "coordinates": [ [ -297511.56415719807, 5340050.6103322869, 0.0 ] ] } },
{ "type": "Feature", "properties": { "id": 1890, "name": "P.K. 27,500", "descriptio": "<html><body><table border=\"1\"><tr><th>Field Name<\/th><th>Field Value<\/th><\/tr><tr><td>LINEA \/ LÍNEA<\/td><td>BILBO-DONOSTIA \/ BILBAO-SAN SEBASTIAN<\/td><\/tr><tr><td>P.K.<\/td><td>27,500<\/td><\/tr><tr><td>ITURRIA \/ FUENTE<\/td><td>Euskal Trenbide Sarea (ETS) 2", "timestamp": null, "begin": null, "end": null, "altitudemo": "absolute", "tessellate": -1, "extrude": 0, "visibility": -1, "draworder": null, "icon": null }, "geometry": { "type": "MultiPoint", "coordinates": [ [ -297417.84354422666, 5339950.0299505917, 0.0 ] ] } },
{ "type": "Feature", "properties": { "id": 1891, "name": "P.K. 27,600", "descriptio": "<html><body><table border=\"1\"><tr><th>Field Name<\/th><th>Field Value<\/th><\/tr><tr><td>LINEA \/ LÍNEA<\/td><td>BILBO-DONOSTIA \/ BILBAO-SAN SEBASTIAN<\/td><\/tr><tr><td>P.K.<\/td><td>27,600<\/td><\/tr><tr><td>ITURRIA \/ FUENTE<\/td><td>Euskal Trenbide Sarea (ETS) 2", "timestamp": null, "begin": null, "end": null, "altitudemo": "absolute", "tessellate": -1, "extrude": 0, "visibility": -1, "draworder": null, "icon": null }, "geometry": { "type": "MultiPoint", "coordinates": [ [ -297325.14213545114, 5339846.9748237692, 0.0 ] ] } },
{ "type": "Feature", "properties": { "id": 1892, "name": "P.K. 27,700", "descriptio": "<html><body><table border=\"1\"><tr><th>Field Name<\/th><th>Field Value<\/th><\/tr><tr><td>LINEA \/ LÍNEA<\/td><td>BILBO-DONOSTIA \/ BILBAO-SAN SEBASTIAN<\/td><\/tr><tr><td>P.K.<\/td><td>27,700<\/td><\/tr><tr><td>ITURRIA \/ FUENTE<\/td><td>Euskal Trenbide Sarea (ETS) 2", "timestamp": null, "begin": null, "end": null, "altitudemo": "absolute", "tessellate": -1, "extrude": 0, "visibility": -1, "draworder": null, "icon": null }, "geometry": { "type": "MultiPoint", "coordinates": [ [ -297219.22707389953, 5339760.7047575871, 0.0 ] ] } },
{ "type": "Feature", "properties": { "id": 1893, "name": "P.K. 27,800", "descriptio": "<html><body><table border=\"1\"><tr><th>Field Name<\/th><th>Field Value<\/th><\/tr><tr><td>LINEA \/ LÍNEA<\/td><td>BILBO-DONOSTIA \/ BILBAO-SAN SEBASTIAN<\/td><\/tr><tr><td>P.K.<\/td><td>27,800<\/td><\/tr><tr><td>ITURRIA \/ FUENTE<\/td><td>Euskal Trenbide Sarea (ETS) 2", "timestamp": null, "begin": null, "end": null, "altitudemo": "absolute", "tessellate": -1, "extrude": 0, "visibility": -1, "draworder": null, "icon": null }, "geometry": { "type": "MultiPoint", "coordinates": [ [ -297108.89439337846, 5339676.9277643105, 0.0 ] ] } },
{ "type": "Feature", "properties": { "id": 1894, "name": "P.K. 27,900", "descriptio": "<html><body><table border=\"1\"><tr><th>Field Name<\/th><th>Field Value<\/th><\/tr><tr><td>LINEA \/ LÍNEA<\/td><td>BILBO-DONOSTIA \/ BILBAO-SAN SEBASTIAN<\/td><\/tr><tr><td>P.K.<\/td><td>27,900<\/td><\/tr><tr><td>ITURRIA \/ FUENTE<\/td><td>Euskal Trenbide Sarea (ETS) 2", "timestamp": null, "begin": null, "end": null, "altitudemo": "absolute", "tessellate": -1, "extrude": 0, "visibility": -1, "draworder": null, "icon": null }, "geometry": { "type": "MultiPoint", "coordinates": [ [ -296984.75269887247, 5339586.1436113436, 0.0 ] ] } },
{ "type": "Feature", "properties": { "id": 1895, "name": "P.K. 28,000", "descriptio": "<html><body><table border=\"1\"><tr><th>Field Name<\/th><th>Field Value<\/th><\/tr><tr><td>LINEA \/ LÍNEA<\/td><td>BILBO-DONOSTIA \/ BILBAO-SAN SEBASTIAN<\/td><\/tr><tr><td>P.K.<\/td><td>28,000<\/td><\/tr><tr><td>ITURRIA \/ FUENTE<\/td><td>Euskal Trenbide Sarea (ETS) 2", "timestamp": null, "begin": null, "end": null, "altitudemo": "absolute", "tessellate": -1, "extrude": 0, "visibility": -1, "draworder": null, "icon": null }, "geometry": { "type": "MultiPoint", "coordinates": [ [ -296876.31618466583, 5339502.170331955, 0.0 ] ] } },
{ "type": "Feature", "properties": { "id": 1896, "name": "P.K. 28,100", "descriptio": "<html><body><table border=\"1\"><tr><th>Field Name<\/th><th>Field Value<\/th><\/tr><tr><td>LINEA \/ LÍNEA<\/td><td>BILBO-DONOSTIA \/ BILBAO-SAN SEBASTIAN<\/td><\/tr><tr><td>P.K.<\/td><td>28,100<\/td><\/tr><tr><td>ITURRIA \/ FUENTE<\/td><td>Euskal Trenbide Sarea (ETS) 2", "timestamp": null, "begin": null, "end": null, "altitudemo": "absolute", "tessellate": -1, "extrude": 0, "visibility": -1, "draworder": null, "icon": null }, "geometry": { "type": "MultiPoint", "coordinates": [ [ -296760.42101239791, 5339417.6108915843, 0.0 ] ] } },
{ "type": "Feature", "properties": { "id": 1897, "name": "P.K. 28,200", "descriptio": "<html><body><table border=\"1\"><tr><th>Field Name<\/th><th>Field Value<\/th><\/tr><tr><td>LINEA \/ LÍNEA<\/td><td>BILBO-DONOSTIA \/ BILBAO-SAN SEBASTIAN<\/td><\/tr><tr><td>P.K.<\/td><td>28,200<\/td><\/tr><tr><td>ITURRIA \/ FUENTE<\/td><td>Euskal Trenbide Sarea (ETS) 2", "timestamp": null, "begin": null, "end": null, "altitudemo": "absolute", "tessellate": -1, "extrude": 0, "visibility": -1, "draworder": null, "icon": null }, "geometry": { "type": "MultiPoint", "coordinates": [ [ -296652.00365356402, 5339337.6601598756, 0.0 ] ] } },
{ "type": "Feature", "properties": { "id": 1898, "name": "P.K. 28,300", "descriptio": "<html><body><table border=\"1\"><tr><th>Field Name<\/th><th>Field Value<\/th><\/tr><tr><td>LINEA \/ LÍNEA<\/td><td>BILBO-DONOSTIA \/ BILBAO-SAN SEBASTIAN<\/td><\/tr><tr><td>P.K.<\/td><td>28,300<\/td><\/tr><tr><td>ITURRIA \/ FUENTE<\/td><td>Euskal Trenbide Sarea (ETS) 2", "timestamp": null, "begin": null, "end": null, "altitudemo": "absolute", "tessellate": -1, "extrude": 0, "visibility": -1, "draworder": null, "icon": null }, "geometry": { "type": "MultiPoint", "coordinates": [ [ -296537.33950469131, 5339259.5139994742, 0.0 ] ] } },
{ "type": "Feature", "properties": { "id": 1899, "name": "P.K. 28,400", "descriptio": "<html><body><table border=\"1\"><tr><th>Field Name<\/th><th>Field Value<\/th><\/tr><tr><td>LINEA \/ LÍNEA<\/td><td>BILBO-DONOSTIA \/ BILBAO-SAN SEBASTIAN<\/td><\/tr><tr><td>P.K.<\/td><td>28,400<\/td><\/tr><tr><td>ITURRIA \/ FUENTE<\/td><td>Euskal Trenbide Sarea (ETS) 2", "timestamp": null, "begin": null, "end": null, "altitudemo": "absolute", "tessellate": -1, "extrude": 0, "visibility": -1, "draworder": null, "icon": null }, "geometry": { "type": "MultiPoint", "coordinates": [ [ -296414.54482758831, 5339196.1901778951, 0.0 ] ] } },
{ "type": "Feature", "properties": { "id": 1900, "name": "P.K. 28,500", "descriptio": "<html><body><table border=\"1\"><tr><th>Field Name<\/th><th>Field Value<\/th><\/tr><tr><td>LINEA \/ LÍNEA<\/td><td>BILBO-DONOSTIA \/ BILBAO-SAN SEBASTIAN<\/td><\/tr><tr><td>P.K.<\/td><td>28,500<\/td><\/tr><tr><td>ITURRIA \/ FUENTE<\/td><td>Euskal Trenbide Sarea (ETS) 2", "timestamp": null, "begin": null, "end": null, "altitudemo": "absolute", "tessellate": -1, "extrude": 0, "visibility": -1, "draworder": null, "icon": null }, "geometry": { "type": "MultiPoint", "coordinates": [ [ -296288.32006202184, 5339147.139972223, 0.0 ] ] } },
{ "type": "Feature", "properties": { "id": 1901, "name": "P.K. 28,600", "descriptio": "<html><body><table border=\"1\"><tr><th>Field Name<\/th><th>Field Value<\/th><\/tr><tr><td>LINEA \/ LÍNEA<\/td><td>BILBO-DONOSTIA \/ BILBAO-SAN SEBASTIAN<\/td><\/tr><tr><td>P.K.<\/td><td>28,600<\/td><\/tr><tr><td>ITURRIA \/ FUENTE<\/td><td>Euskal Trenbide Sarea (ETS) 2", "timestamp": null, "begin": null, "end": null, "altitudemo": "absolute", "tessellate": -1, "extrude": 0, "visibility": -1, "draworder": null, "icon": null }, "geometry": { "type": "MultiPoint", "coordinates": [ [ -296162.66284973506, 5339094.3283093972, 0.0 ] ] } },
{ "type": "Feature", "properties": { "id": 1902, "name": "P.K. 28,700", "descriptio": "<html><body><table border=\"1\"><tr><th>Field Name<\/th><th>Field Value<\/th><\/tr><tr><td>LINEA \/ LÍNEA<\/td><td>BILBO-DONOSTIA \/ BILBAO-SAN SEBASTIAN<\/td><\/tr><tr><td>P.K.<\/td><td>28,700<\/td><\/tr><tr><td>ITURRIA \/ FUENTE<\/td><td>Euskal Trenbide Sarea (ETS) 2", "timestamp": null, "begin": null, "end": null, "altitudemo": "absolute", "tessellate": -1, "extrude": 0, "visibility": -1, "draworder": null, "icon": null }, "geometry": { "type": "MultiPoint", "coordinates": [ [ -296036.94611204794, 5339044.6573408414, 0.0 ] ] } },
{ "type": "Feature", "properties": { "id": 1903, "name": "P.K. 28,800", "descriptio": "<html><body><table border=\"1\"><tr><th>Field Name<\/th><th>Field Value<\/th><\/tr><tr><td>LINEA \/ LÍNEA<\/td><td>BILBO-DONOSTIA \/ BILBAO-SAN SEBASTIAN<\/td><\/tr><tr><td>P.K.<\/td><td>28,800<\/td><\/tr><tr><td>ITURRIA \/ FUENTE<\/td><td>Euskal Trenbide Sarea (ETS) 2", "timestamp": null, "begin": null, "end": null, "altitudemo": "absolute", "tessellate": -1, "extrude": 0, "visibility": -1, "draworder": null, "icon": null }, "geometry": { "type": "MultiPoint", "coordinates": [ [ -295906.35735676909, 5338991.554329074, 0.0 ] ] } },
{ "type": "Feature", "properties": { "id": 1904, "name": "P.K. 28,900", "descriptio": "<html><body><table border=\"1\"><tr><th>Field Name<\/th><th>Field Value<\/th><\/tr><tr><td>LINEA \/ LÍNEA<\/td><td>BILBO-DONOSTIA \/ BILBAO-SAN SEBASTIAN<\/td><\/tr><tr><td>P.K.<\/td><td>28,900<\/td><\/tr><tr><td>ITURRIA \/ FUENTE<\/td><td>Euskal Trenbide Sarea (ETS) 2", "timestamp": null, "begin": null, "end": null, "altitudemo": "absolute", "tessellate": -1, "extrude": 0, "visibility": -1, "draworder": null, "icon": null }, "geometry": { "type": "MultiPoint", "coordinates": [ [ -295786.56200715178, 5338930.3726785975, 0.0 ] ] } },
{ "type": "Feature", "properties": { "id": 1905, "name": "P.K. 29,000", "descriptio": "<html><body><table border=\"1\"><tr><th>Field Name<\/th><th>Field Value<\/th><\/tr><tr><td>LINEA \/ LÍNEA<\/td><td>BILBO-DONOSTIA \/ BILBAO-SAN SEBASTIAN<\/td><\/tr><tr><td>P.K.<\/td><td>29,000<\/td><\/tr><tr><td>ITURRIA \/ FUENTE<\/td><td>Euskal Trenbide Sarea (ETS) 2", "timestamp": null, "begin": null, "end": null, "altitudemo": "absolute", "tessellate": -1, "extrude": 0, "visibility": -1, "draworder": null, "icon": null }, "geometry": { "type": "MultiPoint", "coordinates": [ [ -295667.95691925765, 5338863.6127710138, 0.0 ] ] } },
{ "type": "Feature", "properties": { "id": 1906, "name": "P.K. 29,100", "descriptio": "<html><body><table border=\"1\"><tr><th>Field Name<\/th><th>Field Value<\/th><\/tr><tr><td>LINEA \/ LÍNEA<\/td><td>BILBO-DONOSTIA \/ BILBAO-SAN SEBASTIAN<\/td><\/tr><tr><td>P.K.<\/td><td>29,100<\/td><\/tr><tr><td>ITURRIA \/ FUENTE<\/td><td>Euskal Trenbide Sarea (ETS) 2", "timestamp": null, "begin": null, "end": null, "altitudemo": "absolute", "tessellate": -1, "extrude": 0, "visibility": -1, "draworder": null, "icon": null }, "geometry": { "type": "MultiPoint", "coordinates": [ [ -295547.83428855095, 5338796.2888479009, 0.0 ] ] } },
{ "type": "Feature", "properties": { "id": 1907, "name": "P.K. 29,200", "descriptio": "<html><body><table border=\"1\"><tr><th>Field Name<\/th><th>Field Value<\/th><\/tr><tr><td>LINEA \/ LÍNEA<\/td><td>BILBO-DONOSTIA \/ BILBAO-SAN SEBASTIAN<\/td><\/tr><tr><td>P.K.<\/td><td>29,200<\/td><\/tr><tr><td>ITURRIA \/ FUENTE<\/td><td>Euskal Trenbide Sarea (ETS) 2", "timestamp": null, "begin": null, "end": null, "altitudemo": "absolute", "tessellate": -1, "extrude": 0, "visibility": -1, "draworder": null, "icon": null }, "geometry": { "type": "MultiPoint", "coordinates": [ [ -295436.80776252865, 5338733.3421578193, 0.0 ] ] } },
{ "type": "Feature", "properties": { "id": 1908, "name": "P.K. 29,300", "descriptio": "<html><body><table border=\"1\"><tr><th>Field Name<\/th><th>Field Value<\/th><\/tr><tr><td>LINEA \/ LÍNEA<\/td><td>BILBO-DONOSTIA \/ BILBAO-SAN SEBASTIAN<\/td><\/tr><tr><td>P.K.<\/td><td>29,300<\/td><\/tr><tr><td>ITURRIA \/ FUENTE<\/td><td>Euskal Trenbide Sarea (ETS) 2", "timestamp": null, "begin": null, "end": null, "altitudemo": "absolute", "tessellate": -1, "extrude": 0, "visibility": -1, "draworder": null, "icon": null }, "geometry": { "type": "MultiPoint", "coordinates": [ [ -295321.10371028219, 5338666.7293931311, 0.0 ] ] } },
{ "type": "Feature", "properties": { "id": 1909, "name": "P.K. 29,400", "descriptio": "<html><body><table border=\"1\"><tr><th>Field Name<\/th><th>Field Value<\/th><\/tr><tr><td>LINEA \/ LÍNEA<\/td><td>BILBO-DONOSTIA \/ BILBAO-SAN SEBASTIAN<\/td><\/tr><tr><td>P.K.<\/td><td>29,400<\/td><\/tr><tr><td>ITURRIA \/ FUENTE<\/td><td>Euskal Trenbide Sarea (ETS) 2", "timestamp": null, "begin": null, "end": null, "altitudemo": "absolute", "tessellate": -1, "extrude": 0, "visibility": -1, "draworder": null, "icon": null }, "geometry": { "type": "MultiPoint", "coordinates": [ [ -295199.98882833566, 5338598.3599279141, 0.0 ] ] } },
{ "type": "Feature", "properties": { "id": 1910, "name": "P.K. 29,500", "descriptio": "<html><body><table border=\"1\"><tr><th>Field Name<\/th><th>Field Value<\/th><\/tr><tr><td>LINEA \/ LÍNEA<\/td><td>BILBO-DONOSTIA \/ BILBAO-SAN SEBASTIAN<\/td><\/tr><tr><td>P.K.<\/td><td>29,500<\/td><\/tr><tr><td>ITURRIA \/ FUENTE<\/td><td>Euskal Trenbide Sarea (ETS) 2", "timestamp": null, "begin": null, "end": null, "altitudemo": "absolute", "tessellate": -1, "extrude": 0, "visibility": -1, "draworder": null, "icon": null }, "geometry": { "type": "MultiPoint", "coordinates": [ [ -295078.53802724567, 5338531.195909014, 0.0 ] ] } },
{ "type": "Feature", "properties": { "id": 1911, "name": "P.K. 29,600", "descriptio": "<html><body><table border=\"1\"><tr><th>Field Name<\/th><th>Field Value<\/th><\/tr><tr><td>LINEA \/ LÍNEA<\/td><td>BILBO-DONOSTIA \/ BILBAO-SAN SEBASTIAN<\/td><\/tr><tr><td>P.K.<\/td><td>29,600<\/td><\/tr><tr><td>ITURRIA \/ FUENTE<\/td><td>Euskal Trenbide Sarea (ETS) 2", "timestamp": null, "begin": null, "end": null, "altitudemo": "absolute", "tessellate": -1, "extrude": 0, "visibility": -1, "draworder": null, "icon": null }, "geometry": { "type": "MultiPoint", "coordinates": [ [ -294960.62367799046, 5338463.3695052229, 0.0 ] ] } },
{ "type": "Feature", "properties": { "id": 1912, "name": "P.K. 29,700", "descriptio": "<html><body><table border=\"1\"><tr><th>Field Name<\/th><th>Field Value<\/th><\/tr><tr><td>LINEA \/ LÍNEA<\/td><td>BILBO-DONOSTIA \/ BILBAO-SAN SEBASTIAN<\/td><\/tr><tr><td>P.K.<\/td><td>29,700<\/td><\/tr><tr><td>ITURRIA \/ FUENTE<\/td><td>Euskal Trenbide Sarea (ETS) 2", "timestamp": null, "begin": null, "end": null, "altitudemo": "absolute", "tessellate": -1, "extrude": 0, "visibility": -1, "draworder": null, "icon": null }, "geometry": { "type": "MultiPoint", "coordinates": [ [ -294838.7530007732, 5338395.3879812779, 0.0 ] ] } },
{ "type": "Feature", "properties": { "id": 1913, "name": "P.K. 29,800", "descriptio": "<html><body><table border=\"1\"><tr><th>Field Name<\/th><th>Field Value<\/th><\/tr><tr><td>LINEA \/ LÍNEA<\/td><td>BILBO-DONOSTIA \/ BILBAO-SAN SEBASTIAN<\/td><\/tr><tr><td>P.K.<\/td><td>29,800<\/td><\/tr><tr><td>ITURRIA \/ FUENTE<\/td><td>Euskal Trenbide Sarea (ETS) 2", "timestamp": null, "begin": null, "end": null, "altitudemo": "absolute", "tessellate": -1, "extrude": 0, "visibility": -1, "draworder": null, "icon": null }, "geometry": { "type": "MultiPoint", "coordinates": [ [ -294716.19846807118, 5338327.8336406089, 0.0 ] ] } },
{ "type": "Feature", "properties": { "id": 1914, "name": "P.K. 29,900", "descriptio": "<html><body><table border=\"1\"><tr><th>Field Name<\/th><th>Field Value<\/th><\/tr><tr><td>LINEA \/ LÍNEA<\/td><td>BILBO-DONOSTIA \/ BILBAO-SAN SEBASTIAN<\/td><\/tr><tr><td>P.K.<\/td><td>29,900<\/td><\/tr><tr><td>ITURRIA \/ FUENTE<\/td><td>Euskal Trenbide Sarea (ETS) 2", "timestamp": null, "begin": null, "end": null, "altitudemo": "absolute", "tessellate": -1, "extrude": 0, "visibility": -1, "draworder": null, "icon": null }, "geometry": { "type": "MultiPoint", "coordinates": [ [ -294586.90912042651, 5338280.6284902254, 0.0 ] ] } },
{ "type": "Feature", "properties": { "id": 1915, "name": "P.K. 30,000", "descriptio": "<html><body><table border=\"1\"><tr><th>Field Name<\/th><th>Field Value<\/th><\/tr><tr><td>LINEA \/ LÍNEA<\/td><td>BILBO-DONOSTIA \/ BILBAO-SAN SEBASTIAN<\/td><\/tr><tr><td>P.K.<\/td><td>30,000<\/td><\/tr><tr><td>ITURRIA \/ FUENTE<\/td><td>Euskal Trenbide Sarea (ETS) 2", "timestamp": null, "begin": null, "end": null, "altitudemo": "absolute", "tessellate": -1, "extrude": 0, "visibility": -1, "draworder": null, "icon": null }, "geometry": { "type": "MultiPoint", "coordinates": [ [ -294457.57466427516, 5338233.1928715277, 0.0 ] ] } },
{ "type": "Feature", "properties": { "id": 1916, "name": "P.K. 30,100", "descriptio": "<html><body><table border=\"1\"><tr><th>Field Name<\/th><th>Field Value<\/th><\/tr><tr><td>LINEA \/ LÍNEA<\/td><td>BILBO-DONOSTIA \/ BILBAO-SAN SEBASTIAN<\/td><\/tr><tr><td>P.K.<\/td><td>30,100<\/td><\/tr><tr><td>ITURRIA \/ FUENTE<\/td><td>Euskal Trenbide Sarea (ETS) 2", "timestamp": null, "begin": null, "end": null, "altitudemo": "absolute", "tessellate": -1, "extrude": 0, "visibility": -1, "draworder": null, "icon": null }, "geometry": { "type": "MultiPoint", "coordinates": [ [ -294328.7321842665, 5338187.4508713931, 0.0 ] ] } },
{ "type": "Feature", "properties": { "id": 1917, "name": "P.K. 30,200", "descriptio": "<html><body><table border=\"1\"><tr><th>Field Name<\/th><th>Field Value<\/th><\/tr><tr><td>LINEA \/ LÍNEA<\/td><td>BILBO-DONOSTIA \/ BILBAO-SAN SEBASTIAN<\/td><\/tr><tr><td>P.K.<\/td><td>30,200<\/td><\/tr><tr><td>ITURRIA \/ FUENTE<\/td><td>Euskal Trenbide Sarea (ETS) 2", "timestamp": null, "begin": null, "end": null, "altitudemo": "absolute", "tessellate": -1, "extrude": 0, "visibility": -1, "draworder": null, "icon": null }, "geometry": { "type": "MultiPoint", "coordinates": [ [ -294200.11133707053, 5338138.1938724956, 0.0 ] ] } },
{ "type": "Feature", "properties": { "id": 1918, "name": "P.K. 30,300", "descriptio": "<html><body><table border=\"1\"><tr><th>Field Name<\/th><th>Field Value<\/th><\/tr><tr><td>LINEA \/ LÍNEA<\/td><td>BILBO-DONOSTIA \/ BILBAO-SAN SEBASTIAN<\/td><\/tr><tr><td>P.K.<\/td><td>30,300<\/td><\/tr><tr><td>ITURRIA \/ FUENTE<\/td><td>Euskal Trenbide Sarea (ETS) 2", "timestamp": null, "begin": null, "end": null, "altitudemo": "absolute", "tessellate": -1, "extrude": 0, "visibility": -1, "draworder": null, "icon": null }, "geometry": { "type": "MultiPoint", "coordinates": [ [ -294071.12571052834, 5338090.8445628574, 0.0 ] ] } },
{ "type": "Feature", "properties": { "id": 1919, "name": "P.K. 30,400", "descriptio": "<html><body><table border=\"1\"><tr><th>Field Name<\/th><th>Field Value<\/th><\/tr><tr><td>LINEA \/ LÍNEA<\/td><td>BILBO-DONOSTIA \/ BILBAO-SAN SEBASTIAN<\/td><\/tr><tr><td>P.K.<\/td><td>30,400<\/td><\/tr><tr><td>ITURRIA \/ FUENTE<\/td><td>Euskal Trenbide Sarea (ETS) 2", "timestamp": null, "begin": null, "end": null, "altitudemo": "absolute", "tessellate": -1, "extrude": 0, "visibility": -1, "draworder": null, "icon": null }, "geometry": { "type": "MultiPoint", "coordinates": [ [ -293942.37564921693, 5338042.9354493907, 0.0 ] ] } },
{ "type": "Feature", "properties": { "id": 1920, "name": "P.K. 30,500", "descriptio": "<html><body><table border=\"1\"><tr><th>Field Name<\/th><th>Field Value<\/th><\/tr><tr><td>LINEA \/ LÍNEA<\/td><td>BILBO-DONOSTIA \/ BILBAO-SAN SEBASTIAN<\/td><\/tr><tr><td>P.K.<\/td><td>30,500<\/td><\/tr><tr><td>ITURRIA \/ FUENTE<\/td><td>Euskal Trenbide Sarea (ETS) 2", "timestamp": null, "begin": null, "end": null, "altitudemo": "absolute", "tessellate": -1, "extrude": 0, "visibility": -1, "draworder": null, "icon": null }, "geometry": { "type": "MultiPoint", "coordinates": [ [ -293812.3309794332, 5337995.648973194, 0.0 ] ] } },
{ "type": "Feature", "properties": { "id": 1921, "name": "P.K. 30,600", "descriptio": "<html><body><table border=\"1\"><tr><th>Field Name<\/th><th>Field Value<\/th><\/tr><tr><td>LINEA \/ LÍNEA<\/td><td>BILBO-DONOSTIA \/ BILBAO-SAN SEBASTIAN<\/td><\/tr><tr><td>P.K.<\/td><td>30,600<\/td><\/tr><tr><td>ITURRIA \/ FUENTE<\/td><td>Euskal Trenbide Sarea (ETS) 2", "timestamp": null, "begin": null, "end": null, "altitudemo": "absolute", "tessellate": -1, "extrude": 0, "visibility": -1, "draworder": null, "icon": null }, "geometry": { "type": "MultiPoint", "coordinates": [ [ -293684.73301993648, 5337947.7043685345, 0.0 ] ] } },
{ "type": "Feature", "properties": { "id": 1922, "name": "P.K. 30,700", "descriptio": "<html><body><table border=\"1\"><tr><th>Field Name<\/th><th>Field Value<\/th><\/tr><tr><td>LINEA \/ LÍNEA<\/td><td>BILBO-DONOSTIA \/ BILBAO-SAN SEBASTIAN<\/td><\/tr><tr><td>P.K.<\/td><td>30,700<\/td><\/tr><tr><td>ITURRIA \/ FUENTE<\/td><td>Euskal Trenbide Sarea (ETS) 2", "timestamp": null, "begin": null, "end": null, "altitudemo": "absolute", "tessellate": -1, "extrude": 0, "visibility": -1, "draworder": null, "icon": null }, "geometry": { "type": "MultiPoint", "coordinates": [ [ -293554.60036956053, 5337898.9148733383, 0.0 ] ] } },
{ "type": "Feature", "properties": { "id": 1923, "name": "P.K. 30,800", "descriptio": "<html><body><table border=\"1\"><tr><th>Field Name<\/th><th>Field Value<\/th><\/tr><tr><td>LINEA \/ LÍNEA<\/td><td>BILBO-DONOSTIA \/ BILBAO-SAN SEBASTIAN<\/td><\/tr><tr><td>P.K.<\/td><td>30,800<\/td><\/tr><tr><td>ITURRIA \/ FUENTE<\/td><td>Euskal Trenbide Sarea (ETS) 2", "timestamp": null, "begin": null, "end": null, "altitudemo": "absolute", "tessellate": -1, "extrude": 0, "visibility": -1, "draworder": null, "icon": null }, "geometry": { "type": "MultiPoint", "coordinates": [ [ -293425.42387050594, 5337850.3863731483, 0.0 ] ] } },
{ "type": "Feature", "properties": { "id": 1924, "name": "P.K. 30,900", "descriptio": "<html><body><table border=\"1\"><tr><th>Field Name<\/th><th>Field Value<\/th><\/tr><tr><td>LINEA \/ LÍNEA<\/td><td>BILBO-DONOSTIA \/ BILBAO-SAN SEBASTIAN<\/td><\/tr><tr><td>P.K.<\/td><td>30,900<\/td><\/tr><tr><td>ITURRIA \/ FUENTE<\/td><td>Euskal Trenbide Sarea (ETS) 2", "timestamp": null, "begin": null, "end": null, "altitudemo": "absolute", "tessellate": -1, "extrude": 0, "visibility": -1, "draworder": null, "icon": null }, "geometry": { "type": "MultiPoint", "coordinates": [ [ -293297.18387233093, 5337801.7185864309, 0.0 ] ] } },
{ "type": "Feature", "properties": { "id": 1925, "name": "P.K. 31,000", "descriptio": "<html><body><table border=\"1\"><tr><th>Field Name<\/th><th>Field Value<\/th><\/tr><tr><td>LINEA \/ LÍNEA<\/td><td>BILBO-DONOSTIA \/ BILBAO-SAN SEBASTIAN<\/td><\/tr><tr><td>P.K.<\/td><td>31,000<\/td><\/tr><tr><td>ITURRIA \/ FUENTE<\/td><td>Euskal Trenbide Sarea (ETS) 2", "timestamp": null, "begin": null, "end": null, "altitudemo": "absolute", "tessellate": -1, "extrude": 0, "visibility": -1, "draworder": null, "icon": null }, "geometry": { "type": "MultiPoint", "coordinates": [ [ -293169.49048955768, 5337755.0741316956, 0.0 ] ] } },
{ "type": "Feature", "properties": { "id": 1926, "name": "P.K. 31,100", "descriptio": "<html><body><table border=\"1\"><tr><th>Field Name<\/th><th>Field Value<\/th><\/tr><tr><td>LINEA \/ LÍNEA<\/td><td>BILBO-DONOSTIA \/ BILBAO-SAN SEBASTIAN<\/td><\/tr><tr><td>P.K.<\/td><td>31,100<\/td><\/tr><tr><td>ITURRIA \/ FUENTE<\/td><td>Euskal Trenbide Sarea (ETS) 2", "timestamp": null, "begin": null, "end": null, "altitudemo": "absolute", "tessellate": -1, "extrude": 0, "visibility": -1, "draworder": null, "icon": null }, "geometry": { "type": "MultiPoint", "coordinates": [ [ -293043.77858001989, 5337698.3047562782, 0.0 ] ] } },
{ "type": "Feature", "properties": { "id": 1927, "name": "P.K. 31,200", "descriptio": "<html><body><table border=\"1\"><tr><th>Field Name<\/th><th>Field Value<\/th><\/tr><tr><td>LINEA \/ LÍNEA<\/td><td>BILBO-DONOSTIA \/ BILBAO-SAN SEBASTIAN<\/td><\/tr><tr><td>P.K.<\/td><td>31,200<\/td><\/tr><tr><td>ITURRIA \/ FUENTE<\/td><td>Euskal Trenbide Sarea (ETS) 2", "timestamp": null, "begin": null, "end": null, "altitudemo": "absolute", "tessellate": -1, "extrude": 0, "visibility": -1, "draworder": null, "icon": null }, "geometry": { "type": "MultiPoint", "coordinates": [ [ -292916.32630963862, 5337647.4127421072, 0.0 ] ] } },
{ "type": "Feature", "properties": { "id": 1928, "name": "P.K. 31,300", "descriptio": "<html><body><table border=\"1\"><tr><th>Field Name<\/th><th>Field Value<\/th><\/tr><tr><td>LINEA \/ LÍNEA<\/td><td>BILBO-DONOSTIA \/ BILBAO-SAN SEBASTIAN<\/td><\/tr><tr><td>P.K.<\/td><td>31,300<\/td><\/tr><tr><td>ITURRIA \/ FUENTE<\/td><td>Euskal Trenbide Sarea (ETS) 2", "timestamp": null, "begin": null, "end": null, "altitudemo": "absolute", "tessellate": -1, "extrude": 0, "visibility": -1, "draworder": null, "icon": null }, "geometry": { "type": "MultiPoint", "coordinates": [ [ -292795.74868196336, 5337600.5750369113, 0.0 ] ] } },
{ "type": "Feature", "properties": { "id": 1929, "name": "P.K. 31,400", "descriptio": "<html><body><table border=\"1\"><tr><th>Field Name<\/th><th>Field Value<\/th><\/tr><tr><td>LINEA \/ LÍNEA<\/td><td>BILBO-DONOSTIA \/ BILBAO-SAN SEBASTIAN<\/td><\/tr><tr><td>P.K.<\/td><td>31,400<\/td><\/tr><tr><td>ITURRIA \/ FUENTE<\/td><td>Euskal Trenbide Sarea (ETS) 2", "timestamp": null, "begin": null, "end": null, "altitudemo": "absolute", "tessellate": -1, "extrude": 0, "visibility": -1, "draworder": null, "icon": null }, "geometry": { "type": "MultiPoint", "coordinates": [ [ -292671.37345334259, 5337552.2838526433, 0.0 ] ] } },
{ "type": "Feature", "properties": { "id": 1930, "name": "P.K. 31,500", "descriptio": "<html><body><table border=\"1\"><tr><th>Field Name<\/th><th>Field Value<\/th><\/tr><tr><td>LINEA \/ LÍNEA<\/td><td>BILBO-DONOSTIA \/ BILBAO-SAN SEBASTIAN<\/td><\/tr><tr><td>P.K.<\/td><td>31,500<\/td><\/tr><tr><td>ITURRIA \/ FUENTE<\/td><td>Euskal Trenbide Sarea (ETS) 2", "timestamp": null, "begin": null, "end": null, "altitudemo": "absolute", "tessellate": -1, "extrude": 0, "visibility": -1, "draworder": null, "icon": null }, "geometry": { "type": "MultiPoint", "coordinates": [ [ -292549.12105061614, 5337503.289611591, 0.0 ] ] } },
{ "type": "Feature", "properties": { "id": 1931, "name": "P.K. 31,600", "descriptio": "<html><body><table border=\"1\"><tr><th>Field Name<\/th><th>Field Value<\/th><\/tr><tr><td>LINEA \/ LÍNEA<\/td><td>BILBO-DONOSTIA \/ BILBAO-SAN SEBASTIAN<\/td><\/tr><tr><td>P.K.<\/td><td>31,600<\/td><\/tr><tr><td>ITURRIA \/ FUENTE<\/td><td>Euskal Trenbide Sarea (ETS) 2", "timestamp": null, "begin": null, "end": null, "altitudemo": "absolute", "tessellate": -1, "extrude": 0, "visibility": -1, "draworder": null, "icon": null }, "geometry": { "type": "MultiPoint", "coordinates": [ [ -292428.52840291703, 5337456.0719011426, 0.0 ] ] } },
{ "type": "Feature", "properties": { "id": 1932, "name": "P.K. 31,700", "descriptio": "<html><body><table border=\"1\"><tr><th>Field Name<\/th><th>Field Value<\/th><\/tr><tr><td>LINEA \/ LÍNEA<\/td><td>BILBO-DONOSTIA \/ BILBAO-SAN SEBASTIAN<\/td><\/tr><tr><td>P.K.<\/td><td>31,700<\/td><\/tr><tr><td>ITURRIA \/ FUENTE<\/td><td>Euskal Trenbide Sarea (ETS) 2", "timestamp": null, "begin": null, "end": null, "altitudemo": "absolute", "tessellate": -1, "extrude": 0, "visibility": -1, "draworder": null, "icon": null }, "geometry": { "type": "MultiPoint", "coordinates": [ [ -292305.11971912946, 5337407.0424315576, 0.0 ] ] } },
{ "type": "Feature", "properties": { "id": 1933, "name": "P.K. 31,800", "descriptio": "<html><body><table border=\"1\"><tr><th>Field Name<\/th><th>Field Value<\/th><\/tr><tr><td>LINEA \/ LÍNEA<\/td><td>BILBO-DONOSTIA \/ BILBAO-SAN SEBASTIAN<\/td><\/tr><tr><td>P.K.<\/td><td>31,800<\/td><\/tr><tr><td>ITURRIA \/ FUENTE<\/td><td>Euskal Trenbide Sarea (ETS) 2", "timestamp": null, "begin": null, "end": null, "altitudemo": "absolute", "tessellate": -1, "extrude": 0, "visibility": -1, "draworder": null, "icon": null }, "geometry": { "type": "MultiPoint", "coordinates": [ [ -292186.44993394951, 5337360.3736920999, 0.0 ] ] } },
{ "type": "Feature", "properties": { "id": 1934, "name": "P.K. 31,900", "descriptio": "<html><body><table border=\"1\"><tr><th>Field Name<\/th><th>Field Value<\/th><\/tr><tr><td>LINEA \/ LÍNEA<\/td><td>BILBO-DONOSTIA \/ BILBAO-SAN SEBASTIAN<\/td><\/tr><tr><td>P.K.<\/td><td>31,900<\/td><\/tr><tr><td>ITURRIA \/ FUENTE<\/td><td>Euskal Trenbide Sarea (ETS) 2", "timestamp": null, "begin": null, "end": null, "altitudemo": "absolute", "tessellate": -1, "extrude": 0, "visibility": -1, "draworder": null, "icon": null }, "geometry": { "type": "MultiPoint", "coordinates": [ [ -292057.13644466631, 5337315.928290817, 0.0 ] ] } },
{ "type": "Feature", "properties": { "id": 1935, "name": "P.K. 32,000", "descriptio": "<html><body><table border=\"1\"><tr><th>Field Name<\/th><th>Field Value<\/th><\/tr><tr><td>LINEA \/ LÍNEA<\/td><td>BILBO-DONOSTIA \/ BILBAO-SAN SEBASTIAN<\/td><\/tr><tr><td>P.K.<\/td><td>32,000<\/td><\/tr><tr><td>ITURRIA \/ FUENTE<\/td><td>Euskal Trenbide Sarea (ETS) 2", "timestamp": null, "begin": null, "end": null, "altitudemo": "absolute", "tessellate": -1, "extrude": 0, "visibility": -1, "draworder": null, "icon": null }, "geometry": { "type": "MultiPoint", "coordinates": [ [ -291923.54650480096, 5337283.2751264609, 0.0 ] ] } },
{ "type": "Feature", "properties": { "id": 1936, "name": "P.K. 32,100", "descriptio": "<html><body><table border=\"1\"><tr><th>Field Name<\/th><th>Field Value<\/th><\/tr><tr><td>LINEA \/ LÍNEA<\/td><td>BILBO-DONOSTIA \/ BILBAO-SAN SEBASTIAN<\/td><\/tr><tr><td>P.K.<\/td><td>32,100<\/td><\/tr><tr><td>ITURRIA \/ FUENTE<\/td><td>Euskal Trenbide Sarea (ETS) 2", "timestamp": null, "begin": null, "end": null, "altitudemo": "absolute", "tessellate": -1, "extrude": 0, "visibility": -1, "draworder": null, "icon": null }, "geometry": { "type": "MultiPoint", "coordinates": [ [ -291788.15241807449, 5337262.5705202539, 0.0 ] ] } },
{ "type": "Feature", "properties": { "id": 1937, "name": "P.K. 32,200", "descriptio": "<html><body><table border=\"1\"><tr><th>Field Name<\/th><th>Field Value<\/th><\/tr><tr><td>LINEA \/ LÍNEA<\/td><td>BILBO-DONOSTIA \/ BILBAO-SAN SEBASTIAN<\/td><\/tr><tr><td>P.K.<\/td><td>32,200<\/td><\/tr><tr><td>ITURRIA \/ FUENTE<\/td><td>Euskal Trenbide Sarea (ETS) 2", "timestamp": null, "begin": null, "end": null, "altitudemo": "absolute", "tessellate": -1, "extrude": 0, "visibility": -1, "draworder": null, "icon": null }, "geometry": { "type": "MultiPoint", "coordinates": [ [ -291650.65890591918, 5337255.3140246039, 0.0 ] ] } },
{ "type": "Feature", "properties": { "id": 1938, "name": "P.K. 32,300", "descriptio": "<html><body><table border=\"1\"><tr><th>Field Name<\/th><th>Field Value<\/th><\/tr><tr><td>LINEA \/ LÍNEA<\/td><td>BILBO-DONOSTIA \/ BILBAO-SAN SEBASTIAN<\/td><\/tr><tr><td>P.K.<\/td><td>32,300<\/td><\/tr><tr><td>ITURRIA \/ FUENTE<\/td><td>Euskal Trenbide Sarea (ETS) 2", "timestamp": null, "begin": null, "end": null, "altitudemo": "absolute", "tessellate": -1, "extrude": 0, "visibility": -1, "draworder": null, "icon": null }, "geometry": { "type": "MultiPoint", "coordinates": [ [ -291509.86559101543, 5337260.6067077331, 0.0 ] ] } },
{ "type": "Feature", "properties": { "id": 1939, "name": "P.K. 32,400", "descriptio": "<html><body><table border=\"1\"><tr><th>Field Name<\/th><th>Field Value<\/th><\/tr><tr><td>LINEA \/ LÍNEA<\/td><td>BILBO-DONOSTIA \/ BILBAO-SAN SEBASTIAN<\/td><\/tr><tr><td>P.K.<\/td><td>32,400<\/td><\/tr><tr><td>ITURRIA \/ FUENTE<\/td><td>Euskal Trenbide Sarea (ETS) 2", "timestamp": null, "begin": null, "end": null, "altitudemo": "absolute", "tessellate": -1, "extrude": 0, "visibility": -1, "draworder": null, "icon": null }, "geometry": { "type": "MultiPoint", "coordinates": [ [ -291374.06824155018, 5337275.7034251373, 0.0 ] ] } },
{ "type": "Feature", "properties": { "id": 1940, "name": "P.K. 32,500", "descriptio": "<html><body><table border=\"1\"><tr><th>Field Name<\/th><th>Field Value<\/th><\/tr><tr><td>LINEA \/ LÍNEA<\/td><td>BILBO-DONOSTIA \/ BILBAO-SAN SEBASTIAN<\/td><\/tr><tr><td>P.K.<\/td><td>32,500<\/td><\/tr><tr><td>ITURRIA \/ FUENTE<\/td><td>Euskal Trenbide Sarea (ETS) 2", "timestamp": null, "begin": null, "end": null, "altitudemo": "absolute", "tessellate": -1, "extrude": 0, "visibility": -1, "draworder": null, "icon": null }, "geometry": { "type": "MultiPoint", "coordinates": [ [ -291238.83254282572, 5337288.8649977576, 0.0 ] ] } },
{ "type": "Feature", "properties": { "id": 1941, "name": "P.K. 32,600", "descriptio": "<html><body><table border=\"1\"><tr><th>Field Name<\/th><th>Field Value<\/th><\/tr><tr><td>LINEA \/ LÍNEA<\/td><td>BILBO-DONOSTIA \/ BILBAO-SAN SEBASTIAN<\/td><\/tr><tr><td>P.K.<\/td><td>32,600<\/td><\/tr><tr><td>ITURRIA \/ FUENTE<\/td><td>Euskal Trenbide Sarea (ETS) 2", "timestamp": null, "begin": null, "end": null, "altitudemo": "absolute", "tessellate": -1, "extrude": 0, "visibility": -1, "draworder": null, "icon": null }, "geometry": { "type": "MultiPoint", "coordinates": [ [ -291105.60705346626, 5337275.4796073092, 0.0 ] ] } },
{ "type": "Feature", "properties": { "id": 1942, "name": "P.K. 32,700", "descriptio": "<html><body><table border=\"1\"><tr><th>Field Name<\/th><th>Field Value<\/th><\/tr><tr><td>LINEA \/ LÍNEA<\/td><td>BILBO-DONOSTIA \/ BILBAO-SAN SEBASTIAN<\/td><\/tr><tr><td>P.K.<\/td><td>32,700<\/td><\/tr><tr><td>ITURRIA \/ FUENTE<\/td><td>Euskal Trenbide Sarea (ETS) 2", "timestamp": null, "begin": null, "end": null, "altitudemo": "absolute", "tessellate": -1, "extrude": 0, "visibility": -1, "draworder": null, "icon": null }, "geometry": { "type": "MultiPoint", "coordinates": [ [ -290978.19582633482, 5337235.8994312268, 0.0 ] ] } },
{ "type": "Feature", "properties": { "id": 1943, "name": "P.K. 32,800", "descriptio": "<html><body><table border=\"1\"><tr><th>Field Name<\/th><th>Field Value<\/th><\/tr><tr><td>LINEA \/ LÍNEA<\/td><td>BILBO-DONOSTIA \/ BILBAO-SAN SEBASTIAN<\/td><\/tr><tr><td>P.K.<\/td><td>32,800<\/td><\/tr><tr><td>ITURRIA \/ FUENTE<\/td><td>Euskal Trenbide Sarea (ETS) 2", "timestamp": null, "begin": null, "end": null, "altitudemo": "absolute", "tessellate": -1, "extrude": 0, "visibility": -1, "draworder": null, "icon": null }, "geometry": { "type": "MultiPoint", "coordinates": [ [ -290863.81389756501, 5337177.4212912843, 0.0 ] ] } },
{ "type": "Feature", "properties": { "id": 1944, "name": "P.K. 32,900", "descriptio": "<html><body><table border=\"1\"><tr><th>Field Name<\/th><th>Field Value<\/th><\/tr><tr><td>LINEA \/ LÍNEA<\/td><td>BILBO-DONOSTIA \/ BILBAO-SAN SEBASTIAN<\/td><\/tr><tr><td>P.K.<\/td><td>32,900<\/td><\/tr><tr><td>ITURRIA \/ FUENTE<\/td><td>Euskal Trenbide Sarea (ETS) 2", "timestamp": null, "begin": null, "end": null, "altitudemo": "absolute", "tessellate": -1, "extrude": 0, "visibility": -1, "draworder": null, "icon": null }, "geometry": { "type": "MultiPoint", "coordinates": [ [ -290742.96627076343, 5337111.4601909034, 0.0 ] ] } },
{ "type": "Feature", "properties": { "id": 1945, "name": "P.K. 33,000", "descriptio": "<html><body><table border=\"1\"><tr><th>Field Name<\/th><th>Field Value<\/th><\/tr><tr><td>LINEA \/ LÍNEA<\/td><td>BILBO-DONOSTIA \/ BILBAO-SAN SEBASTIAN<\/td><\/tr><tr><td>P.K.<\/td><td>33,000<\/td><\/tr><tr><td>ITURRIA \/ FUENTE<\/td><td>Euskal Trenbide Sarea (ETS) 2", "timestamp": null, "begin": null, "end": null, "altitudemo": "absolute", "tessellate": -1, "extrude": 0, "visibility": -1, "draworder": null, "icon": null }, "geometry": { "type": "MultiPoint", "coordinates": [ [ -290617.9409992983, 5337052.8178619109, 0.0 ] ] } },
{ "type": "Feature", "properties": { "id": 1946, "name": "P.K. 33,100", "descriptio": "<html><body><table border=\"1\"><tr><th>Field Name<\/th><th>Field Value<\/th><\/tr><tr><td>LINEA \/ LÍNEA<\/td><td>BILBO-DONOSTIA \/ BILBAO-SAN SEBASTIAN<\/td><\/tr><tr><td>P.K.<\/td><td>33,100<\/td><\/tr><tr><td>ITURRIA \/ FUENTE<\/td><td>Euskal Trenbide Sarea (ETS) 2", "timestamp": null, "begin": null, "end": null, "altitudemo": "absolute", "tessellate": -1, "extrude": 0, "visibility": -1, "draworder": null, "icon": null }, "geometry": { "type": "MultiPoint", "coordinates": [ [ -290484.09573536494, 5337016.5308098886, 0.0 ] ] } },
{ "type": "Feature", "properties": { "id": 1947, "name": "P.K. 33,200", "descriptio": "<html><body><table border=\"1\"><tr><th>Field Name<\/th><th>Field Value<\/th><\/tr><tr><td>LINEA \/ LÍNEA<\/td><td>BILBO-DONOSTIA \/ BILBAO-SAN SEBASTIAN<\/td><\/tr><tr><td>P.K.<\/td><td>33,200<\/td><\/tr><tr><td>ITURRIA \/ FUENTE<\/td><td>Euskal Trenbide Sarea (ETS) 2", "timestamp": null, "begin": null, "end": null, "altitudemo": "absolute", "tessellate": -1, "extrude": 0, "visibility": -1, "draworder": null, "icon": null }, "geometry": { "type": "MultiPoint", "coordinates": [ [ -290347.19561187498, 5337000.4796223892, 0.0 ] ] } },
{ "type": "Feature", "properties": { "id": 1948, "name": "P.K. 33,300", "descriptio": "<html><body><table border=\"1\"><tr><th>Field Name<\/th><th>Field Value<\/th><\/tr><tr><td>LINEA \/ LÍNEA<\/td><td>BILBO-DONOSTIA \/ BILBAO-SAN SEBASTIAN<\/td><\/tr><tr><td>P.K.<\/td><td>33,300<\/td><\/tr><tr><td>ITURRIA \/ FUENTE<\/td><td>Euskal Trenbide Sarea (ETS) 2", "timestamp": null, "begin": null, "end": null, "altitudemo": "absolute", "tessellate": -1, "extrude": 0, "visibility": -1, "draworder": null, "icon": null }, "geometry": { "type": "MultiPoint", "coordinates": [ [ -290210.0338873408, 5336987.8781459825, 0.0 ] ] } },
{ "type": "Feature", "properties": { "id": 1949, "name": "P.K. 33,400", "descriptio": "<html><body><table border=\"1\"><tr><th>Field Name<\/th><th>Field Value<\/th><\/tr><tr><td>LINEA \/ LÍNEA<\/td><td>BILBO-DONOSTIA \/ BILBAO-SAN SEBASTIAN<\/td><\/tr><tr><td>P.K.<\/td><td>33,400<\/td><\/tr><tr><td>ITURRIA \/ FUENTE<\/td><td>Euskal Trenbide Sarea (ETS) 2", "timestamp": null, "begin": null, "end": null, "altitudemo": "absolute", "tessellate": -1, "extrude": 0, "visibility": -1, "draworder": null, "icon": null }, "geometry": { "type": "MultiPoint", "coordinates": [ [ -290073.81169662962, 5336969.1084946739, 0.0 ] ] } },
{ "type": "Feature", "properties": { "id": 1950, "name": "P.K. 33,500", "descriptio": "<html><body><table border=\"1\"><tr><th>Field Name<\/th><th>Field Value<\/th><\/tr><tr><td>LINEA \/ LÍNEA<\/td><td>BILBO-DONOSTIA \/ BILBAO-SAN SEBASTIAN<\/td><\/tr><tr><td>P.K.<\/td><td>33,500<\/td><\/tr><tr><td>ITURRIA \/ FUENTE<\/td><td>Euskal Trenbide Sarea (ETS) 2", "timestamp": null, "begin": null, "end": null, "altitudemo": "absolute", "tessellate": -1, "extrude": 0, "visibility": -1, "draworder": null, "icon": null }, "geometry": { "type": "MultiPoint", "coordinates": [ [ -289937.37158514606, 5336974.7121894909, 0.0 ] ] } },
{ "type": "Feature", "properties": { "id": 1951, "name": "P.K. 33,600", "descriptio": "<html><body><table border=\"1\"><tr><th>Field Name<\/th><th>Field Value<\/th><\/tr><tr><td>LINEA \/ LÍNEA<\/td><td>BILBO-DONOSTIA \/ BILBAO-SAN SEBASTIAN<\/td><\/tr><tr><td>P.K.<\/td><td>33,600<\/td><\/tr><tr><td>ITURRIA \/ FUENTE<\/td><td>Euskal Trenbide Sarea (ETS) 2", "timestamp": null, "begin": null, "end": null, "altitudemo": "absolute", "tessellate": -1, "extrude": 0, "visibility": -1, "draworder": null, "icon": null }, "geometry": { "type": "MultiPoint", "coordinates": [ [ -289808.60468592547, 5337009.5713299485, 0.0 ] ] } },
{ "type": "Feature", "properties": { "id": 1952, "name": "P.K. 33,700", "descriptio": "<html><body><table border=\"1\"><tr><th>Field Name<\/th><th>Field Value<\/th><\/tr><tr><td>LINEA \/ LÍNEA<\/td><td>BILBO-DONOSTIA \/ BILBAO-SAN SEBASTIAN<\/td><\/tr><tr><td>P.K.<\/td><td>33,700<\/td><\/tr><tr><td>ITURRIA \/ FUENTE<\/td><td>Euskal Trenbide Sarea (ETS) 2", "timestamp": null, "begin": null, "end": null, "altitudemo": "absolute", "tessellate": -1, "extrude": 0, "visibility": -1, "draworder": null, "icon": null }, "geometry": { "type": "MultiPoint", "coordinates": [ [ -289680.0121191896, 5337064.1353476578, 0.0 ] ] } },
{ "type": "Feature", "properties": { "id": 1953, "name": "P.K. 33,800", "descriptio": "<html><body><table border=\"1\"><tr><th>Field Name<\/th><th>Field Value<\/th><\/tr><tr><td>LINEA \/ LÍNEA<\/td><td>BILBO-DONOSTIA \/ BILBAO-SAN SEBASTIAN<\/td><\/tr><tr><td>P.K.<\/td><td>33,800<\/td><\/tr><tr><td>ITURRIA \/ FUENTE<\/td><td>Euskal Trenbide Sarea (ETS) 2", "timestamp": null, "begin": null, "end": null, "altitudemo": "absolute", "tessellate": -1, "extrude": 0, "visibility": -1, "draworder": null, "icon": null }, "geometry": { "type": "MultiPoint", "coordinates": [ [ -289552.89526642475, 5337115.6923058862, 0.0 ] ] } },
{ "type": "Feature", "properties": { "id": 1954, "name": "P.K. 33,900", "descriptio": "<html><body><table border=\"1\"><tr><th>Field Name<\/th><th>Field Value<\/th><\/tr><tr><td>LINEA \/ LÍNEA<\/td><td>BILBO-DONOSTIA \/ BILBAO-SAN SEBASTIAN<\/td><\/tr><tr><td>P.K.<\/td><td>33,900<\/td><\/tr><tr><td>ITURRIA \/ FUENTE<\/td><td>Euskal Trenbide Sarea (ETS) 2", "timestamp": null, "begin": null, "end": null, "altitudemo": "absolute", "tessellate": -1, "extrude": 0, "visibility": -1, "draworder": null, "icon": null }, "geometry": { "type": "MultiPoint", "coordinates": [ [ -289427.86161803023, 5337174.052609059, 0.0 ] ] } },
{ "type": "Feature", "properties": { "id": 1955, "name": "P.K. 34,000", "descriptio": "<html><body><table border=\"1\"><tr><th>Field Name<\/th><th>Field Value<\/th><\/tr><tr><td>LINEA \/ LÍNEA<\/td><td>BILBO-DONOSTIA \/ BILBAO-SAN SEBASTIAN<\/td><\/tr><tr><td>P.K.<\/td><td>34,000<\/td><\/tr><tr><td>ITURRIA \/ FUENTE<\/td><td>Euskal Trenbide Sarea (ETS) 2", "timestamp": null, "begin": null, "end": null, "altitudemo": "absolute", "tessellate": -1, "extrude": 0, "visibility": -1, "draworder": null, "icon": null }, "geometry": { "type": "MultiPoint", "coordinates": [ [ -289299.8637092, 5337227.3517364347, 0.0 ] ] } },
{ "type": "Feature", "properties": { "id": 1956, "name": "P.K. 34,100", "descriptio": "<html><body><table border=\"1\"><tr><th>Field Name<\/th><th>Field Value<\/th><\/tr><tr><td>LINEA \/ LÍNEA<\/td><td>BILBO-DONOSTIA \/ BILBAO-SAN SEBASTIAN<\/td><\/tr><tr><td>P.K.<\/td><td>34,100<\/td><\/tr><tr><td>ITURRIA \/ FUENTE<\/td><td>Euskal Trenbide Sarea (ETS) 2", "timestamp": null, "begin": null, "end": null, "altitudemo": "absolute", "tessellate": -1, "extrude": 0, "visibility": -1, "draworder": null, "icon": null }, "geometry": { "type": "MultiPoint", "coordinates": [ [ -289172.15364966204, 5337282.3788892291, 0.0 ] ] } },
{ "type": "Feature", "properties": { "id": 1957, "name": "P.K. 34,200", "descriptio": "<html><body><table border=\"1\"><tr><th>Field Name<\/th><th>Field Value<\/th><\/tr><tr><td>LINEA \/ LÍNEA<\/td><td>BILBO-DONOSTIA \/ BILBAO-SAN SEBASTIAN<\/td><\/tr><tr><td>P.K.<\/td><td>34,200<\/td><\/tr><tr><td>ITURRIA \/ FUENTE<\/td><td>Euskal Trenbide Sarea (ETS) 2", "timestamp": null, "begin": null, "end": null, "altitudemo": "absolute", "tessellate": -1, "extrude": 0, "visibility": -1, "draworder": null, "icon": null }, "geometry": { "type": "MultiPoint", "coordinates": [ [ -289046.3633516074, 5337335.394139546, 0.0 ] ] } },
{ "type": "Feature", "properties": { "id": 1958, "name": "P.K. 34,300", "descriptio": "<html><body><table border=\"1\"><tr><th>Field Name<\/th><th>Field Value<\/th><\/tr><tr><td>LINEA \/ LÍNEA<\/td><td>BILBO-DONOSTIA \/ BILBAO-SAN SEBASTIAN<\/td><\/tr><tr><td>P.K.<\/td><td>34,300<\/td><\/tr><tr><td>ITURRIA \/ FUENTE<\/td><td>Euskal Trenbide Sarea (ETS) 2", "timestamp": null, "begin": null, "end": null, "altitudemo": "absolute", "tessellate": -1, "extrude": 0, "visibility": -1, "draworder": null, "icon": null }, "geometry": { "type": "MultiPoint", "coordinates": [ [ -288920.990884314, 5337390.3585775066, 0.0 ] ] } },
{ "type": "Feature", "properties": { "id": 1959, "name": "P.K. 34,400", "descriptio": "<html><body><table border=\"1\"><tr><th>Field Name<\/th><th>Field Value<\/th><\/tr><tr><td>LINEA \/ LÍNEA<\/td><td>BILBO-DONOSTIA \/ BILBAO-SAN SEBASTIAN<\/td><\/tr><tr><td>P.K.<\/td><td>34,400<\/td><\/tr><tr><td>ITURRIA \/ FUENTE<\/td><td>Euskal Trenbide Sarea (ETS) 2", "timestamp": null, "begin": null, "end": null, "altitudemo": "absolute", "tessellate": -1, "extrude": 0, "visibility": -1, "draworder": null, "icon": null }, "geometry": { "type": "MultiPoint", "coordinates": [ [ -288792.66245385696, 5337442.0365500785, 0.0 ] ] } },
{ "type": "Feature", "properties": { "id": 1960, "name": "P.K. 34,500", "descriptio": "<html><body><table border=\"1\"><tr><th>Field Name<\/th><th>Field Value<\/th><\/tr><tr><td>LINEA \/ LÍNEA<\/td><td>BILBO-DONOSTIA \/ BILBAO-SAN SEBASTIAN<\/td><\/tr><tr><td>P.K.<\/td><td>34,500<\/td><\/tr><tr><td>ITURRIA \/ FUENTE<\/td><td>Euskal Trenbide Sarea (ETS) 2", "timestamp": null, "begin": null, "end": null, "altitudemo": "absolute", "tessellate": -1, "extrude": 0, "visibility": -1, "draworder": null, "icon": null }, "geometry": { "type": "MultiPoint", "coordinates": [ [ -288680.13134254923, 5337491.0197158465, 0.0 ] ] } },
{ "type": "Feature", "properties": { "id": 1961, "name": "P.K. 34,600", "descriptio": "<html><body><table border=\"1\"><tr><th>Field Name<\/th><th>Field Value<\/th><\/tr><tr><td>LINEA \/ LÍNEA<\/td><td>BILBO-DONOSTIA \/ BILBAO-SAN SEBASTIAN<\/td><\/tr><tr><td>P.K.<\/td><td>34,600<\/td><\/tr><tr><td>ITURRIA \/ FUENTE<\/td><td>Euskal Trenbide Sarea (ETS) 2", "timestamp": null, "begin": null, "end": null, "altitudemo": "absolute", "tessellate": -1, "extrude": 0, "visibility": -1, "draworder": null, "icon": null }, "geometry": { "type": "MultiPoint", "coordinates": [ [ -288552.04036622931, 5337535.4260028498, 0.0 ] ] } },
{ "type": "Feature", "properties": { "id": 1962, "name": "P.K. 34,700", "descriptio": "<html><body><table border=\"1\"><tr><th>Field Name<\/th><th>Field Value<\/th><\/tr><tr><td>LINEA \/ LÍNEA<\/td><td>BILBO-DONOSTIA \/ BILBAO-SAN SEBASTIAN<\/td><\/tr><tr><td>P.K.<\/td><td>34,700<\/td><\/tr><tr><td>ITURRIA \/ FUENTE<\/td><td>Euskal Trenbide Sarea (ETS) 2", "timestamp": null, "begin": null, "end": null, "altitudemo": "absolute", "tessellate": -1, "extrude": 0, "visibility": -1, "draworder": null, "icon": null }, "geometry": { "type": "MultiPoint", "coordinates": [ [ -288430.65050189302, 5337571.6220627101, 0.0 ] ] } },
{ "type": "Feature", "properties": { "id": 1963, "name": "P.K. 35,100", "descriptio": "<html><body><table border=\"1\"><tr><th>Field Name<\/th><th>Field Value<\/th><\/tr><tr><td>LINEA \/ LÍNEA<\/td><td>BILBO-DONOSTIA \/ BILBAO-SAN SEBASTIAN<\/td><\/tr><tr><td>P.K.<\/td><td>35,100<\/td><\/tr><tr><td>ITURRIA \/ FUENTE<\/td><td>Euskal Trenbide Sarea (ETS) 2", "timestamp": null, "begin": null, "end": null, "altitudemo": "absolute", "tessellate": -1, "extrude": 0, "visibility": -1, "draworder": null, "icon": null }, "geometry": { "type": "MultiPoint", "coordinates": [ [ -288349.02169775561, 5337595.8994709291, 0.0 ] ] } },
{ "type": "Feature", "properties": { "id": 1964, "name": "P.K. 35,200", "descriptio": "<html><body><table border=\"1\"><tr><th>Field Name<\/th><th>Field Value<\/th><\/tr><tr><td>LINEA \/ LÍNEA<\/td><td>BILBO-DONOSTIA \/ BILBAO-SAN SEBASTIAN<\/td><\/tr><tr><td>P.K.<\/td><td>35,200<\/td><\/tr><tr><td>ITURRIA \/ FUENTE<\/td><td>Euskal Trenbide Sarea (ETS) 2", "timestamp": null, "begin": null, "end": null, "altitudemo": "absolute", "tessellate": -1, "extrude": 0, "visibility": -1, "draworder": null, "icon": null }, "geometry": { "type": "MultiPoint", "coordinates": [ [ -288218.10920739442, 5337634.4725830248, 0.0 ] ] } },
{ "type": "Feature", "properties": { "id": 1965, "name": "P.K. 35,300", "descriptio": "<html><body><table border=\"1\"><tr><th>Field Name<\/th><th>Field Value<\/th><\/tr><tr><td>LINEA \/ LÍNEA<\/td><td>BILBO-DONOSTIA \/ BILBAO-SAN SEBASTIAN<\/td><\/tr><tr><td>P.K.<\/td><td>35,300<\/td><\/tr><tr><td>ITURRIA \/ FUENTE<\/td><td>Euskal Trenbide Sarea (ETS) 2", "timestamp": null, "begin": null, "end": null, "altitudemo": "absolute", "tessellate": -1, "extrude": 0, "visibility": -1, "draworder": null, "icon": null }, "geometry": { "type": "MultiPoint", "coordinates": [ [ -288086.92539762845, 5337673.1935767634, 0.0 ] ] } },
{ "type": "Feature", "properties": { "id": 1966, "name": "P.K. 35,400", "descriptio": "<html><body><table border=\"1\"><tr><th>Field Name<\/th><th>Field Value<\/th><\/tr><tr><td>LINEA \/ LÍNEA<\/td><td>BILBO-DONOSTIA \/ BILBAO-SAN SEBASTIAN<\/td><\/tr><tr><td>P.K.<\/td><td>35,400<\/td><\/tr><tr><td>ITURRIA \/ FUENTE<\/td><td>Euskal Trenbide Sarea (ETS) 2", "timestamp": null, "begin": null, "end": null, "altitudemo": "absolute", "tessellate": -1, "extrude": 0, "visibility": -1, "draworder": null, "icon": null }, "geometry": { "type": "MultiPoint", "coordinates": [ [ -287955.14837384399, 5337711.3769433144, 0.0 ] ] } },
{ "type": "Feature", "properties": { "id": 1967, "name": "P.K. 35,500", "descriptio": "<html><body><table border=\"1\"><tr><th>Field Name<\/th><th>Field Value<\/th><\/tr><tr><td>LINEA \/ LÍNEA<\/td><td>BILBO-DONOSTIA \/ BILBAO-SAN SEBASTIAN<\/td><\/tr><tr><td>P.K.<\/td><td>35,500<\/td><\/tr><tr><td>ITURRIA \/ FUENTE<\/td><td>Euskal Trenbide Sarea (ETS) 2", "timestamp": null, "begin": null, "end": null, "altitudemo": "absolute", "tessellate": -1, "extrude": 0, "visibility": -1, "draworder": null, "icon": null }, "geometry": { "type": "MultiPoint", "coordinates": [ [ -287821.46019701677, 5337722.6285189632, 0.0 ] ] } },
{ "type": "Feature", "properties": { "id": 1968, "name": "P.K. 35,600", "descriptio": "<html><body><table border=\"1\"><tr><th>Field Name<\/th><th>Field Value<\/th><\/tr><tr><td>LINEA \/ LÍNEA<\/td><td>BILBO-DONOSTIA \/ BILBAO-SAN SEBASTIAN<\/td><\/tr><tr><td>P.K.<\/td><td>35,600<\/td><\/tr><tr><td>ITURRIA \/ FUENTE<\/td><td>Euskal Trenbide Sarea (ETS) 2", "timestamp": null, "begin": null, "end": null, "altitudemo": "absolute", "tessellate": -1, "extrude": 0, "visibility": -1, "draworder": null, "icon": null }, "geometry": { "type": "MultiPoint", "coordinates": [ [ -287696.08864100568, 5337672.7896022396, 0.0 ] ] } },
{ "type": "Feature", "properties": { "id": 1969, "name": "P.K. 35,700", "descriptio": "<html><body><table border=\"1\"><tr><th>Field Name<\/th><th>Field Value<\/th><\/tr><tr><td>LINEA \/ LÍNEA<\/td><td>BILBO-DONOSTIA \/ BILBAO-SAN SEBASTIAN<\/td><\/tr><tr><td>P.K.<\/td><td>35,700<\/td><\/tr><tr><td>ITURRIA \/ FUENTE<\/td><td>Euskal Trenbide Sarea (ETS) 2", "timestamp": null, "begin": null, "end": null, "altitudemo": "absolute", "tessellate": -1, "extrude": 0, "visibility": -1, "draworder": null, "icon": null }, "geometry": { "type": "MultiPoint", "coordinates": [ [ -287570.6495945105, 5337607.139552271, 0.0 ] ] } },
{ "type": "Feature", "properties": { "id": 1970, "name": "P.K. 35,800", "descriptio": "<html><body><table border=\"1\"><tr><th>Field Name<\/th><th>Field Value<\/th><\/tr><tr><td>LINEA \/ LÍNEA<\/td><td>BILBO-DONOSTIA \/ BILBAO-SAN SEBASTIAN<\/td><\/tr><tr><td>P.K.<\/td><td>35,800<\/td><\/tr><tr><td>ITURRIA \/ FUENTE<\/td><td>Euskal Trenbide Sarea (ETS) 2", "timestamp": null, "begin": null, "end": null, "altitudemo": "absolute", "tessellate": -1, "extrude": 0, "visibility": -1, "draworder": null, "icon": null }, "geometry": { "type": "MultiPoint", "coordinates": [ [ -287449.31724504498, 5337542.4930240354, 0.0 ] ] } },
{ "type": "Feature", "properties": { "id": 1971, "name": "P.K. 35,900", "descriptio": "<html><body><table border=\"1\"><tr><th>Field Name<\/th><th>Field Value<\/th><\/tr><tr><td>LINEA \/ LÍNEA<\/td><td>BILBO-DONOSTIA \/ BILBAO-SAN SEBASTIAN<\/td><\/tr><tr><td>P.K.<\/td><td>35,900<\/td><\/tr><tr><td>ITURRIA \/ FUENTE<\/td><td>Euskal Trenbide Sarea (ETS) 2", "timestamp": null, "begin": null, "end": null, "altitudemo": "absolute", "tessellate": -1, "extrude": 0, "visibility": -1, "draworder": null, "icon": null }, "geometry": { "type": "MultiPoint", "coordinates": [ [ -287329.13374712714, 5337480.5169942286, 0.0 ] ] } },
{ "type": "Feature", "properties": { "id": 1972, "name": "P.K. 36,000", "descriptio": "<html><body><table border=\"1\"><tr><th>Field Name<\/th><th>Field Value<\/th><\/tr><tr><td>LINEA \/ LÍNEA<\/td><td>BILBO-DONOSTIA \/ BILBAO-SAN SEBASTIAN<\/td><\/tr><tr><td>P.K.<\/td><td>36,000<\/td><\/tr><tr><td>ITURRIA \/ FUENTE<\/td><td>Euskal Trenbide Sarea (ETS) 2", "timestamp": null, "begin": null, "end": null, "altitudemo": "absolute", "tessellate": -1, "extrude": 0, "visibility": -1, "draworder": null, "icon": null }, "geometry": { "type": "MultiPoint", "coordinates": [ [ -287209.59617724008, 5337415.1136180181, 0.0 ] ] } },
{ "type": "Feature", "properties": { "id": 1973, "name": "P.K. 36,100", "descriptio": "<html><body><table border=\"1\"><tr><th>Field Name<\/th><th>Field Value<\/th><\/tr><tr><td>LINEA \/ LÍNEA<\/td><td>BILBO-DONOSTIA \/ BILBAO-SAN SEBASTIAN<\/td><\/tr><tr><td>P.K.<\/td><td>36,100<\/td><\/tr><tr><td>ITURRIA \/ FUENTE<\/td><td>Euskal Trenbide Sarea (ETS) 2", "timestamp": null, "begin": null, "end": null, "altitudemo": "absolute", "tessellate": -1, "extrude": 0, "visibility": -1, "draworder": null, "icon": null }, "geometry": { "type": "MultiPoint", "coordinates": [ [ -287088.07847212732, 5337350.8478536066, 0.0 ] ] } },
{ "type": "Feature", "properties": { "id": 1974, "name": "P.K. 36,200", "descriptio": "<html><body><table border=\"1\"><tr><th>Field Name<\/th><th>Field Value<\/th><\/tr><tr><td>LINEA \/ LÍNEA<\/td><td>BILBO-DONOSTIA \/ BILBAO-SAN SEBASTIAN<\/td><\/tr><tr><td>P.K.<\/td><td>36,200<\/td><\/tr><tr><td>ITURRIA \/ FUENTE<\/td><td>Euskal Trenbide Sarea (ETS) 2", "timestamp": null, "begin": null, "end": null, "altitudemo": "absolute", "tessellate": -1, "extrude": 0, "visibility": -1, "draworder": null, "icon": null }, "geometry": { "type": "MultiPoint", "coordinates": [ [ -286962.74639322993, 5337298.5190029824, 0.0 ] ] } },
{ "type": "Feature", "properties": { "id": 1975, "name": "P.K. 36,300", "descriptio": "<html><body><table border=\"1\"><tr><th>Field Name<\/th><th>Field Value<\/th><\/tr><tr><td>LINEA \/ LÍNEA<\/td><td>BILBO-DONOSTIA \/ BILBAO-SAN SEBASTIAN<\/td><\/tr><tr><td>P.K.<\/td><td>36,300<\/td><\/tr><tr><td>ITURRIA \/ FUENTE<\/td><td>Euskal Trenbide Sarea (ETS) 2", "timestamp": null, "begin": null, "end": null, "altitudemo": "absolute", "tessellate": -1, "extrude": 0, "visibility": -1, "draworder": null, "icon": null }, "geometry": { "type": "MultiPoint", "coordinates": [ [ -286824.86775235966, 5337302.7109410353, 0.0 ] ] } },
{ "type": "Feature", "properties": { "id": 1976, "name": "P.K. 36,400", "descriptio": "<html><body><table border=\"1\"><tr><th>Field Name<\/th><th>Field Value<\/th><\/tr><tr><td>LINEA \/ LÍNEA<\/td><td>BILBO-DONOSTIA \/ BILBAO-SAN SEBASTIAN<\/td><\/tr><tr><td>P.K.<\/td><td>36,400<\/td><\/tr><tr><td>ITURRIA \/ FUENTE<\/td><td>Euskal Trenbide Sarea (ETS) 2", "timestamp": null, "begin": null, "end": null, "altitudemo": "absolute", "tessellate": -1, "extrude": 0, "visibility": -1, "draworder": null, "icon": null }, "geometry": { "type": "MultiPoint", "coordinates": [ [ -286708.55592237477, 5337369.1525936425, 0.0 ] ] } },
{ "type": "Feature", "properties": { "id": 1977, "name": "P.K. 36,500", "descriptio": "<html><body><table border=\"1\"><tr><th>Field Name<\/th><th>Field Value<\/th><\/tr><tr><td>LINEA \/ LÍNEA<\/td><td>BILBO-DONOSTIA \/ BILBAO-SAN SEBASTIAN<\/td><\/tr><tr><td>P.K.<\/td><td>36,500<\/td><\/tr><tr><td>ITURRIA \/ FUENTE<\/td><td>Euskal Trenbide Sarea (ETS) 2", "timestamp": null, "begin": null, "end": null, "altitudemo": "absolute", "tessellate": -1, "extrude": 0, "visibility": -1, "draworder": null, "icon": null }, "geometry": { "type": "MultiPoint", "coordinates": [ [ -286639.03792897001, 5337486.3016443616, 0.0 ] ] } },
{ "type": "Feature", "properties": { "id": 1978, "name": "P.K. 36,600", "descriptio": "<html><body><table border=\"1\"><tr><th>Field Name<\/th><th>Field Value<\/th><\/tr><tr><td>LINEA \/ LÍNEA<\/td><td>BILBO-DONOSTIA \/ BILBAO-SAN SEBASTIAN<\/td><\/tr><tr><td>P.K.<\/td><td>36,600<\/td><\/tr><tr><td>ITURRIA \/ FUENTE<\/td><td>Euskal Trenbide Sarea (ETS) 2", "timestamp": null, "begin": null, "end": null, "altitudemo": "absolute", "tessellate": -1, "extrude": 0, "visibility": -1, "draworder": null, "icon": null }, "geometry": { "type": "MultiPoint", "coordinates": [ [ -286592.3966343521, 5337616.0528720999, 0.0 ] ] } },
{ "type": "Feature", "properties": { "id": 1979, "name": "P.K. 36,700", "descriptio": "<html><body><table border=\"1\"><tr><th>Field Name<\/th><th>Field Value<\/th><\/tr><tr><td>LINEA \/ LÍNEA<\/td><td>BILBO-DONOSTIA \/ BILBAO-SAN SEBASTIAN<\/td><\/tr><tr><td>P.K.<\/td><td>36,700<\/td><\/tr><tr><td>ITURRIA \/ FUENTE<\/td><td>Euskal Trenbide Sarea (ETS) 2", "timestamp": null, "begin": null, "end": null, "altitudemo": "absolute", "tessellate": -1, "extrude": 0, "visibility": -1, "draworder": null, "icon": null }, "geometry": { "type": "MultiPoint", "coordinates": [ [ -286550.06038625317, 5337747.0589594217, 0.0 ] ] } },
{ "type": "Feature", "properties": { "id": 2060, "name": "P.K. 6,800", "descriptio": "<html><body><table border=\"1\"><tr><th>Field Name<\/th><th>Field Value<\/th><\/tr><tr><td>LINEA \/ LÍNEA<\/td><td>BILBO-DONOSTIA \/ BILBAO-SAN SEBASTIAN<\/td><\/tr><tr><td>P.K.<\/td><td>6,800<\/td><\/tr><tr><td>ITURRIA \/ FUENTE<\/td><td>Euskal Trenbide Sarea (ETS) 20", "timestamp": null, "begin": null, "end": null, "altitudemo": "absolute", "tessellate": -1, "extrude": 0, "visibility": -1, "draworder": null, "icon": null }, "geometry": { "type": "MultiPoint", "coordinates": [ [ -319785.49245800346, 5347606.2316507315, 0.0 ] ] } },
{ "type": "Feature", "properties": { "id": 2061, "name": "P.K. 6,900", "descriptio": "<html><body><table border=\"1\"><tr><th>Field Name<\/th><th>Field Value<\/th><\/tr><tr><td>LINEA \/ LÍNEA<\/td><td>BILBO-DONOSTIA \/ BILBAO-SAN SEBASTIAN<\/td><\/tr><tr><td>P.K.<\/td><td>6,900<\/td><\/tr><tr><td>ITURRIA \/ FUENTE<\/td><td>Euskal Trenbide Sarea (ETS) 20", "timestamp": null, "begin": null, "end": null, "altitudemo": "absolute", "tessellate": -1, "extrude": 0, "visibility": -1, "draworder": null, "icon": null }, "geometry": { "type": "MultiPoint", "coordinates": [ [ -319692.31381487078, 5347505.2006260203, 0.0 ] ] } },
{ "type": "Feature", "properties": { "id": 2062, "name": "P.K. 7,000", "descriptio": "<html><body><table border=\"1\"><tr><th>Field Name<\/th><th>Field Value<\/th><\/tr><tr><td>LINEA \/ LÍNEA<\/td><td>BILBO-DONOSTIA \/ BILBAO-SAN SEBASTIAN<\/td><\/tr><tr><td>P.K.<\/td><td>7,000<\/td><\/tr><tr><td>ITURRIA \/ FUENTE<\/td><td>Euskal Trenbide Sarea (ETS) 20", "timestamp": null, "begin": null, "end": null, "altitudemo": "absolute", "tessellate": -1, "extrude": 0, "visibility": -1, "draworder": null, "icon": null }, "geometry": { "type": "MultiPoint", "coordinates": [ [ -319589.4850842685, 5347413.5331235733, 0.0 ] ] } },
{ "type": "Feature", "properties": { "id": 2063, "name": "P.K. 7,100", "descriptio": "<html><body><table border=\"1\"><tr><th>Field Name<\/th><th>Field Value<\/th><\/tr><tr><td>LINEA \/ LÍNEA<\/td><td>BILBO-DONOSTIA \/ BILBAO-SAN SEBASTIAN<\/td><\/tr><tr><td>P.K.<\/td><td>7,100<\/td><\/tr><tr><td>ITURRIA \/ FUENTE<\/td><td>Euskal Trenbide Sarea (ETS) 20", "timestamp": null, "begin": null, "end": null, "altitudemo": "absolute", "tessellate": -1, "extrude": 0, "visibility": -1, "draworder": null, "icon": null }, "geometry": { "type": "MultiPoint", "coordinates": [ [ -319484.27886635548, 5347322.4979795367, 0.0 ] ] } },
{ "type": "Feature", "properties": { "id": 2064, "name": "P.K. 7,200", "descriptio": "<html><body><table border=\"1\"><tr><th>Field Name<\/th><th>Field Value<\/th><\/tr><tr><td>LINEA \/ LÍNEA<\/td><td>BILBO-DONOSTIA \/ BILBAO-SAN SEBASTIAN<\/td><\/tr><tr><td>P.K.<\/td><td>7,200<\/td><\/tr><tr><td>ITURRIA \/ FUENTE<\/td><td>Euskal Trenbide Sarea (ETS) 20", "timestamp": null, "begin": null, "end": null, "altitudemo": "absolute", "tessellate": -1, "extrude": 0, "visibility": -1, "draworder": null, "icon": null }, "geometry": { "type": "MultiPoint", "coordinates": [ [ -319369.48030641733, 5347244.8416872676, 0.0 ] ] } },
{ "type": "Feature", "properties": { "id": 2065, "name": "P.K. 7,300", "descriptio": "<html><body><table border=\"1\"><tr><th>Field Name<\/th><th>Field Value<\/th><\/tr><tr><td>LINEA \/ LÍNEA<\/td><td>BILBO-DONOSTIA \/ BILBAO-SAN SEBASTIAN<\/td><\/tr><tr><td>P.K.<\/td><td>7,300<\/td><\/tr><tr><td>ITURRIA \/ FUENTE<\/td><td>Euskal Trenbide Sarea (ETS) 20", "timestamp": null, "begin": null, "end": null, "altitudemo": "absolute", "tessellate": -1, "extrude": 0, "visibility": -1, "draworder": null, "icon": null }, "geometry": { "type": "MultiPoint", "coordinates": [ [ -319250.38554390875, 5347169.5207771594, 0.0 ] ] } },
{ "type": "Feature", "properties": { "id": 2066, "name": "P.K. 7,400", "descriptio": "<html><body><table border=\"1\"><tr><th>Field Name<\/th><th>Field Value<\/th><\/tr><tr><td>LINEA \/ LÍNEA<\/td><td>BILBO-DONOSTIA \/ BILBAO-SAN SEBASTIAN<\/td><\/tr><tr><td>P.K.<\/td><td>7,400<\/td><\/tr><tr><td>ITURRIA \/ FUENTE<\/td><td>Euskal Trenbide Sarea (ETS) 20", "timestamp": null, "begin": null, "end": null, "altitudemo": "absolute", "tessellate": -1, "extrude": 0, "visibility": -1, "draworder": null, "icon": null }, "geometry": { "type": "MultiPoint", "coordinates": [ [ -319137.96949630085, 5347105.3821834577, 0.0 ] ] } },
{ "type": "Feature", "properties": { "id": 2067, "name": "P.K. 7,500", "descriptio": "<html><body><table border=\"1\"><tr><th>Field Name<\/th><th>Field Value<\/th><\/tr><tr><td>LINEA \/ LÍNEA<\/td><td>BILBO-DONOSTIA \/ BILBAO-SAN SEBASTIAN<\/td><\/tr><tr><td>P.K.<\/td><td>7,500<\/td><\/tr><tr><td>ITURRIA \/ FUENTE<\/td><td>Euskal Trenbide Sarea (ETS) 20", "timestamp": null, "begin": null, "end": null, "altitudemo": "absolute", "tessellate": -1, "extrude": 0, "visibility": -1, "draworder": null, "icon": null }, "geometry": { "type": "MultiPoint", "coordinates": [ [ -318998.44494907669, 5347076.047354213, 0.0 ] ] } },
{ "type": "Feature", "properties": { "id": 2068, "name": "P.K. 7,600", "descriptio": "<html><body><table border=\"1\"><tr><th>Field Name<\/th><th>Field Value<\/th><\/tr><tr><td>LINEA \/ LÍNEA<\/td><td>BILBO-DONOSTIA \/ BILBAO-SAN SEBASTIAN<\/td><\/tr><tr><td>P.K.<\/td><td>7,600<\/td><\/tr><tr><td>ITURRIA \/ FUENTE<\/td><td>Euskal Trenbide Sarea (ETS) 20", "timestamp": null, "begin": null, "end": null, "altitudemo": "absolute", "tessellate": -1, "extrude": 0, "visibility": -1, "draworder": null, "icon": null }, "geometry": { "type": "MultiPoint", "coordinates": [ [ -318869.72005732975, 5347047.2794961035, 0.0 ] ] } },
{ "type": "Feature", "properties": { "id": 2069, "name": "P.K. 7,700", "descriptio": "<html><body><table border=\"1\"><tr><th>Field Name<\/th><th>Field Value<\/th><\/tr><tr><td>LINEA \/ LÍNEA<\/td><td>BILBO-DONOSTIA \/ BILBAO-SAN SEBASTIAN<\/td><\/tr><tr><td>P.K.<\/td><td>7,700<\/td><\/tr><tr><td>ITURRIA \/ FUENTE<\/td><td>Euskal Trenbide Sarea (ETS) 20", "timestamp": null, "begin": null, "end": null, "altitudemo": "absolute", "tessellate": -1, "extrude": 0, "visibility": -1, "draworder": null, "icon": null }, "geometry": { "type": "MultiPoint", "coordinates": [ [ -318736.0787384198, 5347025.8766839895, 0.0 ] ] } },
{ "type": "Feature", "properties": { "id": 2070, "name": "P.K. 7,800", "descriptio": "<html><body><table border=\"1\"><tr><th>Field Name<\/th><th>Field Value<\/th><\/tr><tr><td>LINEA \/ LÍNEA<\/td><td>BILBO-DONOSTIA \/ BILBAO-SAN SEBASTIAN<\/td><\/tr><tr><td>P.K.<\/td><td>7,800<\/td><\/tr><tr><td>ITURRIA \/ FUENTE<\/td><td>Euskal Trenbide Sarea (ETS) 20", "timestamp": null, "begin": null, "end": null, "altitudemo": "absolute", "tessellate": -1, "extrude": 0, "visibility": -1, "draworder": null, "icon": null }, "geometry": { "type": "MultiPoint", "coordinates": [ [ -318601.02659649705, 5347002.1360868318, 0.0 ] ] } },
{ "type": "Feature", "properties": { "id": 2071, "name": "P.K. 7,900", "descriptio": "<html><body><table border=\"1\"><tr><th>Field Name<\/th><th>Field Value<\/th><\/tr><tr><td>LINEA \/ LÍNEA<\/td><td>BILBO-DONOSTIA \/ BILBAO-SAN SEBASTIAN<\/td><\/tr><tr><td>P.K.<\/td><td>7,900<\/td><\/tr><tr><td>ITURRIA \/ FUENTE<\/td><td>Euskal Trenbide Sarea (ETS) 20", "timestamp": null, "begin": null, "end": null, "altitudemo": "absolute", "tessellate": -1, "extrude": 0, "visibility": -1, "draworder": null, "icon": null }, "geometry": { "type": "MultiPoint", "coordinates": [ [ -318469.38476658263, 5346966.5503948489, 0.0 ] ] } },
{ "type": "Feature", "properties": { "id": 2072, "name": "P.K. 8,000", "descriptio": "<html><body><table border=\"1\"><tr><th>Field Name<\/th><th>Field Value<\/th><\/tr><tr><td>LINEA \/ LÍNEA<\/td><td>BILBO-DONOSTIA \/ BILBAO-SAN SEBASTIAN<\/td><\/tr><tr><td>P.K.<\/td><td>8,000<\/td><\/tr><tr><td>ITURRIA \/ FUENTE<\/td><td>Euskal Trenbide Sarea (ETS) 20", "timestamp": null, "begin": null, "end": null, "altitudemo": "absolute", "tessellate": -1, "extrude": 0, "visibility": -1, "draworder": null, "icon": null }, "geometry": { "type": "MultiPoint", "coordinates": [ [ -318336.38292738597, 5346929.7535927705, 0.0 ] ] } },
{ "type": "Feature", "properties": { "id": 2073, "name": "P.K. 8,100", "descriptio": "<html><body><table border=\"1\"><tr><th>Field Name<\/th><th>Field Value<\/th><\/tr><tr><td>LINEA \/ LÍNEA<\/td><td>BILBO-DONOSTIA \/ BILBAO-SAN SEBASTIAN<\/td><\/tr><tr><td>P.K.<\/td><td>8,100<\/td><\/tr><tr><td>ITURRIA \/ FUENTE<\/td><td>Euskal Trenbide Sarea (ETS) 20", "timestamp": null, "begin": null, "end": null, "altitudemo": "absolute", "tessellate": -1, "extrude": 0, "visibility": -1, "draworder": null, "icon": null }, "geometry": { "type": "MultiPoint", "coordinates": [ [ -318204.94881516695, 5346891.6908998247, 0.0 ] ] } },
{ "type": "Feature", "properties": { "id": 2074, "name": "P.K. 8,200", "descriptio": "<html><body><table border=\"1\"><tr><th>Field Name<\/th><th>Field Value<\/th><\/tr><tr><td>LINEA \/ LÍNEA<\/td><td>BILBO-DONOSTIA \/ BILBAO-SAN SEBASTIAN<\/td><\/tr><tr><td>P.K.<\/td><td>8,200<\/td><\/tr><tr><td>ITURRIA \/ FUENTE<\/td><td>Euskal Trenbide Sarea (ETS) 20", "timestamp": null, "begin": null, "end": null, "altitudemo": "absolute", "tessellate": -1, "extrude": 0, "visibility": -1, "draworder": null, "icon": null }, "geometry": { "type": "MultiPoint", "coordinates": [ [ -318071.27031862357, 5346854.2048717719, 0.0 ] ] } },
{ "type": "Feature", "properties": { "id": 2075, "name": "P.K. 8,300", "descriptio": "<html><body><table border=\"1\"><tr><th>Field Name<\/th><th>Field Value<\/th><\/tr><tr><td>LINEA \/ LÍNEA<\/td><td>BILBO-DONOSTIA \/ BILBAO-SAN SEBASTIAN<\/td><\/tr><tr><td>P.K.<\/td><td>8,300<\/td><\/tr><tr><td>ITURRIA \/ FUENTE<\/td><td>Euskal Trenbide Sarea (ETS) 20", "timestamp": null, "begin": null, "end": null, "altitudemo": "absolute", "tessellate": -1, "extrude": 0, "visibility": -1, "draworder": null, "icon": null }, "geometry": { "type": "MultiPoint", "coordinates": [ [ -317936.71858016518, 5346840.6257894998, 0.0 ] ] } },
{ "type": "Feature", "properties": { "id": 2076, "name": "P.K. 8,400", "descriptio": "<html><body><table border=\"1\"><tr><th>Field Name<\/th><th>Field Value<\/th><\/tr><tr><td>LINEA \/ LÍNEA<\/td><td>BILBO-DONOSTIA \/ BILBAO-SAN SEBASTIAN<\/td><\/tr><tr><td>P.K.<\/td><td>8,400<\/td><\/tr><tr><td>ITURRIA \/ FUENTE<\/td><td>Euskal Trenbide Sarea (ETS) 20", "timestamp": null, "begin": null, "end": null, "altitudemo": "absolute", "tessellate": -1, "extrude": 0, "visibility": -1, "draworder": null, "icon": null }, "geometry": { "type": "MultiPoint", "coordinates": [ [ -317800.82120315195, 5346850.0446980167, 0.0 ] ] } },
{ "type": "Feature", "properties": { "id": 2077, "name": "P.K. 8,500", "descriptio": "<html><body><table border=\"1\"><tr><th>Field Name<\/th><th>Field Value<\/th><\/tr><tr><td>LINEA \/ LÍNEA<\/td><td>BILBO-DONOSTIA \/ BILBAO-SAN SEBASTIAN<\/td><\/tr><tr><td>P.K.<\/td><td>8,500<\/td><\/tr><tr><td>ITURRIA \/ FUENTE<\/td><td>Euskal Trenbide Sarea (ETS) 20", "timestamp": null, "begin": null, "end": null, "altitudemo": "absolute", "tessellate": -1, "extrude": 0, "visibility": -1, "draworder": null, "icon": null }, "geometry": { "type": "MultiPoint", "coordinates": [ [ -317664.40707294561, 5346857.4676768435, 0.0 ] ] } },
{ "type": "Feature", "properties": { "id": 2078, "name": "P.K. 8,600", "descriptio": "<html><body><table border=\"1\"><tr><th>Field Name<\/th><th>Field Value<\/th><\/tr><tr><td>LINEA \/ LÍNEA<\/td><td>BILBO-DONOSTIA \/ BILBAO-SAN SEBASTIAN<\/td><\/tr><tr><td>P.K.<\/td><td>8,600<\/td><\/tr><tr><td>ITURRIA \/ FUENTE<\/td><td>Euskal Trenbide Sarea (ETS) 20", "timestamp": null, "begin": null, "end": null, "altitudemo": "absolute", "tessellate": -1, "extrude": 0, "visibility": -1, "draworder": null, "icon": null }, "geometry": { "type": "MultiPoint", "coordinates": [ [ -317522.56312602788, 5346862.5375210857, 0.0 ] ] } },
{ "type": "Feature", "properties": { "id": 2079, "name": "P.K. 8,700", "descriptio": "<html><body><table border=\"1\"><tr><th>Field Name<\/th><th>Field Value<\/th><\/tr><tr><td>LINEA \/ LÍNEA<\/td><td>BILBO-DONOSTIA \/ BILBAO-SAN SEBASTIAN<\/td><\/tr><tr><td>P.K.<\/td><td>8,700<\/td><\/tr><tr><td>ITURRIA \/ FUENTE<\/td><td>Euskal Trenbide Sarea (ETS) 20", "timestamp": null, "begin": null, "end": null, "altitudemo": "absolute", "tessellate": -1, "extrude": 0, "visibility": -1, "draworder": null, "icon": null }, "geometry": { "type": "MultiPoint", "coordinates": [ [ -317397.89443270548, 5346821.2682512868, 0.0 ] ] } },
{ "type": "Feature", "properties": { "id": 2080, "name": "P.K. 8,800", "descriptio": "<html><body><table border=\"1\"><tr><th>Field Name<\/th><th>Field Value<\/th><\/tr><tr><td>LINEA \/ LÍNEA<\/td><td>BILBO-DONOSTIA \/ BILBAO-SAN SEBASTIAN<\/td><\/tr><tr><td>P.K.<\/td><td>8,800<\/td><\/tr><tr><td>ITURRIA \/ FUENTE<\/td><td>Euskal Trenbide Sarea (ETS) 20", "timestamp": null, "begin": null, "end": null, "altitudemo": "absolute", "tessellate": -1, "extrude": 0, "visibility": -1, "draworder": null, "icon": null }, "geometry": { "type": "MultiPoint", "coordinates": [ [ -317286.02093460248, 5346742.1841843342, 0.0 ] ] } },
{ "type": "Feature", "properties": { "id": 2081, "name": "P.K. 8,900", "descriptio": "<html><body><table border=\"1\"><tr><th>Field Name<\/th><th>Field Value<\/th><\/tr><tr><td>LINEA \/ LÍNEA<\/td><td>BILBO-DONOSTIA \/ BILBAO-SAN SEBASTIAN<\/td><\/tr><tr><td>P.K.<\/td><td>8,900<\/td><\/tr><tr><td>ITURRIA \/ FUENTE<\/td><td>Euskal Trenbide Sarea (ETS) 20", "timestamp": null, "begin": null, "end": null, "altitudemo": "absolute", "tessellate": -1, "extrude": 0, "visibility": -1, "draworder": null, "icon": null }, "geometry": { "type": "MultiPoint", "coordinates": [ [ -317197.74919608311, 5346638.0398478471, 0.0 ] ] } },
{ "type": "Feature", "properties": { "id": 2082, "name": "P.K. 9,000", "descriptio": "<html><body><table border=\"1\"><tr><th>Field Name<\/th><th>Field Value<\/th><\/tr><tr><td>LINEA \/ LÍNEA<\/td><td>BILBO-DONOSTIA \/ BILBAO-SAN SEBASTIAN<\/td><\/tr><tr><td>P.K.<\/td><td>9,000<\/td><\/tr><tr><td>ITURRIA \/ FUENTE<\/td><td>Euskal Trenbide Sarea (ETS) 20", "timestamp": null, "begin": null, "end": null, "altitudemo": "absolute", "tessellate": -1, "extrude": 0, "visibility": -1, "draworder": null, "icon": null }, "geometry": { "type": "MultiPoint", "coordinates": [ [ -317151.81038789818, 5346506.48757747, 0.0 ] ] } },
{ "type": "Feature", "properties": { "id": 2083, "name": "P.K. 9,100", "descriptio": "<html><body><table border=\"1\"><tr><th>Field Name<\/th><th>Field Value<\/th><\/tr><tr><td>LINEA \/ LÍNEA<\/td><td>BILBO-DONOSTIA \/ BILBAO-SAN SEBASTIAN<\/td><\/tr><tr><td>P.K.<\/td><td>9,100<\/td><\/tr><tr><td>ITURRIA \/ FUENTE<\/td><td>Euskal Trenbide Sarea (ETS) 20", "timestamp": null, "begin": null, "end": null, "altitudemo": "absolute", "tessellate": -1, "extrude": 0, "visibility": -1, "draworder": null, "icon": null }, "geometry": { "type": "MultiPoint", "coordinates": [ [ -317107.2021360576, 5346376.2877704883, 0.0 ] ] } },
{ "type": "Feature", "properties": { "id": 2084, "name": "P.K. 9,200", "descriptio": "<html><body><table border=\"1\"><tr><th>Field Name<\/th><th>Field Value<\/th><\/tr><tr><td>LINEA \/ LÍNEA<\/td><td>BILBO-DONOSTIA \/ BILBAO-SAN SEBASTIAN<\/td><\/tr><tr><td>P.K.<\/td><td>9,200<\/td><\/tr><tr><td>ITURRIA \/ FUENTE<\/td><td>Euskal Trenbide Sarea (ETS) 20", "timestamp": null, "begin": null, "end": null, "altitudemo": "absolute", "tessellate": -1, "extrude": 0, "visibility": -1, "draworder": null, "icon": null }, "geometry": { "type": "MultiPoint", "coordinates": [ [ -317025.03820049117, 5346265.3159175608, 0.0 ] ] } },
{ "type": "Feature", "properties": { "id": 2085, "name": "P.K. 9,300", "descriptio": "<html><body><table border=\"1\"><tr><th>Field Name<\/th><th>Field Value<\/th><\/tr><tr><td>LINEA \/ LÍNEA<\/td><td>BILBO-DONOSTIA \/ BILBAO-SAN SEBASTIAN<\/td><\/tr><tr><td>P.K.<\/td><td>9,300<\/td><\/tr><tr><td>ITURRIA \/ FUENTE<\/td><td>Euskal Trenbide Sarea (ETS) 20", "timestamp": null, "begin": null, "end": null, "altitudemo": "absolute", "tessellate": -1, "extrude": 0, "visibility": -1, "draworder": null, "icon": null }, "geometry": { "type": "MultiPoint", "coordinates": [ [ -316924.92733388447, 5346170.6152910925, 0.0 ] ] } },
{ "type": "Feature", "properties": { "id": 2086, "name": "P.K. 9,400", "descriptio": "<html><body><table border=\"1\"><tr><th>Field Name<\/th><th>Field Value<\/th><\/tr><tr><td>LINEA \/ LÍNEA<\/td><td>BILBO-DONOSTIA \/ BILBAO-SAN SEBASTIAN<\/td><\/tr><tr><td>P.K.<\/td><td>9,400<\/td><\/tr><tr><td>ITURRIA \/ FUENTE<\/td><td>Euskal Trenbide Sarea (ETS) 20", "timestamp": null, "begin": null, "end": null, "altitudemo": "absolute", "tessellate": -1, "extrude": 0, "visibility": -1, "draworder": null, "icon": null }, "geometry": { "type": "MultiPoint", "coordinates": [ [ -316794.70609228016, 5346125.2757930132, 0.0 ] ] } },
{ "type": "Feature", "properties": { "id": 2087, "name": "P.K. 9,500", "descriptio": "<html><body><table border=\"1\"><tr><th>Field Name<\/th><th>Field Value<\/th><\/tr><tr><td>LINEA \/ LÍNEA<\/td><td>BILBO-DONOSTIA \/ BILBAO-SAN SEBASTIAN<\/td><\/tr><tr><td>P.K.<\/td><td>9,500<\/td><\/tr><tr><td>ITURRIA \/ FUENTE<\/td><td>Euskal Trenbide Sarea (ETS) 20", "timestamp": null, "begin": null, "end": null, "altitudemo": "absolute", "tessellate": -1, "extrude": 0, "visibility": -1, "draworder": null, "icon": null }, "geometry": { "type": "MultiPoint", "coordinates": [ [ -316664.11737903504, 5346117.3517862447, 0.0 ] ] } },
{ "type": "Feature", "properties": { "id": 2088, "name": "P.K. 9,600", "descriptio": "<html><body><table border=\"1\"><tr><th>Field Name<\/th><th>Field Value<\/th><\/tr><tr><td>LINEA \/ LÍNEA<\/td><td>BILBO-DONOSTIA \/ BILBAO-SAN SEBASTIAN<\/td><\/tr><tr><td>P.K.<\/td><td>9,600<\/td><\/tr><tr><td>ITURRIA \/ FUENTE<\/td><td>Euskal Trenbide Sarea (ETS) 20", "timestamp": null, "begin": null, "end": null, "altitudemo": "absolute", "tessellate": -1, "extrude": 0, "visibility": -1, "draworder": null, "icon": null }, "geometry": { "type": "MultiPoint", "coordinates": [ [ -316528.45752654283, 5346126.2246386725, 0.0 ] ] } },
{ "type": "Feature", "properties": { "id": 2089, "name": "P.K. 9,700", "descriptio": "<html><body><table border=\"1\"><tr><th>Field Name<\/th><th>Field Value<\/th><\/tr><tr><td>LINEA \/ LÍNEA<\/td><td>BILBO-DONOSTIA \/ BILBAO-SAN SEBASTIAN<\/td><\/tr><tr><td>P.K.<\/td><td>9,700<\/td><\/tr><tr><td>ITURRIA \/ FUENTE<\/td><td>Euskal Trenbide Sarea (ETS) 20", "timestamp": null, "begin": null, "end": null, "altitudemo": "absolute", "tessellate": -1, "extrude": 0, "visibility": -1, "draworder": null, "icon": null }, "geometry": { "type": "MultiPoint", "coordinates": [ [ -316393.14106398204, 5346129.6251141718, 0.0 ] ] } },
{ "type": "Feature", "properties": { "id": 2090, "name": "P.K. 9,800", "descriptio": "<html><body><table border=\"1\"><tr><th>Field Name<\/th><th>Field Value<\/th><\/tr><tr><td>LINEA \/ LÍNEA<\/td><td>BILBO-DONOSTIA \/ BILBAO-SAN SEBASTIAN<\/td><\/tr><tr><td>P.K.<\/td><td>9,800<\/td><\/tr><tr><td>ITURRIA \/ FUENTE<\/td><td>Euskal Trenbide Sarea (ETS) 20", "timestamp": null, "begin": null, "end": null, "altitudemo": "absolute", "tessellate": -1, "extrude": 0, "visibility": -1, "draworder": null, "icon": null }, "geometry": { "type": "MultiPoint", "coordinates": [ [ -316261.25264389563, 5346091.7954780906, 0.0 ] ] } },
{ "type": "Feature", "properties": { "id": 2091, "name": "P.K. 9,900", "descriptio": "<html><body><table border=\"1\"><tr><th>Field Name<\/th><th>Field Value<\/th><\/tr><tr><td>LINEA \/ LÍNEA<\/td><td>BILBO-DONOSTIA \/ BILBAO-SAN SEBASTIAN<\/td><\/tr><tr><td>P.K.<\/td><td>9,900<\/td><\/tr><tr><td>ITURRIA \/ FUENTE<\/td><td>Euskal Trenbide Sarea (ETS) 20", "timestamp": null, "begin": null, "end": null, "altitudemo": "absolute", "tessellate": -1, "extrude": 0, "visibility": -1, "draworder": null, "icon": null }, "geometry": { "type": "MultiPoint", "coordinates": [ [ -316132.60172335914, 5346041.8810612289, 0.0 ] ] } },
{ "type": "Feature", "properties": { "id": 2092, "name": "P.K. 10,000", "descriptio": "<html><body><table border=\"1\"><tr><th>Field Name<\/th><th>Field Value<\/th><\/tr><tr><td>LINEA \/ LÍNEA<\/td><td>BILBO-DONOSTIA \/ BILBAO-SAN SEBASTIAN<\/td><\/tr><tr><td>P.K.<\/td><td>10,000<\/td><\/tr><tr><td>ITURRIA \/ FUENTE<\/td><td>Euskal Trenbide Sarea (ETS) 2", "timestamp": null, "begin": null, "end": null, "altitudemo": "absolute", "tessellate": -1, "extrude": 0, "visibility": -1, "draworder": null, "icon": null }, "geometry": { "type": "MultiPoint", "coordinates": [ [ -316004.767954465, 5345990.5051127868, 0.0 ] ] } },
{ "type": "Feature", "properties": { "id": 2093, "name": "P.K. 10,100", "descriptio": "<html><body><table border=\"1\"><tr><th>Field Name<\/th><th>Field Value<\/th><\/tr><tr><td>LINEA \/ LÍNEA<\/td><td>BILBO-DONOSTIA \/ BILBAO-SAN SEBASTIAN<\/td><\/tr><tr><td>P.K.<\/td><td>10,100<\/td><\/tr><tr><td>ITURRIA \/ FUENTE<\/td><td>Euskal Trenbide Sarea (ETS) 2", "timestamp": null, "begin": null, "end": null, "altitudemo": "absolute", "tessellate": -1, "extrude": 0, "visibility": -1, "draworder": null, "icon": null }, "geometry": { "type": "MultiPoint", "coordinates": [ [ -315876.59760777524, 5345940.1752434717, 0.0 ] ] } },
{ "type": "Feature", "properties": { "id": 2094, "name": "P.K. 10,200", "descriptio": "<html><body><table border=\"1\"><tr><th>Field Name<\/th><th>Field Value<\/th><\/tr><tr><td>LINEA \/ LÍNEA<\/td><td>BILBO-DONOSTIA \/ BILBAO-SAN SEBASTIAN<\/td><\/tr><tr><td>P.K.<\/td><td>10,200<\/td><\/tr><tr><td>ITURRIA \/ FUENTE<\/td><td>Euskal Trenbide Sarea (ETS) 2", "timestamp": null, "begin": null, "end": null, "altitudemo": "absolute", "tessellate": -1, "extrude": 0, "visibility": -1, "draworder": null, "icon": null }, "geometry": { "type": "MultiPoint", "coordinates": [ [ -315748.10146370187, 5345888.5752032707, 0.0 ] ] } },
{ "type": "Feature", "properties": { "id": 2095, "name": "P.K. 10,300", "descriptio": "<html><body><table border=\"1\"><tr><th>Field Name<\/th><th>Field Value<\/th><\/tr><tr><td>LINEA \/ LÍNEA<\/td><td>BILBO-DONOSTIA \/ BILBAO-SAN SEBASTIAN<\/td><\/tr><tr><td>P.K.<\/td><td>10,300<\/td><\/tr><tr><td>ITURRIA \/ FUENTE<\/td><td>Euskal Trenbide Sarea (ETS) 2", "timestamp": null, "begin": null, "end": null, "altitudemo": "absolute", "tessellate": -1, "extrude": 0, "visibility": -1, "draworder": null, "icon": null }, "geometry": { "type": "MultiPoint", "coordinates": [ [ -315619.87452797964, 5345837.8357344689, 0.0 ] ] } },
{ "type": "Feature", "properties": { "id": 2096, "name": "P.K. 10,400", "descriptio": "<html><body><table border=\"1\"><tr><th>Field Name<\/th><th>Field Value<\/th><\/tr><tr><td>LINEA \/ LÍNEA<\/td><td>BILBO-DONOSTIA \/ BILBAO-SAN SEBASTIAN<\/td><\/tr><tr><td>P.K.<\/td><td>10,400<\/td><\/tr><tr><td>ITURRIA \/ FUENTE<\/td><td>Euskal Trenbide Sarea (ETS) 2", "timestamp": null, "begin": null, "end": null, "altitudemo": "absolute", "tessellate": -1, "extrude": 0, "visibility": -1, "draworder": null, "icon": null }, "geometry": { "type": "MultiPoint", "coordinates": [ [ -315493.68935032713, 5345787.3209879082, 0.0 ] ] } },
{ "type": "Feature", "properties": { "id": 2097, "name": "P.K. 10,500", "descriptio": "<html><body><table border=\"1\"><tr><th>Field Name<\/th><th>Field Value<\/th><\/tr><tr><td>LINEA \/ LÍNEA<\/td><td>BILBO-DONOSTIA \/ BILBAO-SAN SEBASTIAN<\/td><\/tr><tr><td>P.K.<\/td><td>10,500<\/td><\/tr><tr><td>ITURRIA \/ FUENTE<\/td><td>Euskal Trenbide Sarea (ETS) 2", "timestamp": null, "begin": null, "end": null, "altitudemo": "absolute", "tessellate": -1, "extrude": 0, "visibility": -1, "draworder": null, "icon": null }, "geometry": { "type": "MultiPoint", "coordinates": [ [ -315365.02100179752, 5345736.2797151962, 0.0 ] ] } },
{ "type": "Feature", "properties": { "id": 2098, "name": "P.K. 10,600", "descriptio": "<html><body><table border=\"1\"><tr><th>Field Name<\/th><th>Field Value<\/th><\/tr><tr><td>LINEA \/ LÍNEA<\/td><td>BILBO-DONOSTIA \/ BILBAO-SAN SEBASTIAN<\/td><\/tr><tr><td>P.K.<\/td><td>10,600<\/td><\/tr><tr><td>ITURRIA \/ FUENTE<\/td><td>Euskal Trenbide Sarea (ETS) 2", "timestamp": null, "begin": null, "end": null, "altitudemo": "absolute", "tessellate": -1, "extrude": 0, "visibility": -1, "draworder": null, "icon": null }, "geometry": { "type": "MultiPoint", "coordinates": [ [ -315237.03703324258, 5345686.1427556872, 0.0 ] ] } },
{ "type": "Feature", "properties": { "id": 2099, "name": "P.K. 10,700", "descriptio": "<html><body><table border=\"1\"><tr><th>Field Name<\/th><th>Field Value<\/th><\/tr><tr><td>LINEA \/ LÍNEA<\/td><td>BILBO-DONOSTIA \/ BILBAO-SAN SEBASTIAN<\/td><\/tr><tr><td>P.K.<\/td><td>10,700<\/td><\/tr><tr><td>ITURRIA \/ FUENTE<\/td><td>Euskal Trenbide Sarea (ETS) 2", "timestamp": null, "begin": null, "end": null, "altitudemo": "absolute", "tessellate": -1, "extrude": 0, "visibility": -1, "draworder": null, "icon": null }, "geometry": { "type": "MultiPoint", "coordinates": [ [ -315109.72381822375, 5345635.011264327, 0.0 ] ] } },
{ "type": "Feature", "properties": { "id": 2100, "name": "P.K. 10,800", "descriptio": "<html><body><table border=\"1\"><tr><th>Field Name<\/th><th>Field Value<\/th><\/tr><tr><td>LINEA \/ LÍNEA<\/td><td>BILBO-DONOSTIA \/ BILBAO-SAN SEBASTIAN<\/td><\/tr><tr><td>P.K.<\/td><td>10,800<\/td><\/tr><tr><td>ITURRIA \/ FUENTE<\/td><td>Euskal Trenbide Sarea (ETS) 2", "timestamp": null, "begin": null, "end": null, "altitudemo": "absolute", "tessellate": -1, "extrude": 0, "visibility": -1, "draworder": null, "icon": null }, "geometry": { "type": "MultiPoint", "coordinates": [ [ -314980.36480664229, 5345583.3987282701, 0.0 ] ] } },
{ "type": "Feature", "properties": { "id": 2101, "name": "P.K. 10,900", "descriptio": "<html><body><table border=\"1\"><tr><th>Field Name<\/th><th>Field Value<\/th><\/tr><tr><td>LINEA \/ LÍNEA<\/td><td>BILBO-DONOSTIA \/ BILBAO-SAN SEBASTIAN<\/td><\/tr><tr><td>P.K.<\/td><td>10,900<\/td><\/tr><tr><td>ITURRIA \/ FUENTE<\/td><td>Euskal Trenbide Sarea (ETS) 2", "timestamp": null, "begin": null, "end": null, "altitudemo": "absolute", "tessellate": -1, "extrude": 0, "visibility": -1, "draworder": null, "icon": null }, "geometry": { "type": "MultiPoint", "coordinates": [ [ -314851.38534512609, 5345531.7386851665, 0.0 ] ] } },
{ "type": "Feature", "properties": { "id": 2102, "name": "P.K. 11,000", "descriptio": "<html><body><table border=\"1\"><tr><th>Field Name<\/th><th>Field Value<\/th><\/tr><tr><td>LINEA \/ LÍNEA<\/td><td>BILBO-DONOSTIA \/ BILBAO-SAN SEBASTIAN<\/td><\/tr><tr><td>P.K.<\/td><td>11,000<\/td><\/tr><tr><td>ITURRIA \/ FUENTE<\/td><td>Euskal Trenbide Sarea (ETS) 2", "timestamp": null, "begin": null, "end": null, "altitudemo": "absolute", "tessellate": -1, "extrude": 0, "visibility": -1, "draworder": null, "icon": null }, "geometry": { "type": "MultiPoint", "coordinates": [ [ -314725.01700918505, 5345481.0085608466, 0.0 ] ] } },
{ "type": "Feature", "properties": { "id": 2103, "name": "P.K. 11,100", "descriptio": "<html><body><table border=\"1\"><tr><th>Field Name<\/th><th>Field Value<\/th><\/tr><tr><td>LINEA \/ LÍNEA<\/td><td>BILBO-DONOSTIA \/ BILBAO-SAN SEBASTIAN<\/td><\/tr><tr><td>P.K.<\/td><td>11,100<\/td><\/tr><tr><td>ITURRIA \/ FUENTE<\/td><td>Euskal Trenbide Sarea (ETS) 2", "timestamp": null, "begin": null, "end": null, "altitudemo": "absolute", "tessellate": -1, "extrude": 0, "visibility": -1, "draworder": null, "icon": null }, "geometry": { "type": "MultiPoint", "coordinates": [ [ -314594.578539062, 5345428.9787959261, 0.0 ] ] } },
{ "type": "Feature", "properties": { "id": 2104, "name": "P.K. 11,200", "descriptio": "<html><body><table border=\"1\"><tr><th>Field Name<\/th><th>Field Value<\/th><\/tr><tr><td>LINEA \/ LÍNEA<\/td><td>BILBO-DONOSTIA \/ BILBAO-SAN SEBASTIAN<\/td><\/tr><tr><td>P.K.<\/td><td>11,200<\/td><\/tr><tr><td>ITURRIA \/ FUENTE<\/td><td>Euskal Trenbide Sarea (ETS) 2", "timestamp": null, "begin": null, "end": null, "altitudemo": "absolute", "tessellate": -1, "extrude": 0, "visibility": -1, "draworder": null, "icon": null }, "geometry": { "type": "MultiPoint", "coordinates": [ [ -314466.90351262409, 5345377.1880925521, 0.0 ] ] } },
{ "type": "Feature", "properties": { "id": 2105, "name": "P.K. 11,300", "descriptio": "<html><body><table border=\"1\"><tr><th>Field Name<\/th><th>Field Value<\/th><\/tr><tr><td>LINEA \/ LÍNEA<\/td><td>BILBO-DONOSTIA \/ BILBAO-SAN SEBASTIAN<\/td><\/tr><tr><td>P.K.<\/td><td>11,300<\/td><\/tr><tr><td>ITURRIA \/ FUENTE<\/td><td>Euskal Trenbide Sarea (ETS) 2", "timestamp": null, "begin": null, "end": null, "altitudemo": "absolute", "tessellate": -1, "extrude": 0, "visibility": -1, "draworder": null, "icon": null }, "geometry": { "type": "MultiPoint", "coordinates": [ [ -314346.71086682897, 5345326.9594683209, 0.0 ] ] } },
{ "type": "Feature", "properties": { "id": 2106, "name": "P.K. 11,400", "descriptio": "<html><body><table border=\"1\"><tr><th>Field Name<\/th><th>Field Value<\/th><\/tr><tr><td>LINEA \/ LÍNEA<\/td><td>BILBO-DONOSTIA \/ BILBAO-SAN SEBASTIAN<\/td><\/tr><tr><td>P.K.<\/td><td>11,400<\/td><\/tr><tr><td>ITURRIA \/ FUENTE<\/td><td>Euskal Trenbide Sarea (ETS) 2", "timestamp": null, "begin": null, "end": null, "altitudemo": "absolute", "tessellate": -1, "extrude": 0, "visibility": -1, "draworder": null, "icon": null }, "geometry": { "type": "MultiPoint", "coordinates": [ [ -314236.50330564659, 5345260.0953899734, 0.0 ] ] } },
{ "type": "Feature", "properties": { "id": 2107, "name": "P.K. 11,500", "descriptio": "<html><body><table border=\"1\"><tr><th>Field Name<\/th><th>Field Value<\/th><\/tr><tr><td>LINEA \/ LÍNEA<\/td><td>BILBO-DONOSTIA \/ BILBAO-SAN SEBASTIAN<\/td><\/tr><tr><td>P.K.<\/td><td>11,500<\/td><\/tr><tr><td>ITURRIA \/ FUENTE<\/td><td>Euskal Trenbide Sarea (ETS) 2", "timestamp": null, "begin": null, "end": null, "altitudemo": "absolute", "tessellate": -1, "extrude": 0, "visibility": -1, "draworder": null, "icon": null }, "geometry": { "type": "MultiPoint", "coordinates": [ [ -314127.50349332509, 5345175.1195133934, 0.0 ] ] } },
{ "type": "Feature", "properties": { "id": 2108, "name": "P.K. 11,600", "descriptio": "<html><body><table border=\"1\"><tr><th>Field Name<\/th><th>Field Value<\/th><\/tr><tr><td>LINEA \/ LÍNEA<\/td><td>BILBO-DONOSTIA \/ BILBAO-SAN SEBASTIAN<\/td><\/tr><tr><td>P.K.<\/td><td>11,600<\/td><\/tr><tr><td>ITURRIA \/ FUENTE<\/td><td>Euskal Trenbide Sarea (ETS) 2", "timestamp": null, "begin": null, "end": null, "altitudemo": "absolute", "tessellate": -1, "extrude": 0, "visibility": -1, "draworder": null, "icon": null }, "geometry": { "type": "MultiPoint", "coordinates": [ [ -314012.84773277387, 5345096.4558710903, 0.0 ] ] } },
{ "type": "Feature", "properties": { "id": 2109, "name": "P.K. 11,700", "descriptio": "<html><body><table border=\"1\"><tr><th>Field Name<\/th><th>Field Value<\/th><\/tr><tr><td>LINEA \/ LÍNEA<\/td><td>BILBO-DONOSTIA \/ BILBAO-SAN SEBASTIAN<\/td><\/tr><tr><td>P.K.<\/td><td>11,700<\/td><\/tr><tr><td>ITURRIA \/ FUENTE<\/td><td>Euskal Trenbide Sarea (ETS) 2", "timestamp": null, "begin": null, "end": null, "altitudemo": "absolute", "tessellate": -1, "extrude": 0, "visibility": -1, "draworder": null, "icon": null }, "geometry": { "type": "MultiPoint", "coordinates": [ [ -313886.8054186579, 5345036.115026731, 0.0 ] ] } },
{ "type": "Feature", "properties": { "id": 2110, "name": "P.K. 11,800", "descriptio": "<html><body><table border=\"1\"><tr><th>Field Name<\/th><th>Field Value<\/th><\/tr><tr><td>LINEA \/ LÍNEA<\/td><td>BILBO-DONOSTIA \/ BILBAO-SAN SEBASTIAN<\/td><\/tr><tr><td>P.K.<\/td><td>11,800<\/td><\/tr><tr><td>ITURRIA \/ FUENTE<\/td><td>Euskal Trenbide Sarea (ETS) 2", "timestamp": null, "begin": null, "end": null, "altitudemo": "absolute", "tessellate": -1, "extrude": 0, "visibility": -1, "draworder": null, "icon": null }, "geometry": { "type": "MultiPoint", "coordinates": [ [ -313763.14541874995, 5344976.0832586, 0.0 ] ] } },
{ "type": "Feature", "properties": { "id": 2111, "name": "P.K. 11,900", "descriptio": "<html><body><table border=\"1\"><tr><th>Field Name<\/th><th>Field Value<\/th><\/tr><tr><td>LINEA \/ LÍNEA<\/td><td>BILBO-DONOSTIA \/ BILBAO-SAN SEBASTIAN<\/td><\/tr><tr><td>P.K.<\/td><td>11,900<\/td><\/tr><tr><td>ITURRIA \/ FUENTE<\/td><td>Euskal Trenbide Sarea (ETS) 2", "timestamp": null, "begin": null, "end": null, "altitudemo": "absolute", "tessellate": -1, "extrude": 0, "visibility": -1, "draworder": null, "icon": null }, "geometry": { "type": "MultiPoint", "coordinates": [ [ -313638.38814720575, 5344917.4153069789, 0.0 ] ] } },
{ "type": "Feature", "properties": { "id": 2112, "name": "P.K. 12,000", "descriptio": "<html><body><table border=\"1\"><tr><th>Field Name<\/th><th>Field Value<\/th><\/tr><tr><td>LINEA \/ LÍNEA<\/td><td>BILBO-DONOSTIA \/ BILBAO-SAN SEBASTIAN<\/td><\/tr><tr><td>P.K.<\/td><td>12,000<\/td><\/tr><tr><td>ITURRIA \/ FUENTE<\/td><td>Euskal Trenbide Sarea (ETS) 2", "timestamp": null, "begin": null, "end": null, "altitudemo": "absolute", "tessellate": -1, "extrude": 0, "visibility": -1, "draworder": null, "icon": null }, "geometry": { "type": "MultiPoint", "coordinates": [ [ -313521.21042342845, 5344845.7284099804, 0.0 ] ] } },
{ "type": "Feature", "properties": { "id": 2113, "name": "P.K. 12,100", "descriptio": "<html><body><table border=\"1\"><tr><th>Field Name<\/th><th>Field Value<\/th><\/tr><tr><td>LINEA \/ LÍNEA<\/td><td>BILBO-DONOSTIA \/ BILBAO-SAN SEBASTIAN<\/td><\/tr><tr><td>P.K.<\/td><td>12,100<\/td><\/tr><tr><td>ITURRIA \/ FUENTE<\/td><td>Euskal Trenbide Sarea (ETS) 2", "timestamp": null, "begin": null, "end": null, "altitudemo": "absolute", "tessellate": -1, "extrude": 0, "visibility": -1, "draworder": null, "icon": null }, "geometry": { "type": "MultiPoint", "coordinates": [ [ -313439.57445845928, 5344744.5272275768, 0.0 ] ] } },
{ "type": "Feature", "properties": { "id": 2114, "name": "P.K. 12,200", "descriptio": "<html><body><table border=\"1\"><tr><th>Field Name<\/th><th>Field Value<\/th><\/tr><tr><td>LINEA \/ LÍNEA<\/td><td>BILBO-DONOSTIA \/ BILBAO-SAN SEBASTIAN<\/td><\/tr><tr><td>P.K.<\/td><td>12,200<\/td><\/tr><tr><td>ITURRIA \/ FUENTE<\/td><td>Euskal Trenbide Sarea (ETS) 2", "timestamp": null, "begin": null, "end": null, "altitudemo": "absolute", "tessellate": -1, "extrude": 0, "visibility": -1, "draworder": null, "icon": null }, "geometry": { "type": "MultiPoint", "coordinates": [ [ -313378.80829642218, 5344621.3998397812, 0.0 ] ] } },
{ "type": "Feature", "properties": { "id": 2115, "name": "P.K. 12,300", "descriptio": "<html><body><table border=\"1\"><tr><th>Field Name<\/th><th>Field Value<\/th><\/tr><tr><td>LINEA \/ LÍNEA<\/td><td>BILBO-DONOSTIA \/ BILBAO-SAN SEBASTIAN<\/td><\/tr><tr><td>P.K.<\/td><td>12,300<\/td><\/tr><tr><td>ITURRIA \/ FUENTE<\/td><td>Euskal Trenbide Sarea (ETS) 2", "timestamp": null, "begin": null, "end": null, "altitudemo": "absolute", "tessellate": -1, "extrude": 0, "visibility": -1, "draworder": null, "icon": null }, "geometry": { "type": "MultiPoint", "coordinates": [ [ -313327.2627448063, 5344491.7018763572, 0.0 ] ] } },
{ "type": "Feature", "properties": { "id": 2116, "name": "P.K. 12,400", "descriptio": "<html><body><table border=\"1\"><tr><th>Field Name<\/th><th>Field Value<\/th><\/tr><tr><td>LINEA \/ LÍNEA<\/td><td>BILBO-DONOSTIA \/ BILBAO-SAN SEBASTIAN<\/td><\/tr><tr><td>P.K.<\/td><td>12,400<\/td><\/tr><tr><td>ITURRIA \/ FUENTE<\/td><td>Euskal Trenbide Sarea (ETS) 2", "timestamp": null, "begin": null, "end": null, "altitudemo": "absolute", "tessellate": -1, "extrude": 0, "visibility": -1, "draworder": null, "icon": null }, "geometry": { "type": "MultiPoint", "coordinates": [ [ -313279.16115112614, 5344361.7400742583, 0.0 ] ] } },
{ "type": "Feature", "properties": { "id": 2117, "name": "P.K. 12,500", "descriptio": "<html><body><table border=\"1\"><tr><th>Field Name<\/th><th>Field Value<\/th><\/tr><tr><td>LINEA \/ LÍNEA<\/td><td>BILBO-DONOSTIA \/ BILBAO-SAN SEBASTIAN<\/td><\/tr><tr><td>P.K.<\/td><td>12,500<\/td><\/tr><tr><td>ITURRIA \/ FUENTE<\/td><td>Euskal Trenbide Sarea (ETS) 2", "timestamp": null, "begin": null, "end": null, "altitudemo": "absolute", "tessellate": -1, "extrude": 0, "visibility": -1, "draworder": null, "icon": null }, "geometry": { "type": "MultiPoint", "coordinates": [ [ -313231.76512938726, 5344231.8588254368, 0.0 ] ] } },
{ "type": "Feature", "properties": { "id": 2118, "name": "P.K. 12,600", "descriptio": "<html><body><table border=\"1\"><tr><th>Field Name<\/th><th>Field Value<\/th><\/tr><tr><td>LINEA \/ LÍNEA<\/td><td>BILBO-DONOSTIA \/ BILBAO-SAN SEBASTIAN<\/td><\/tr><tr><td>P.K.<\/td><td>12,600<\/td><\/tr><tr><td>ITURRIA \/ FUENTE<\/td><td>Euskal Trenbide Sarea (ETS) 2", "timestamp": null, "begin": null, "end": null, "altitudemo": "absolute", "tessellate": -1, "extrude": 0, "visibility": -1, "draworder": null, "icon": null }, "geometry": { "type": "MultiPoint", "coordinates": [ [ -313176.29589077929, 5344102.3764078924, 0.0 ] ] } },
{ "type": "Feature", "properties": { "id": 2119, "name": "P.K. 12,700", "descriptio": "<html><body><table border=\"1\"><tr><th>Field Name<\/th><th>Field Value<\/th><\/tr><tr><td>LINEA \/ LÍNEA<\/td><td>BILBO-DONOSTIA \/ BILBAO-SAN SEBASTIAN<\/td><\/tr><tr><td>P.K.<\/td><td>12,700<\/td><\/tr><tr><td>ITURRIA \/ FUENTE<\/td><td>Euskal Trenbide Sarea (ETS) 2", "timestamp": null, "begin": null, "end": null, "altitudemo": "absolute", "tessellate": -1, "extrude": 0, "visibility": -1, "draworder": null, "icon": null }, "geometry": { "type": "MultiPoint", "coordinates": [ [ -313131.98186982685, 5343983.8449465511, 0.0 ] ] } },
{ "type": "Feature", "properties": { "id": 2120, "name": "P.K. 12,800", "descriptio": "<html><body><table border=\"1\"><tr><th>Field Name<\/th><th>Field Value<\/th><\/tr><tr><td>LINEA \/ LÍNEA<\/td><td>BILBO-DONOSTIA \/ BILBAO-SAN SEBASTIAN<\/td><\/tr><tr><td>P.K.<\/td><td>12,800<\/td><\/tr><tr><td>ITURRIA \/ FUENTE<\/td><td>Euskal Trenbide Sarea (ETS) 2", "timestamp": null, "begin": null, "end": null, "altitudemo": "absolute", "tessellate": -1, "extrude": 0, "visibility": -1, "draworder": null, "icon": null }, "geometry": { "type": "MultiPoint", "coordinates": [ [ -313078.80984747363, 5343855.6939682243, 0.0 ] ] } },
{ "type": "Feature", "properties": { "id": 2121, "name": "P.K. 12,900", "descriptio": "<html><body><table border=\"1\"><tr><th>Field Name<\/th><th>Field Value<\/th><\/tr><tr><td>LINEA \/ LÍNEA<\/td><td>BILBO-DONOSTIA \/ BILBAO-SAN SEBASTIAN<\/td><\/tr><tr><td>P.K.<\/td><td>12,900<\/td><\/tr><tr><td>ITURRIA \/ FUENTE<\/td><td>Euskal Trenbide Sarea (ETS) 2", "timestamp": null, "begin": null, "end": null, "altitudemo": "absolute", "tessellate": -1, "extrude": 0, "visibility": -1, "draworder": null, "icon": null }, "geometry": { "type": "MultiPoint", "coordinates": [ [ -312988.70959205902, 5343753.9928813502, 0.0 ] ] } },
{ "type": "Feature", "properties": { "id": 2122, "name": "P.K. 13,000", "descriptio": "<html><body><table border=\"1\"><tr><th>Field Name<\/th><th>Field Value<\/th><\/tr><tr><td>LINEA \/ LÍNEA<\/td><td>BILBO-DONOSTIA \/ BILBAO-SAN SEBASTIAN<\/td><\/tr><tr><td>P.K.<\/td><td>13,000<\/td><\/tr><tr><td>ITURRIA \/ FUENTE<\/td><td>Euskal Trenbide Sarea (ETS) 2", "timestamp": null, "begin": null, "end": null, "altitudemo": "absolute", "tessellate": -1, "extrude": 0, "visibility": -1, "draworder": null, "icon": null }, "geometry": { "type": "MultiPoint", "coordinates": [ [ -312898.88699446706, 5343648.8332800306, 0.0 ] ] } },
{ "type": "Feature", "properties": { "id": 2123, "name": "P.K. 13,100", "descriptio": "<html><body><table border=\"1\"><tr><th>Field Name<\/th><th>Field Value<\/th><\/tr><tr><td>LINEA \/ LÍNEA<\/td><td>BILBO-DONOSTIA \/ BILBAO-SAN SEBASTIAN<\/td><\/tr><tr><td>P.K.<\/td><td>13,100<\/td><\/tr><tr><td>ITURRIA \/ FUENTE<\/td><td>Euskal Trenbide Sarea (ETS) 2", "timestamp": null, "begin": null, "end": null, "altitudemo": "absolute", "tessellate": -1, "extrude": 0, "visibility": -1, "draworder": null, "icon": null }, "geometry": { "type": "MultiPoint", "coordinates": [ [ -312807.17523155088, 5343548.8050407544, 0.0 ] ] } },
{ "type": "Feature", "properties": { "id": 2124, "name": "P.K. 13,200", "descriptio": "<html><body><table border=\"1\"><tr><th>Field Name<\/th><th>Field Value<\/th><\/tr><tr><td>LINEA \/ LÍNEA<\/td><td>BILBO-DONOSTIA \/ BILBAO-SAN SEBASTIAN<\/td><\/tr><tr><td>P.K.<\/td><td>13,200<\/td><\/tr><tr><td>ITURRIA \/ FUENTE<\/td><td>Euskal Trenbide Sarea (ETS) 2", "timestamp": null, "begin": null, "end": null, "altitudemo": "absolute", "tessellate": -1, "extrude": 0, "visibility": -1, "draworder": null, "icon": null }, "geometry": { "type": "MultiPoint", "coordinates": [ [ -312698.26782679226, 5343467.1470702905, 0.0 ] ] } },
{ "type": "Feature", "properties": { "id": 2125, "name": "P.K. 13,300", "descriptio": "<html><body><table border=\"1\"><tr><th>Field Name<\/th><th>Field Value<\/th><\/tr><tr><td>LINEA \/ LÍNEA<\/td><td>BILBO-DONOSTIA \/ BILBAO-SAN SEBASTIAN<\/td><\/tr><tr><td>P.K.<\/td><td>13,300<\/td><\/tr><tr><td>ITURRIA \/ FUENTE<\/td><td>Euskal Trenbide Sarea (ETS) 2", "timestamp": null, "begin": null, "end": null, "altitudemo": "absolute", "tessellate": -1, "extrude": 0, "visibility": -1, "draworder": null, "icon": null }, "geometry": { "type": "MultiPoint", "coordinates": [ [ -312568.66032476851, 5343424.4254711084, 0.0 ] ] } },
{ "type": "Feature", "properties": { "id": 2126, "name": "P.K. 13,400", "descriptio": "<html><body><table border=\"1\"><tr><th>Field Name<\/th><th>Field Value<\/th><\/tr><tr><td>LINEA \/ LÍNEA<\/td><td>BILBO-DONOSTIA \/ BILBAO-SAN SEBASTIAN<\/td><\/tr><tr><td>P.K.<\/td><td>13,400<\/td><\/tr><tr><td>ITURRIA \/ FUENTE<\/td><td>Euskal Trenbide Sarea (ETS) 2", "timestamp": null, "begin": null, "end": null, "altitudemo": "absolute", "tessellate": -1, "extrude": 0, "visibility": -1, "draworder": null, "icon": null }, "geometry": { "type": "MultiPoint", "coordinates": [ [ -312430.87593539094, 5343418.3997094398, 0.0 ] ] } },
{ "type": "Feature", "properties": { "id": 2127, "name": "P.K. 13,500", "descriptio": "<html><body><table border=\"1\"><tr><th>Field Name<\/th><th>Field Value<\/th><\/tr><tr><td>LINEA \/ LÍNEA<\/td><td>BILBO-DONOSTIA \/ BILBAO-SAN SEBASTIAN<\/td><\/tr><tr><td>P.K.<\/td><td>13,500<\/td><\/tr><tr><td>ITURRIA \/ FUENTE<\/td><td>Euskal Trenbide Sarea (ETS) 2", "timestamp": null, "begin": null, "end": null, "altitudemo": "absolute", "tessellate": -1, "extrude": 0, "visibility": -1, "draworder": null, "icon": null }, "geometry": { "type": "MultiPoint", "coordinates": [ [ -312293.42128862825, 5343414.8581495602, 0.0 ] ] } },
{ "type": "Feature", "properties": { "id": 2128, "name": "P.K. 13,600", "descriptio": "<html><body><table border=\"1\"><tr><th>Field Name<\/th><th>Field Value<\/th><\/tr><tr><td>LINEA \/ LÍNEA<\/td><td>BILBO-DONOSTIA \/ BILBAO-SAN SEBASTIAN<\/td><\/tr><tr><td>P.K.<\/td><td>13,600<\/td><\/tr><tr><td>ITURRIA \/ FUENTE<\/td><td>Euskal Trenbide Sarea (ETS) 2", "timestamp": null, "begin": null, "end": null, "altitudemo": "absolute", "tessellate": -1, "extrude": 0, "visibility": -1, "draworder": null, "icon": null }, "geometry": { "type": "MultiPoint", "coordinates": [ [ -312158.86163200019, 5343412.1161063267, 0.0 ] ] } },
{ "type": "Feature", "properties": { "id": 2129, "name": "P.K. 13,700", "descriptio": "<html><body><table border=\"1\"><tr><th>Field Name<\/th><th>Field Value<\/th><\/tr><tr><td>LINEA \/ LÍNEA<\/td><td>BILBO-DONOSTIA \/ BILBAO-SAN SEBASTIAN<\/td><\/tr><tr><td>P.K.<\/td><td>13,700<\/td><\/tr><tr><td>ITURRIA \/ FUENTE<\/td><td>Euskal Trenbide Sarea (ETS) 2", "timestamp": null, "begin": null, "end": null, "altitudemo": "absolute", "tessellate": -1, "extrude": 0, "visibility": -1, "draworder": null, "icon": null }, "geometry": { "type": "MultiPoint", "coordinates": [ [ -312023.24612303468, 5343408.5945329964, 0.0 ] ] } },
{ "type": "Feature", "properties": { "id": 2130, "name": "P.K. 13,800", "descriptio": "<html><body><table border=\"1\"><tr><th>Field Name<\/th><th>Field Value<\/th><\/tr><tr><td>LINEA \/ LÍNEA<\/td><td>BILBO-DONOSTIA \/ BILBAO-SAN SEBASTIAN<\/td><\/tr><tr><td>P.K.<\/td><td>13,800<\/td><\/tr><tr><td>ITURRIA \/ FUENTE<\/td><td>Euskal Trenbide Sarea (ETS) 2", "timestamp": null, "begin": null, "end": null, "altitudemo": "absolute", "tessellate": -1, "extrude": 0, "visibility": -1, "draworder": null, "icon": null }, "geometry": { "type": "MultiPoint", "coordinates": [ [ -311886.15299452277, 5343406.505004934, 0.0 ] ] } },
{ "type": "Feature", "properties": { "id": 2131, "name": "P.K. 13,900", "descriptio": "<html><body><table border=\"1\"><tr><th>Field Name<\/th><th>Field Value<\/th><\/tr><tr><td>LINEA \/ LÍNEA<\/td><td>BILBO-DONOSTIA \/ BILBAO-SAN SEBASTIAN<\/td><\/tr><tr><td>P.K.<\/td><td>13,900<\/td><\/tr><tr><td>ITURRIA \/ FUENTE<\/td><td>Euskal Trenbide Sarea (ETS) 2", "timestamp": null, "begin": null, "end": null, "altitudemo": "absolute", "tessellate": -1, "extrude": 0, "visibility": -1, "draworder": null, "icon": null }, "geometry": { "type": "MultiPoint", "coordinates": [ [ -311749.06836089515, 5343402.9998641219, 0.0 ] ] } },
{ "type": "Feature", "properties": { "id": 2132, "name": "P.K. 53,200", "descriptio": "<html><body><table border=\"1\"><tr><th>Field Name<\/th><th>Field Value<\/th><\/tr><tr><td>LINEA \/ LÍNEA<\/td><td>BILBO-DONOSTIA \/ BILBAO-SAN SEBASTIAN<\/td><\/tr><tr><td>P.K.<\/td><td>53,200<\/td><\/tr><tr><td>ITURRIA \/ FUENTE<\/td><td>Euskal Trenbide Sarea (ETS) 2", "timestamp": null, "begin": null, "end": null, "altitudemo": "absolute", "tessellate": -1, "extrude": 0, "visibility": -1, "draworder": null, "icon": null }, "geometry": { "type": "MultiPoint", "coordinates": [ [ -269701.45914133964, 5343256.1556078074, 0.0 ] ] } },
{ "type": "Feature", "properties": { "id": 2133, "name": "P.K. 53,300", "descriptio": "<html><body><table border=\"1\"><tr><th>Field Name<\/th><th>Field Value<\/th><\/tr><tr><td>LINEA \/ LÍNEA<\/td><td>BILBO-DONOSTIA \/ BILBAO-SAN SEBASTIAN<\/td><\/tr><tr><td>P.K.<\/td><td>53,300<\/td><\/tr><tr><td>ITURRIA \/ FUENTE<\/td><td>Euskal Trenbide Sarea (ETS) 2", "timestamp": null, "begin": null, "end": null, "altitudemo": "absolute", "tessellate": -1, "extrude": 0, "visibility": -1, "draworder": null, "icon": null }, "geometry": { "type": "MultiPoint", "coordinates": [ [ -269616.79442881478, 5343370.0696359593, 0.0 ] ] } },
{ "type": "Feature", "properties": { "id": 2134, "name": "P.K. 53,400", "descriptio": "<html><body><table border=\"1\"><tr><th>Field Name<\/th><th>Field Value<\/th><\/tr><tr><td>LINEA \/ LÍNEA<\/td><td>BILBO-DONOSTIA \/ BILBAO-SAN SEBASTIAN<\/td><\/tr><tr><td>P.K.<\/td><td>53,400<\/td><\/tr><tr><td>ITURRIA \/ FUENTE<\/td><td>Euskal Trenbide Sarea (ETS) 2", "timestamp": null, "begin": null, "end": null, "altitudemo": "absolute", "tessellate": -1, "extrude": 0, "visibility": -1, "draworder": null, "icon": null }, "geometry": { "type": "MultiPoint", "coordinates": [ [ -269534.01813959988, 5343478.8183315061, 0.0 ] ] } },
{ "type": "Feature", "properties": { "id": 2135, "name": "P.K. 53,500", "descriptio": "<html><body><table border=\"1\"><tr><th>Field Name<\/th><th>Field Value<\/th><\/tr><tr><td>LINEA \/ LÍNEA<\/td><td>BILBO-DONOSTIA \/ BILBAO-SAN SEBASTIAN<\/td><\/tr><tr><td>P.K.<\/td><td>53,500<\/td><\/tr><tr><td>ITURRIA \/ FUENTE<\/td><td>Euskal Trenbide Sarea (ETS) 2", "timestamp": null, "begin": null, "end": null, "altitudemo": "absolute", "tessellate": -1, "extrude": 0, "visibility": -1, "draworder": null, "icon": null }, "geometry": { "type": "MultiPoint", "coordinates": [ [ -269448.38551032764, 5343583.9271772839, 0.0 ] ] } },
{ "type": "Feature", "properties": { "id": 2136, "name": "P.K. 53,600", "descriptio": "<html><body><table border=\"1\"><tr><th>Field Name<\/th><th>Field Value<\/th><\/tr><tr><td>LINEA \/ LÍNEA<\/td><td>BILBO-DONOSTIA \/ BILBAO-SAN SEBASTIAN<\/td><\/tr><tr><td>P.K.<\/td><td>53,600<\/td><\/tr><tr><td>ITURRIA \/ FUENTE<\/td><td>Euskal Trenbide Sarea (ETS) 2", "timestamp": null, "begin": null, "end": null, "altitudemo": "absolute", "tessellate": -1, "extrude": 0, "visibility": -1, "draworder": null, "icon": null }, "geometry": { "type": "MultiPoint", "coordinates": [ [ -269323.42107789905, 5343641.1811619634, 0.0 ] ] } },
{ "type": "Feature", "properties": { "id": 2137, "name": "P.K. 53,700", "descriptio": "<html><body><table border=\"1\"><tr><th>Field Name<\/th><th>Field Value<\/th><\/tr><tr><td>LINEA \/ LÍNEA<\/td><td>BILBO-DONOSTIA \/ BILBAO-SAN SEBASTIAN<\/td><\/tr><tr><td>P.K.<\/td><td>53,700<\/td><\/tr><tr><td>ITURRIA \/ FUENTE<\/td><td>Euskal Trenbide Sarea (ETS) 2", "timestamp": null, "begin": null, "end": null, "altitudemo": "absolute", "tessellate": -1, "extrude": 0, "visibility": -1, "draworder": null, "icon": null }, "geometry": { "type": "MultiPoint", "coordinates": [ [ -269205.52351594548, 5343709.3735375879, 0.0 ] ] } },
{ "type": "Feature", "properties": { "id": 2138, "name": "P.K. 53,800", "descriptio": "<html><body><table border=\"1\"><tr><th>Field Name<\/th><th>Field Value<\/th><\/tr><tr><td>LINEA \/ LÍNEA<\/td><td>BILBO-DONOSTIA \/ BILBAO-SAN SEBASTIAN<\/td><\/tr><tr><td>P.K.<\/td><td>53,800<\/td><\/tr><tr><td>ITURRIA \/ FUENTE<\/td><td>Euskal Trenbide Sarea (ETS) 2", "timestamp": null, "begin": null, "end": null, "altitudemo": "absolute", "tessellate": -1, "extrude": 0, "visibility": -1, "draworder": null, "icon": null }, "geometry": { "type": "MultiPoint", "coordinates": [ [ -269119.9714863656, 5343816.6062156856, 0.0 ] ] } },
{ "type": "Feature", "properties": { "id": 2139, "name": "P.K. 53,900", "descriptio": "<html><body><table border=\"1\"><tr><th>Field Name<\/th><th>Field Value<\/th><\/tr><tr><td>LINEA \/ LÍNEA<\/td><td>BILBO-DONOSTIA \/ BILBAO-SAN SEBASTIAN<\/td><\/tr><tr><td>P.K.<\/td><td>53,900<\/td><\/tr><tr><td>ITURRIA \/ FUENTE<\/td><td>Euskal Trenbide Sarea (ETS) 2", "timestamp": null, "begin": null, "end": null, "altitudemo": "absolute", "tessellate": -1, "extrude": 0, "visibility": -1, "draworder": null, "icon": null }, "geometry": { "type": "MultiPoint", "coordinates": [ [ -269103.49649206683, 5343952.8745698081, 0.0 ] ] } },
{ "type": "Feature", "properties": { "id": 2140, "name": "P.K. 54,000", "descriptio": "<html><body><table border=\"1\"><tr><th>Field Name<\/th><th>Field Value<\/th><\/tr><tr><td>LINEA \/ LÍNEA<\/td><td>BILBO-DONOSTIA \/ BILBAO-SAN SEBASTIAN<\/td><\/tr><tr><td>P.K.<\/td><td>54,000<\/td><\/tr><tr><td>ITURRIA \/ FUENTE<\/td><td>Euskal Trenbide Sarea (ETS) 2", "timestamp": null, "begin": null, "end": null, "altitudemo": "absolute", "tessellate": -1, "extrude": 0, "visibility": -1, "draworder": null, "icon": null }, "geometry": { "type": "MultiPoint", "coordinates": [ [ -269100.66459387494, 5344085.2525604637, 0.0 ] ] } },
{ "type": "Feature", "properties": { "id": 2141, "name": "P.K. 54,100", "descriptio": "<html><body><table border=\"1\"><tr><th>Field Name<\/th><th>Field Value<\/th><\/tr><tr><td>LINEA \/ LÍNEA<\/td><td>BILBO-DONOSTIA \/ BILBAO-SAN SEBASTIAN<\/td><\/tr><tr><td>P.K.<\/td><td>54,100<\/td><\/tr><tr><td>ITURRIA \/ FUENTE<\/td><td>Euskal Trenbide Sarea (ETS) 2", "timestamp": null, "begin": null, "end": null, "altitudemo": "absolute", "tessellate": -1, "extrude": 0, "visibility": -1, "draworder": null, "icon": null }, "geometry": { "type": "MultiPoint", "coordinates": [ [ -269097.43279666262, 5344223.2088819426, 0.0 ] ] } },
{ "type": "Feature", "properties": { "id": 2142, "name": "P.K. 54,200", "descriptio": "<html><body><table border=\"1\"><tr><th>Field Name<\/th><th>Field Value<\/th><\/tr><tr><td>LINEA \/ LÍNEA<\/td><td>BILBO-DONOSTIA \/ BILBAO-SAN SEBASTIAN<\/td><\/tr><tr><td>P.K.<\/td><td>54,200<\/td><\/tr><tr><td>ITURRIA \/ FUENTE<\/td><td>Euskal Trenbide Sarea (ETS) 2", "timestamp": null, "begin": null, "end": null, "altitudemo": "absolute", "tessellate": -1, "extrude": 0, "visibility": -1, "draworder": null, "icon": null }, "geometry": { "type": "MultiPoint", "coordinates": [ [ -269065.01548305858, 5344358.3674697652, 0.0 ] ] } },
{ "type": "Feature", "properties": { "id": 2143, "name": "P.K. 54,300", "descriptio": "<html><body><table border=\"1\"><tr><th>Field Name<\/th><th>Field Value<\/th><\/tr><tr><td>LINEA \/ LÍNEA<\/td><td>BILBO-DONOSTIA \/ BILBAO-SAN SEBASTIAN<\/td><\/tr><tr><td>P.K.<\/td><td>54,300<\/td><\/tr><tr><td>ITURRIA \/ FUENTE<\/td><td>Euskal Trenbide Sarea (ETS) 2", "timestamp": null, "begin": null, "end": null, "altitudemo": "absolute", "tessellate": -1, "extrude": 0, "visibility": -1, "draworder": null, "icon": null }, "geometry": { "type": "MultiPoint", "coordinates": [ [ -268983.97834821983, 5344463.5114907343, 0.0 ] ] } },
{ "type": "Feature", "properties": { "id": 2144, "name": "P.K. 54,400", "descriptio": "<html><body><table border=\"1\"><tr><th>Field Name<\/th><th>Field Value<\/th><\/tr><tr><td>LINEA \/ LÍNEA<\/td><td>BILBO-DONOSTIA \/ BILBAO-SAN SEBASTIAN<\/td><\/tr><tr><td>P.K.<\/td><td>54,400<\/td><\/tr><tr><td>ITURRIA \/ FUENTE<\/td><td>Euskal Trenbide Sarea (ETS) 2", "timestamp": null, "begin": null, "end": null, "altitudemo": "absolute", "tessellate": -1, "extrude": 0, "visibility": -1, "draworder": null, "icon": null }, "geometry": { "type": "MultiPoint", "coordinates": [ [ -268885.27808438503, 5344557.8592865448, 0.0 ] ] } },
{ "type": "Feature", "properties": { "id": 2145, "name": "P.K. 54,500", "descriptio": "<html><body><table border=\"1\"><tr><th>Field Name<\/th><th>Field Value<\/th><\/tr><tr><td>LINEA \/ LÍNEA<\/td><td>BILBO-DONOSTIA \/ BILBAO-SAN SEBASTIAN<\/td><\/tr><tr><td>P.K.<\/td><td>54,500<\/td><\/tr><tr><td>ITURRIA \/ FUENTE<\/td><td>Euskal Trenbide Sarea (ETS) 2", "timestamp": null, "begin": null, "end": null, "altitudemo": "absolute", "tessellate": -1, "extrude": 0, "visibility": -1, "draworder": null, "icon": null }, "geometry": { "type": "MultiPoint", "coordinates": [ [ -268783.24714621692, 5344652.2634998998, 0.0 ] ] } },
{ "type": "Feature", "properties": { "id": 2146, "name": "P.K. 54,600", "descriptio": "<html><body><table border=\"1\"><tr><th>Field Name<\/th><th>Field Value<\/th><\/tr><tr><td>LINEA \/ LÍNEA<\/td><td>BILBO-DONOSTIA \/ BILBAO-SAN SEBASTIAN<\/td><\/tr><tr><td>P.K.<\/td><td>54,600<\/td><\/tr><tr><td>ITURRIA \/ FUENTE<\/td><td>Euskal Trenbide Sarea (ETS) 2", "timestamp": null, "begin": null, "end": null, "altitudemo": "absolute", "tessellate": -1, "extrude": 0, "visibility": -1, "draworder": null, "icon": null }, "geometry": { "type": "MultiPoint", "coordinates": [ [ -268680.67785689532, 5344743.2925670594, 0.0 ] ] } },
{ "type": "Feature", "properties": { "id": 2147, "name": "P.K. 54,700", "descriptio": "<html><body><table border=\"1\"><tr><th>Field Name<\/th><th>Field Value<\/th><\/tr><tr><td>LINEA \/ LÍNEA<\/td><td>BILBO-DONOSTIA \/ BILBAO-SAN SEBASTIAN<\/td><\/tr><tr><td>P.K.<\/td><td>54,700<\/td><\/tr><tr><td>ITURRIA \/ FUENTE<\/td><td>Euskal Trenbide Sarea (ETS) 2", "timestamp": null, "begin": null, "end": null, "altitudemo": "absolute", "tessellate": -1, "extrude": 0, "visibility": -1, "draworder": null, "icon": null }, "geometry": { "type": "MultiPoint", "coordinates": [ [ -268560.47829757357, 5344802.2521074973, 0.0 ] ] } },
{ "type": "Feature", "properties": { "id": 2148, "name": "P.K. 54,800", "descriptio": "<html><body><table border=\"1\"><tr><th>Field Name<\/th><th>Field Value<\/th><\/tr><tr><td>LINEA \/ LÍNEA<\/td><td>BILBO-DONOSTIA \/ BILBAO-SAN SEBASTIAN<\/td><\/tr><tr><td>P.K.<\/td><td>54,800<\/td><\/tr><tr><td>ITURRIA \/ FUENTE<\/td><td>Euskal Trenbide Sarea (ETS) 2", "timestamp": null, "begin": null, "end": null, "altitudemo": "absolute", "tessellate": -1, "extrude": 0, "visibility": -1, "draworder": null, "icon": null }, "geometry": { "type": "MultiPoint", "coordinates": [ [ -268426.43821177533, 5344774.4636016581, 0.0 ] ] } },
{ "type": "Feature", "properties": { "id": 2149, "name": "P.K. 54,900", "descriptio": "<html><body><table border=\"1\"><tr><th>Field Name<\/th><th>Field Value<\/th><\/tr><tr><td>LINEA \/ LÍNEA<\/td><td>BILBO-DONOSTIA \/ BILBAO-SAN SEBASTIAN<\/td><\/tr><tr><td>P.K.<\/td><td>54,900<\/td><\/tr><tr><td>ITURRIA \/ FUENTE<\/td><td>Euskal Trenbide Sarea (ETS) 2", "timestamp": null, "begin": null, "end": null, "altitudemo": "absolute", "tessellate": -1, "extrude": 0, "visibility": -1, "draworder": null, "icon": null }, "geometry": { "type": "MultiPoint", "coordinates": [ [ -268299.52408022055, 5344834.6448288001, 0.0 ] ] } },
{ "type": "Feature", "properties": { "id": 2150, "name": "P.K. 55,000", "descriptio": "<html><body><table border=\"1\"><tr><th>Field Name<\/th><th>Field Value<\/th><\/tr><tr><td>LINEA \/ LÍNEA<\/td><td>BILBO-DONOSTIA \/ BILBAO-SAN SEBASTIAN<\/td><\/tr><tr><td>P.K.<\/td><td>55,000<\/td><\/tr><tr><td>ITURRIA \/ FUENTE<\/td><td>Euskal Trenbide Sarea (ETS) 2", "timestamp": null, "begin": null, "end": null, "altitudemo": "absolute", "tessellate": -1, "extrude": 0, "visibility": -1, "draworder": null, "icon": null }, "geometry": { "type": "MultiPoint", "coordinates": [ [ -268245.02066424163, 5344959.2567366902, 0.0 ] ] } },
{ "type": "Feature", "properties": { "id": 2151, "name": "P.K. 55,100", "descriptio": "<html><body><table border=\"1\"><tr><th>Field Name<\/th><th>Field Value<\/th><\/tr><tr><td>LINEA \/ LÍNEA<\/td><td>BILBO-DONOSTIA \/ BILBAO-SAN SEBASTIAN<\/td><\/tr><tr><td>P.K.<\/td><td>55,100<\/td><\/tr><tr><td>ITURRIA \/ FUENTE<\/td><td>Euskal Trenbide Sarea (ETS) 2", "timestamp": null, "begin": null, "end": null, "altitudemo": "absolute", "tessellate": -1, "extrude": 0, "visibility": -1, "draworder": null, "icon": null }, "geometry": { "type": "MultiPoint", "coordinates": [ [ -268194.52393462585, 5345086.2798729986, 0.0 ] ] } },
{ "type": "Feature", "properties": { "id": 2152, "name": "P.K. 55,200", "descriptio": "<html><body><table border=\"1\"><tr><th>Field Name<\/th><th>Field Value<\/th><\/tr><tr><td>LINEA \/ LÍNEA<\/td><td>BILBO-DONOSTIA \/ BILBAO-SAN SEBASTIAN<\/td><\/tr><tr><td>P.K.<\/td><td>55,200<\/td><\/tr><tr><td>ITURRIA \/ FUENTE<\/td><td>Euskal Trenbide Sarea (ETS) 2", "timestamp": null, "begin": null, "end": null, "altitudemo": "absolute", "tessellate": -1, "extrude": 0, "visibility": -1, "draworder": null, "icon": null }, "geometry": { "type": "MultiPoint", "coordinates": [ [ -268102.65487293369, 5345185.6377271563, 0.0 ] ] } },
{ "type": "Feature", "properties": { "id": 2153, "name": "P.K. 55,300", "descriptio": "<html><body><table border=\"1\"><tr><th>Field Name<\/th><th>Field Value<\/th><\/tr><tr><td>LINEA \/ LÍNEA<\/td><td>BILBO-DONOSTIA \/ BILBAO-SAN SEBASTIAN<\/td><\/tr><tr><td>P.K.<\/td><td>55,300<\/td><\/tr><tr><td>ITURRIA \/ FUENTE<\/td><td>Euskal Trenbide Sarea (ETS) 2", "timestamp": null, "begin": null, "end": null, "altitudemo": "absolute", "tessellate": -1, "extrude": 0, "visibility": -1, "draworder": null, "icon": null }, "geometry": { "type": "MultiPoint", "coordinates": [ [ -267998.68544422608, 5345275.1603883542, 0.0 ] ] } },
{ "type": "Feature", "properties": { "id": 2154, "name": "P.K. 55,400", "descriptio": "<html><body><table border=\"1\"><tr><th>Field Name<\/th><th>Field Value<\/th><\/tr><tr><td>LINEA \/ LÍNEA<\/td><td>BILBO-DONOSTIA \/ BILBAO-SAN SEBASTIAN<\/td><\/tr><tr><td>P.K.<\/td><td>55,400<\/td><\/tr><tr><td>ITURRIA \/ FUENTE<\/td><td>Euskal Trenbide Sarea (ETS) 2", "timestamp": null, "begin": null, "end": null, "altitudemo": "absolute", "tessellate": -1, "extrude": 0, "visibility": -1, "draworder": null, "icon": null }, "geometry": { "type": "MultiPoint", "coordinates": [ [ -267892.84413483372, 5345365.6659745164, 0.0 ] ] } },
{ "type": "Feature", "properties": { "id": 2155, "name": "P.K. 55,500", "descriptio": "<html><body><table border=\"1\"><tr><th>Field Name<\/th><th>Field Value<\/th><\/tr><tr><td>LINEA \/ LÍNEA<\/td><td>BILBO-DONOSTIA \/ BILBAO-SAN SEBASTIAN<\/td><\/tr><tr><td>P.K.<\/td><td>55,500<\/td><\/tr><tr><td>ITURRIA \/ FUENTE<\/td><td>Euskal Trenbide Sarea (ETS) 2", "timestamp": null, "begin": null, "end": null, "altitudemo": "absolute", "tessellate": -1, "extrude": 0, "visibility": -1, "draworder": null, "icon": null }, "geometry": { "type": "MultiPoint", "coordinates": [ [ -267789.63818863872, 5345455.5066461684, 0.0 ] ] } },
{ "type": "Feature", "properties": { "id": 2156, "name": "P.K. 55,600", "descriptio": "<html><body><table border=\"1\"><tr><th>Field Name<\/th><th>Field Value<\/th><\/tr><tr><td>LINEA \/ LÍNEA<\/td><td>BILBO-DONOSTIA \/ BILBAO-SAN SEBASTIAN<\/td><\/tr><tr><td>P.K.<\/td><td>55,600<\/td><\/tr><tr><td>ITURRIA \/ FUENTE<\/td><td>Euskal Trenbide Sarea (ETS) 2", "timestamp": null, "begin": null, "end": null, "altitudemo": "absolute", "tessellate": -1, "extrude": 0, "visibility": -1, "draworder": null, "icon": null }, "geometry": { "type": "MultiPoint", "coordinates": [ [ -267689.399499811, 5345544.8808579501, 0.0 ] ] } },
{ "type": "Feature", "properties": { "id": 2157, "name": "P.K. 55,700", "descriptio": "<html><body><table border=\"1\"><tr><th>Field Name<\/th><th>Field Value<\/th><\/tr><tr><td>LINEA \/ LÍNEA<\/td><td>BILBO-DONOSTIA \/ BILBAO-SAN SEBASTIAN<\/td><\/tr><tr><td>P.K.<\/td><td>55,700<\/td><\/tr><tr><td>ITURRIA \/ FUENTE<\/td><td>Euskal Trenbide Sarea (ETS) 2", "timestamp": null, "begin": null, "end": null, "altitudemo": "absolute", "tessellate": -1, "extrude": 0, "visibility": -1, "draworder": null, "icon": null }, "geometry": { "type": "MultiPoint", "coordinates": [ [ -267624.66728329653, 5345656.4980357476, 0.0 ] ] } },
{ "type": "Feature", "properties": { "id": 2158, "name": "P.K. 55,800", "descriptio": "<html><body><table border=\"1\"><tr><th>Field Name<\/th><th>Field Value<\/th><\/tr><tr><td>LINEA \/ LÍNEA<\/td><td>BILBO-DONOSTIA \/ BILBAO-SAN SEBASTIAN<\/td><\/tr><tr><td>P.K.<\/td><td>55,800<\/td><\/tr><tr><td>ITURRIA \/ FUENTE<\/td><td>Euskal Trenbide Sarea (ETS) 2", "timestamp": null, "begin": null, "end": null, "altitudemo": "absolute", "tessellate": -1, "extrude": 0, "visibility": -1, "draworder": null, "icon": null }, "geometry": { "type": "MultiPoint", "coordinates": [ [ -267588.7230866389, 5345787.0846850071, 0.0 ] ] } },
{ "type": "Feature", "properties": { "id": 2159, "name": "P.K. 55,900", "descriptio": "<html><body><table border=\"1\"><tr><th>Field Name<\/th><th>Field Value<\/th><\/tr><tr><td>LINEA \/ LÍNEA<\/td><td>BILBO-DONOSTIA \/ BILBAO-SAN SEBASTIAN<\/td><\/tr><tr><td>P.K.<\/td><td>55,900<\/td><\/tr><tr><td>ITURRIA \/ FUENTE<\/td><td>Euskal Trenbide Sarea (ETS) 2", "timestamp": null, "begin": null, "end": null, "altitudemo": "absolute", "tessellate": -1, "extrude": 0, "visibility": -1, "draworder": null, "icon": null }, "geometry": { "type": "MultiPoint", "coordinates": [ [ -267561.04960379133, 5345923.3285527481, 0.0 ] ] } },
{ "type": "Feature", "properties": { "id": 2160, "name": "P.K. 56,000", "descriptio": "<html><body><table border=\"1\"><tr><th>Field Name<\/th><th>Field Value<\/th><\/tr><tr><td>LINEA \/ LÍNEA<\/td><td>BILBO-DONOSTIA \/ BILBAO-SAN SEBASTIAN<\/td><\/tr><tr><td>P.K.<\/td><td>56,000<\/td><\/tr><tr><td>ITURRIA \/ FUENTE<\/td><td>Euskal Trenbide Sarea (ETS) 2", "timestamp": null, "begin": null, "end": null, "altitudemo": "absolute", "tessellate": -1, "extrude": 0, "visibility": -1, "draworder": null, "icon": null }, "geometry": { "type": "MultiPoint", "coordinates": [ [ -267555.44230661693, 5346060.7965552686, 0.0 ] ] } },
{ "type": "Feature", "properties": { "id": 2161, "name": "P.K. 56,100", "descriptio": "<html><body><table border=\"1\"><tr><th>Field Name<\/th><th>Field Value<\/th><\/tr><tr><td>LINEA \/ LÍNEA<\/td><td>BILBO-DONOSTIA \/ BILBAO-SAN SEBASTIAN<\/td><\/tr><tr><td>P.K.<\/td><td>56,100<\/td><\/tr><tr><td>ITURRIA \/ FUENTE<\/td><td>Euskal Trenbide Sarea (ETS) 2", "timestamp": null, "begin": null, "end": null, "altitudemo": "absolute", "tessellate": -1, "extrude": 0, "visibility": -1, "draworder": null, "icon": null }, "geometry": { "type": "MultiPoint", "coordinates": [ [ -267571.12333985057, 5346198.9252611147, 0.0 ] ] } },
{ "type": "Feature", "properties": { "id": 2162, "name": "P.K. 56,200", "descriptio": "<html><body><table border=\"1\"><tr><th>Field Name<\/th><th>Field Value<\/th><\/tr><tr><td>LINEA \/ LÍNEA<\/td><td>BILBO-DONOSTIA \/ BILBAO-SAN SEBASTIAN<\/td><\/tr><tr><td>P.K.<\/td><td>56,200<\/td><\/tr><tr><td>ITURRIA \/ FUENTE<\/td><td>Euskal Trenbide Sarea (ETS) 2", "timestamp": null, "begin": null, "end": null, "altitudemo": "absolute", "tessellate": -1, "extrude": 0, "visibility": -1, "draworder": null, "icon": null }, "geometry": { "type": "MultiPoint", "coordinates": [ [ -267565.97223060991, 5346336.3324633269, 0.0 ] ] } },
{ "type": "Feature", "properties": { "id": 2163, "name": "P.K. 56,300", "descriptio": "<html><body><table border=\"1\"><tr><th>Field Name<\/th><th>Field Value<\/th><\/tr><tr><td>LINEA \/ LÍNEA<\/td><td>BILBO-DONOSTIA \/ BILBAO-SAN SEBASTIAN<\/td><\/tr><tr><td>P.K.<\/td><td>56,300<\/td><\/tr><tr><td>ITURRIA \/ FUENTE<\/td><td>Euskal Trenbide Sarea (ETS) 2", "timestamp": null, "begin": null, "end": null, "altitudemo": "absolute", "tessellate": -1, "extrude": 0, "visibility": -1, "draworder": null, "icon": null }, "geometry": { "type": "MultiPoint", "coordinates": [ [ -267522.57832431491, 5346467.6991513055, 0.0 ] ] } },
{ "type": "Feature", "properties": { "id": 2164, "name": "P.K. 56,400", "descriptio": "<html><body><table border=\"1\"><tr><th>Field Name<\/th><th>Field Value<\/th><\/tr><tr><td>LINEA \/ LÍNEA<\/td><td>BILBO-DONOSTIA \/ BILBAO-SAN SEBASTIAN<\/td><\/tr><tr><td>P.K.<\/td><td>56,400<\/td><\/tr><tr><td>ITURRIA \/ FUENTE<\/td><td>Euskal Trenbide Sarea (ETS) 2", "timestamp": null, "begin": null, "end": null, "altitudemo": "absolute", "tessellate": -1, "extrude": 0, "visibility": -1, "draworder": null, "icon": null }, "geometry": { "type": "MultiPoint", "coordinates": [ [ -267439.83212207025, 5346584.1792162759, 0.0 ] ] } },
{ "type": "Feature", "properties": { "id": 2165, "name": "P.K. 56,500", "descriptio": "<html><body><table border=\"1\"><tr><th>Field Name<\/th><th>Field Value<\/th><\/tr><tr><td>LINEA \/ LÍNEA<\/td><td>BILBO-DONOSTIA \/ BILBAO-SAN SEBASTIAN<\/td><\/tr><tr><td>P.K.<\/td><td>56,500<\/td><\/tr><tr><td>ITURRIA \/ FUENTE<\/td><td>Euskal Trenbide Sarea (ETS) 2", "timestamp": null, "begin": null, "end": null, "altitudemo": "absolute", "tessellate": -1, "extrude": 0, "visibility": -1, "draworder": null, "icon": null }, "geometry": { "type": "MultiPoint", "coordinates": [ [ -267339.43065463292, 5346678.181855143, 0.0 ] ] } },
{ "type": "Feature", "properties": { "id": 2166, "name": "P.K. 56,600", "descriptio": "<html><body><table border=\"1\"><tr><th>Field Name<\/th><th>Field Value<\/th><\/tr><tr><td>LINEA \/ LÍNEA<\/td><td>BILBO-DONOSTIA \/ BILBAO-SAN SEBASTIAN<\/td><\/tr><tr><td>P.K.<\/td><td>56,600<\/td><\/tr><tr><td>ITURRIA \/ FUENTE<\/td><td>Euskal Trenbide Sarea (ETS) 2", "timestamp": null, "begin": null, "end": null, "altitudemo": "absolute", "tessellate": -1, "extrude": 0, "visibility": -1, "draworder": null, "icon": null }, "geometry": { "type": "MultiPoint", "coordinates": [ [ -267236.56621472561, 5346768.5820390824, 0.0 ] ] } },
{ "type": "Feature", "properties": { "id": 2167, "name": "P.K. 56,700", "descriptio": "<html><body><table border=\"1\"><tr><th>Field Name<\/th><th>Field Value<\/th><\/tr><tr><td>LINEA \/ LÍNEA<\/td><td>BILBO-DONOSTIA \/ BILBAO-SAN SEBASTIAN<\/td><\/tr><tr><td>P.K.<\/td><td>56,700<\/td><\/tr><tr><td>ITURRIA \/ FUENTE<\/td><td>Euskal Trenbide Sarea (ETS) 2", "timestamp": null, "begin": null, "end": null, "altitudemo": "absolute", "tessellate": -1, "extrude": 0, "visibility": -1, "draworder": null, "icon": null }, "geometry": { "type": "MultiPoint", "coordinates": [ [ -267150.26429250167, 5346869.8523567514, 0.0 ] ] } },
{ "type": "Feature", "properties": { "id": 2168, "name": "P.K. 56,800", "descriptio": "<html><body><table border=\"1\"><tr><th>Field Name<\/th><th>Field Value<\/th><\/tr><tr><td>LINEA \/ LÍNEA<\/td><td>BILBO-DONOSTIA \/ BILBAO-SAN SEBASTIAN<\/td><\/tr><tr><td>P.K.<\/td><td>56,800<\/td><\/tr><tr><td>ITURRIA \/ FUENTE<\/td><td>Euskal Trenbide Sarea (ETS) 2", "timestamp": null, "begin": null, "end": null, "altitudemo": "absolute", "tessellate": -1, "extrude": 0, "visibility": -1, "draworder": null, "icon": null }, "geometry": { "type": "MultiPoint", "coordinates": [ [ -267084.64488872967, 5346992.3269256977, 0.0 ] ] } },
{ "type": "Feature", "properties": { "id": 2169, "name": "P.K. 56,900", "descriptio": "<html><body><table border=\"1\"><tr><th>Field Name<\/th><th>Field Value<\/th><\/tr><tr><td>LINEA \/ LÍNEA<\/td><td>BILBO-DONOSTIA \/ BILBAO-SAN SEBASTIAN<\/td><\/tr><tr><td>P.K.<\/td><td>56,900<\/td><\/tr><tr><td>ITURRIA \/ FUENTE<\/td><td>Euskal Trenbide Sarea (ETS) 2", "timestamp": null, "begin": null, "end": null, "altitudemo": "absolute", "tessellate": -1, "extrude": 0, "visibility": -1, "draworder": null, "icon": null }, "geometry": { "type": "MultiPoint", "coordinates": [ [ -267034.97586755099, 5347119.4997110423, 0.0 ] ] } },
{ "type": "Feature", "properties": { "id": 2170, "name": "P.K. 57,000", "descriptio": "<html><body><table border=\"1\"><tr><th>Field Name<\/th><th>Field Value<\/th><\/tr><tr><td>LINEA \/ LÍNEA<\/td><td>BILBO-DONOSTIA \/ BILBAO-SAN SEBASTIAN<\/td><\/tr><tr><td>P.K.<\/td><td>57,000<\/td><\/tr><tr><td>ITURRIA \/ FUENTE<\/td><td>Euskal Trenbide Sarea (ETS) 2", "timestamp": null, "begin": null, "end": null, "altitudemo": "absolute", "tessellate": -1, "extrude": 0, "visibility": -1, "draworder": null, "icon": null }, "geometry": { "type": "MultiPoint", "coordinates": [ [ -267052.76031352382, 5347252.120620803, 0.0 ] ] } },
{ "type": "Feature", "properties": { "id": 2171, "name": "P.K. 57,100", "descriptio": "<html><body><table border=\"1\"><tr><th>Field Name<\/th><th>Field Value<\/th><\/tr><tr><td>LINEA \/ LÍNEA<\/td><td>BILBO-DONOSTIA \/ BILBAO-SAN SEBASTIAN<\/td><\/tr><tr><td>P.K.<\/td><td>57,100<\/td><\/tr><tr><td>ITURRIA \/ FUENTE<\/td><td>Euskal Trenbide Sarea (ETS) 2", "timestamp": null, "begin": null, "end": null, "altitudemo": "absolute", "tessellate": -1, "extrude": 0, "visibility": -1, "draworder": null, "icon": null }, "geometry": { "type": "MultiPoint", "coordinates": [ [ -267138.19990394317, 5347356.9274491621, 0.0 ] ] } },
{ "type": "Feature", "properties": { "id": 2172, "name": "P.K. 57,200", "descriptio": "<html><body><table border=\"1\"><tr><th>Field Name<\/th><th>Field Value<\/th><\/tr><tr><td>LINEA \/ LÍNEA<\/td><td>BILBO-DONOSTIA \/ BILBAO-SAN SEBASTIAN<\/td><\/tr><tr><td>P.K.<\/td><td>57,200<\/td><\/tr><tr><td>ITURRIA \/ FUENTE<\/td><td>Euskal Trenbide Sarea (ETS) 2", "timestamp": null, "begin": null, "end": null, "altitudemo": "absolute", "tessellate": -1, "extrude": 0, "visibility": -1, "draworder": null, "icon": null }, "geometry": { "type": "MultiPoint", "coordinates": [ [ -267264.93821104791, 5347410.2874031104, 0.0 ] ] } },
{ "type": "Feature", "properties": { "id": 2173, "name": "P.K. 57,300", "descriptio": "<html><body><table border=\"1\"><tr><th>Field Name<\/th><th>Field Value<\/th><\/tr><tr><td>LINEA \/ LÍNEA<\/td><td>BILBO-DONOSTIA \/ BILBAO-SAN SEBASTIAN<\/td><\/tr><tr><td>P.K.<\/td><td>57,300<\/td><\/tr><tr><td>ITURRIA \/ FUENTE<\/td><td>Euskal Trenbide Sarea (ETS) 2", "timestamp": null, "begin": null, "end": null, "altitudemo": "absolute", "tessellate": -1, "extrude": 0, "visibility": -1, "draworder": null, "icon": null }, "geometry": { "type": "MultiPoint", "coordinates": [ [ -267395.22138212714, 5347448.444803034, 0.0 ] ] } },
{ "type": "Feature", "properties": { "id": 2174, "name": "P.K. 57,400", "descriptio": "<html><body><table border=\"1\"><tr><th>Field Name<\/th><th>Field Value<\/th><\/tr><tr><td>LINEA \/ LÍNEA<\/td><td>BILBO-DONOSTIA \/ BILBAO-SAN SEBASTIAN<\/td><\/tr><tr><td>P.K.<\/td><td>57,400<\/td><\/tr><tr><td>ITURRIA \/ FUENTE<\/td><td>Euskal Trenbide Sarea (ETS) 2", "timestamp": null, "begin": null, "end": null, "altitudemo": "absolute", "tessellate": -1, "extrude": 0, "visibility": -1, "draworder": null, "icon": null }, "geometry": { "type": "MultiPoint", "coordinates": [ [ -267505.74662524252, 5347521.2571958294, 0.0 ] ] } },
{ "type": "Feature", "properties": { "id": 2175, "name": "P.K. 57,500", "descriptio": "<html><body><table border=\"1\"><tr><th>Field Name<\/th><th>Field Value<\/th><\/tr><tr><td>LINEA \/ LÍNEA<\/td><td>BILBO-DONOSTIA \/ BILBAO-SAN SEBASTIAN<\/td><\/tr><tr><td>P.K.<\/td><td>57,500<\/td><\/tr><tr><td>ITURRIA \/ FUENTE<\/td><td>Euskal Trenbide Sarea (ETS) 2", "timestamp": null, "begin": null, "end": null, "altitudemo": "absolute", "tessellate": -1, "extrude": 0, "visibility": -1, "draworder": null, "icon": null }, "geometry": { "type": "MultiPoint", "coordinates": [ [ -267513.45878607902, 5347651.015966435, 0.0 ] ] } },
{ "type": "Feature", "properties": { "id": 2176, "name": "P.K. 57,600", "descriptio": "<html><body><table border=\"1\"><tr><th>Field Name<\/th><th>Field Value<\/th><\/tr><tr><td>LINEA \/ LÍNEA<\/td><td>BILBO-DONOSTIA \/ BILBAO-SAN SEBASTIAN<\/td><\/tr><tr><td>P.K.<\/td><td>57,600<\/td><\/tr><tr><td>ITURRIA \/ FUENTE<\/td><td>Euskal Trenbide Sarea (ETS) 2", "timestamp": null, "begin": null, "end": null, "altitudemo": "absolute", "tessellate": -1, "extrude": 0, "visibility": -1, "draworder": null, "icon": null }, "geometry": { "type": "MultiPoint", "coordinates": [ [ -267442.46055623045, 5347768.2008911958, 0.0 ] ] } },
{ "type": "Feature", "properties": { "id": 2177, "name": "P.K. 57,700", "descriptio": "<html><body><table border=\"1\"><tr><th>Field Name<\/th><th>Field Value<\/th><\/tr><tr><td>LINEA \/ LÍNEA<\/td><td>BILBO-DONOSTIA \/ BILBAO-SAN SEBASTIAN<\/td><\/tr><tr><td>P.K.<\/td><td>57,700<\/td><\/tr><tr><td>ITURRIA \/ FUENTE<\/td><td>Euskal Trenbide Sarea (ETS) 2", "timestamp": null, "begin": null, "end": null, "altitudemo": "absolute", "tessellate": -1, "extrude": 0, "visibility": -1, "draworder": null, "icon": null }, "geometry": { "type": "MultiPoint", "coordinates": [ [ -267330.51434393233, 5347844.6320312154, 0.0 ] ] } },
{ "type": "Feature", "properties": { "id": 2178, "name": "P.K. 57,800", "descriptio": "<html><body><table border=\"1\"><tr><th>Field Name<\/th><th>Field Value<\/th><\/tr><tr><td>LINEA \/ LÍNEA<\/td><td>BILBO-DONOSTIA \/ BILBAO-SAN SEBASTIAN<\/td><\/tr><tr><td>P.K.<\/td><td>57,800<\/td><\/tr><tr><td>ITURRIA \/ FUENTE<\/td><td>Euskal Trenbide Sarea (ETS) 2", "timestamp": null, "begin": null, "end": null, "altitudemo": "absolute", "tessellate": -1, "extrude": 0, "visibility": -1, "draworder": null, "icon": null }, "geometry": { "type": "MultiPoint", "coordinates": [ [ -267203.61394067982, 5347895.5089370888, 0.0 ] ] } },
{ "type": "Feature", "properties": { "id": 2179, "name": "P.K. 57,900", "descriptio": "<html><body><table border=\"1\"><tr><th>Field Name<\/th><th>Field Value<\/th><\/tr><tr><td>LINEA \/ LÍNEA<\/td><td>BILBO-DONOSTIA \/ BILBAO-SAN SEBASTIAN<\/td><\/tr><tr><td>P.K.<\/td><td>57,900<\/td><\/tr><tr><td>ITURRIA \/ FUENTE<\/td><td>Euskal Trenbide Sarea (ETS) 2", "timestamp": null, "begin": null, "end": null, "altitudemo": "absolute", "tessellate": -1, "extrude": 0, "visibility": -1, "draworder": null, "icon": null }, "geometry": { "type": "MultiPoint", "coordinates": [ [ -267075.54270133632, 5347945.8682333669, 0.0 ] ] } },
{ "type": "Feature", "properties": { "id": 2180, "name": "P.K. 58,000", "descriptio": "<html><body><table border=\"1\"><tr><th>Field Name<\/th><th>Field Value<\/th><\/tr><tr><td>LINEA \/ LÍNEA<\/td><td>BILBO-DONOSTIA \/ BILBAO-SAN SEBASTIAN<\/td><\/tr><tr><td>P.K.<\/td><td>58,000<\/td><\/tr><tr><td>ITURRIA \/ FUENTE<\/td><td>Euskal Trenbide Sarea (ETS) 2", "timestamp": null, "begin": null, "end": null, "altitudemo": "absolute", "tessellate": -1, "extrude": 0, "visibility": -1, "draworder": null, "icon": null }, "geometry": { "type": "MultiPoint", "coordinates": [ [ -266955.29521048383, 5348013.1298390515, 0.0 ] ] } },
{ "type": "Feature", "properties": { "id": 2181, "name": "P.K. 58,100", "descriptio": "<html><body><table border=\"1\"><tr><th>Field Name<\/th><th>Field Value<\/th><\/tr><tr><td>LINEA \/ LÍNEA<\/td><td>BILBO-DONOSTIA \/ BILBAO-SAN SEBASTIAN<\/td><\/tr><tr><td>P.K.<\/td><td>58,100<\/td><\/tr><tr><td>ITURRIA \/ FUENTE<\/td><td>Euskal Trenbide Sarea (ETS) 2", "timestamp": null, "begin": null, "end": null, "altitudemo": "absolute", "tessellate": -1, "extrude": 0, "visibility": -1, "draworder": null, "icon": null }, "geometry": { "type": "MultiPoint", "coordinates": [ [ -266872.24409060564, 5348117.4554052101, 0.0 ] ] } },
{ "type": "Feature", "properties": { "id": 2182, "name": "P.K. 58,200", "descriptio": "<html><body><table border=\"1\"><tr><th>Field Name<\/th><th>Field Value<\/th><\/tr><tr><td>LINEA \/ LÍNEA<\/td><td>BILBO-DONOSTIA \/ BILBAO-SAN SEBASTIAN<\/td><\/tr><tr><td>P.K.<\/td><td>58,200<\/td><\/tr><tr><td>ITURRIA \/ FUENTE<\/td><td>Euskal Trenbide Sarea (ETS) 2", "timestamp": null, "begin": null, "end": null, "altitudemo": "absolute", "tessellate": -1, "extrude": 0, "visibility": -1, "draworder": null, "icon": null }, "geometry": { "type": "MultiPoint", "coordinates": [ [ -266831.45460276346, 5348249.1162634892, 0.0 ] ] } },
{ "type": "Feature", "properties": { "id": 2183, "name": "P.K. 58,300", "descriptio": "<html><body><table border=\"1\"><tr><th>Field Name<\/th><th>Field Value<\/th><\/tr><tr><td>LINEA \/ LÍNEA<\/td><td>BILBO-DONOSTIA \/ BILBAO-SAN SEBASTIAN<\/td><\/tr><tr><td>P.K.<\/td><td>58,300<\/td><\/tr><tr><td>ITURRIA \/ FUENTE<\/td><td>Euskal Trenbide Sarea (ETS) 2", "timestamp": null, "begin": null, "end": null, "altitudemo": "absolute", "tessellate": -1, "extrude": 0, "visibility": -1, "draworder": null, "icon": null }, "geometry": { "type": "MultiPoint", "coordinates": [ [ -266840.85280187323, 5348383.56371071, 0.0 ] ] } },
{ "type": "Feature", "properties": { "id": 2184, "name": "P.K. 58,400", "descriptio": "<html><body><table border=\"1\"><tr><th>Field Name<\/th><th>Field Value<\/th><\/tr><tr><td>LINEA \/ LÍNEA<\/td><td>BILBO-DONOSTIA \/ BILBAO-SAN SEBASTIAN<\/td><\/tr><tr><td>P.K.<\/td><td>58,400<\/td><\/tr><tr><td>ITURRIA \/ FUENTE<\/td><td>Euskal Trenbide Sarea (ETS) 2", "timestamp": null, "begin": null, "end": null, "altitudemo": "absolute", "tessellate": -1, "extrude": 0, "visibility": -1, "draworder": null, "icon": null }, "geometry": { "type": "MultiPoint", "coordinates": [ [ -266869.04271799017, 5348519.3682461409, 0.0 ] ] } },
{ "type": "Feature", "properties": { "id": 2185, "name": "P.K. 58,500", "descriptio": "<html><body><table border=\"1\"><tr><th>Field Name<\/th><th>Field Value<\/th><\/tr><tr><td>LINEA \/ LÍNEA<\/td><td>BILBO-DONOSTIA \/ BILBAO-SAN SEBASTIAN<\/td><\/tr><tr><td>P.K.<\/td><td>58,500<\/td><\/tr><tr><td>ITURRIA \/ FUENTE<\/td><td>Euskal Trenbide Sarea (ETS) 2", "timestamp": null, "begin": null, "end": null, "altitudemo": "absolute", "tessellate": -1, "extrude": 0, "visibility": -1, "draworder": null, "icon": null }, "geometry": { "type": "MultiPoint", "coordinates": [ [ -266896.56851094204, 5348651.5947258724, 0.0 ] ] } },
{ "type": "Feature", "properties": { "id": 2186, "name": "P.K. 58,600", "descriptio": "<html><body><table border=\"1\"><tr><th>Field Name<\/th><th>Field Value<\/th><\/tr><tr><td>LINEA \/ LÍNEA<\/td><td>BILBO-DONOSTIA \/ BILBAO-SAN SEBASTIAN<\/td><\/tr><tr><td>P.K.<\/td><td>58,600<\/td><\/tr><tr><td>ITURRIA \/ FUENTE<\/td><td>Euskal Trenbide Sarea (ETS) 2", "timestamp": null, "begin": null, "end": null, "altitudemo": "absolute", "tessellate": -1, "extrude": 0, "visibility": -1, "draworder": null, "icon": null }, "geometry": { "type": "MultiPoint", "coordinates": [ [ -266925.21011329314, 5348788.7272071829, 0.0 ] ] } },
{ "type": "Feature", "properties": { "id": 2187, "name": "P.K. 58,700", "descriptio": "<html><body><table border=\"1\"><tr><th>Field Name<\/th><th>Field Value<\/th><\/tr><tr><td>LINEA \/ LÍNEA<\/td><td>BILBO-DONOSTIA \/ BILBAO-SAN SEBASTIAN<\/td><\/tr><tr><td>P.K.<\/td><td>58,700<\/td><\/tr><tr><td>ITURRIA \/ FUENTE<\/td><td>Euskal Trenbide Sarea (ETS) 2", "timestamp": null, "begin": null, "end": null, "altitudemo": "absolute", "tessellate": -1, "extrude": 0, "visibility": -1, "draworder": null, "icon": null }, "geometry": { "type": "MultiPoint", "coordinates": [ [ -266902.63608302065, 5348924.147680955, 0.0 ] ] } },
{ "type": "Feature", "properties": { "id": 2188, "name": "P.K. 58,800", "descriptio": "<html><body><table border=\"1\"><tr><th>Field Name<\/th><th>Field Value<\/th><\/tr><tr><td>LINEA \/ LÍNEA<\/td><td>BILBO-DONOSTIA \/ BILBAO-SAN SEBASTIAN<\/td><\/tr><tr><td>P.K.<\/td><td>58,800<\/td><\/tr><tr><td>ITURRIA \/ FUENTE<\/td><td>Euskal Trenbide Sarea (ETS) 2", "timestamp": null, "begin": null, "end": null, "altitudemo": "absolute", "tessellate": -1, "extrude": 0, "visibility": -1, "draworder": null, "icon": null }, "geometry": { "type": "MultiPoint", "coordinates": [ [ -266795.61187424383, 5349008.1097910386, 0.0 ] ] } },
{ "type": "Feature", "properties": { "id": 2189, "name": "P.K. 58,900", "descriptio": "<html><body><table border=\"1\"><tr><th>Field Name<\/th><th>Field Value<\/th><\/tr><tr><td>LINEA \/ LÍNEA<\/td><td>BILBO-DONOSTIA \/ BILBAO-SAN SEBASTIAN<\/td><\/tr><tr><td>P.K.<\/td><td>58,900<\/td><\/tr><tr><td>ITURRIA \/ FUENTE<\/td><td>Euskal Trenbide Sarea (ETS) 2", "timestamp": null, "begin": null, "end": null, "altitudemo": "absolute", "tessellate": -1, "extrude": 0, "visibility": -1, "draworder": null, "icon": null }, "geometry": { "type": "MultiPoint", "coordinates": [ [ -266682.70617495588, 5349084.2294927519, 0.0 ] ] } },
{ "type": "Feature", "properties": { "id": 2190, "name": "P.K. 59,000", "descriptio": "<html><body><table border=\"1\"><tr><th>Field Name<\/th><th>Field Value<\/th><\/tr><tr><td>LINEA \/ LÍNEA<\/td><td>BILBO-DONOSTIA \/ BILBAO-SAN SEBASTIAN<\/td><\/tr><tr><td>P.K.<\/td><td>59,000<\/td><\/tr><tr><td>ITURRIA \/ FUENTE<\/td><td>Euskal Trenbide Sarea (ETS) 2", "timestamp": null, "begin": null, "end": null, "altitudemo": "absolute", "tessellate": -1, "extrude": 0, "visibility": -1, "draworder": null, "icon": null }, "geometry": { "type": "MultiPoint", "coordinates": [ [ -266585.95796464622, 5349178.5764992144, 0.0 ] ] } },
{ "type": "Feature", "properties": { "id": 2191, "name": "P.K. 59,100", "descriptio": "<html><body><table border=\"1\"><tr><th>Field Name<\/th><th>Field Value<\/th><\/tr><tr><td>LINEA \/ LÍNEA<\/td><td>BILBO-DONOSTIA \/ BILBAO-SAN SEBASTIAN<\/td><\/tr><tr><td>P.K.<\/td><td>59,100<\/td><\/tr><tr><td>ITURRIA \/ FUENTE<\/td><td>Euskal Trenbide Sarea (ETS) 2", "timestamp": null, "begin": null, "end": null, "altitudemo": "absolute", "tessellate": -1, "extrude": 0, "visibility": -1, "draworder": null, "icon": null }, "geometry": { "type": "MultiPoint", "coordinates": [ [ -266530.62757207325, 5349306.4028143529, 0.0 ] ] } },
{ "type": "Feature", "properties": { "id": 2192, "name": "P.K. 59,200", "descriptio": "<html><body><table border=\"1\"><tr><th>Field Name<\/th><th>Field Value<\/th><\/tr><tr><td>LINEA \/ LÍNEA<\/td><td>BILBO-DONOSTIA \/ BILBAO-SAN SEBASTIAN<\/td><\/tr><tr><td>P.K.<\/td><td>59,200<\/td><\/tr><tr><td>ITURRIA \/ FUENTE<\/td><td>Euskal Trenbide Sarea (ETS) 2", "timestamp": null, "begin": null, "end": null, "altitudemo": "absolute", "tessellate": -1, "extrude": 0, "visibility": -1, "draworder": null, "icon": null }, "geometry": { "type": "MultiPoint", "coordinates": [ [ -266447.94213793182, 5349419.5632790122, 0.0 ] ] } },
{ "type": "Feature", "properties": { "id": 2193, "name": "P.K. 59,300", "descriptio": "<html><body><table border=\"1\"><tr><th>Field Name<\/th><th>Field Value<\/th><\/tr><tr><td>LINEA \/ LÍNEA<\/td><td>BILBO-DONOSTIA \/ BILBAO-SAN SEBASTIAN<\/td><\/tr><tr><td>P.K.<\/td><td>59,300<\/td><\/tr><tr><td>ITURRIA \/ FUENTE<\/td><td>Euskal Trenbide Sarea (ETS) 2", "timestamp": null, "begin": null, "end": null, "altitudemo": "absolute", "tessellate": -1, "extrude": 0, "visibility": -1, "draworder": null, "icon": null }, "geometry": { "type": "MultiPoint", "coordinates": [ [ -266331.65479429893, 5349469.837756, 0.0 ] ] } },
{ "type": "Feature", "properties": { "id": 2194, "name": "P.K. 59,400", "descriptio": "<html><body><table border=\"1\"><tr><th>Field Name<\/th><th>Field Value<\/th><\/tr><tr><td>LINEA \/ LÍNEA<\/td><td>BILBO-DONOSTIA \/ BILBAO-SAN SEBASTIAN<\/td><\/tr><tr><td>P.K.<\/td><td>59,400<\/td><\/tr><tr><td>ITURRIA \/ FUENTE<\/td><td>Euskal Trenbide Sarea (ETS) 2", "timestamp": null, "begin": null, "end": null, "altitudemo": "absolute", "tessellate": -1, "extrude": 0, "visibility": -1, "draworder": null, "icon": null }, "geometry": { "type": "MultiPoint", "coordinates": [ [ -266198.03227295104, 5349454.7357592499, 0.0 ] ] } },
{ "type": "Feature", "properties": { "id": 2195, "name": "P.K. 59,500", "descriptio": "<html><body><table border=\"1\"><tr><th>Field Name<\/th><th>Field Value<\/th><\/tr><tr><td>LINEA \/ LÍNEA<\/td><td>BILBO-DONOSTIA \/ BILBAO-SAN SEBASTIAN<\/td><\/tr><tr><td>P.K.<\/td><td>59,500<\/td><\/tr><tr><td>ITURRIA \/ FUENTE<\/td><td>Euskal Trenbide Sarea (ETS) 2", "timestamp": null, "begin": null, "end": null, "altitudemo": "absolute", "tessellate": -1, "extrude": 0, "visibility": -1, "draworder": null, "icon": null }, "geometry": { "type": "MultiPoint", "coordinates": [ [ -266061.62267375173, 5349430.5734022362, 0.0 ] ] } },
{ "type": "Feature", "properties": { "id": 2196, "name": "P.K. 59,600", "descriptio": "<html><body><table border=\"1\"><tr><th>Field Name<\/th><th>Field Value<\/th><\/tr><tr><td>LINEA \/ LÍNEA<\/td><td>BILBO-DONOSTIA \/ BILBAO-SAN SEBASTIAN<\/td><\/tr><tr><td>P.K.<\/td><td>59,600<\/td><\/tr><tr><td>ITURRIA \/ FUENTE<\/td><td>Euskal Trenbide Sarea (ETS) 2", "timestamp": null, "begin": null, "end": null, "altitudemo": "absolute", "tessellate": -1, "extrude": 0, "visibility": -1, "draworder": null, "icon": null }, "geometry": { "type": "MultiPoint", "coordinates": [ [ -265934.0544680598, 5349472.4613870801, 0.0 ] ] } },
{ "type": "Feature", "properties": { "id": 2197, "name": "P.K. 59,700", "descriptio": "<html><body><table border=\"1\"><tr><th>Field Name<\/th><th>Field Value<\/th><\/tr><tr><td>LINEA \/ LÍNEA<\/td><td>BILBO-DONOSTIA \/ BILBAO-SAN SEBASTIAN<\/td><\/tr><tr><td>P.K.<\/td><td>59,700<\/td><\/tr><tr><td>ITURRIA \/ FUENTE<\/td><td>Euskal Trenbide Sarea (ETS) 2", "timestamp": null, "begin": null, "end": null, "altitudemo": "absolute", "tessellate": -1, "extrude": 0, "visibility": -1, "draworder": null, "icon": null }, "geometry": { "type": "MultiPoint", "coordinates": [ [ -265883.60120555322, 5349594.5272865854, 0.0 ] ] } },
{ "type": "Feature", "properties": { "id": 2198, "name": "P.K. 59,800", "descriptio": "<html><body><table border=\"1\"><tr><th>Field Name<\/th><th>Field Value<\/th><\/tr><tr><td>LINEA \/ LÍNEA<\/td><td>BILBO-DONOSTIA \/ BILBAO-SAN SEBASTIAN<\/td><\/tr><tr><td>P.K.<\/td><td>59,800<\/td><\/tr><tr><td>ITURRIA \/ FUENTE<\/td><td>Euskal Trenbide Sarea (ETS) 2", "timestamp": null, "begin": null, "end": null, "altitudemo": "absolute", "tessellate": -1, "extrude": 0, "visibility": -1, "draworder": null, "icon": null }, "geometry": { "type": "MultiPoint", "coordinates": [ [ -265939.84111599153, 5349719.2042107051, 0.0 ] ] } },
{ "type": "Feature", "properties": { "id": 2199, "name": "P.K. 59,900", "descriptio": "<html><body><table border=\"1\"><tr><th>Field Name<\/th><th>Field Value<\/th><\/tr><tr><td>LINEA \/ LÍNEA<\/td><td>BILBO-DONOSTIA \/ BILBAO-SAN SEBASTIAN<\/td><\/tr><tr><td>P.K.<\/td><td>59,900<\/td><\/tr><tr><td>ITURRIA \/ FUENTE<\/td><td>Euskal Trenbide Sarea (ETS) 2", "timestamp": null, "begin": null, "end": null, "altitudemo": "absolute", "tessellate": -1, "extrude": 0, "visibility": -1, "draworder": null, "icon": null }, "geometry": { "type": "MultiPoint", "coordinates": [ [ -266016.81860586908, 5349824.768056741, 0.0 ] ] } },
{ "type": "Feature", "properties": { "id": 2200, "name": "P.K. 60,000", "descriptio": "<html><body><table border=\"1\"><tr><th>Field Name<\/th><th>Field Value<\/th><\/tr><tr><td>LINEA \/ LÍNEA<\/td><td>BILBO-DONOSTIA \/ BILBAO-SAN SEBASTIAN<\/td><\/tr><tr><td>P.K.<\/td><td>60,000<\/td><\/tr><tr><td>ITURRIA \/ FUENTE<\/td><td>Euskal Trenbide Sarea (ETS) 2", "timestamp": null, "begin": null, "end": null, "altitudemo": "absolute", "tessellate": -1, "extrude": 0, "visibility": -1, "draworder": null, "icon": null }, "geometry": { "type": "MultiPoint", "coordinates": [ [ -266055.99929717311, 5349958.7433584444, 0.0 ] ] } },
{ "type": "Feature", "properties": { "id": 2201, "name": "P.K. 60,100", "descriptio": "<html><body><table border=\"1\"><tr><th>Field Name<\/th><th>Field Value<\/th><\/tr><tr><td>LINEA \/ LÍNEA<\/td><td>BILBO-DONOSTIA \/ BILBAO-SAN SEBASTIAN<\/td><\/tr><tr><td>P.K.<\/td><td>60,100<\/td><\/tr><tr><td>ITURRIA \/ FUENTE<\/td><td>Euskal Trenbide Sarea (ETS) 2", "timestamp": null, "begin": null, "end": null, "altitudemo": "absolute", "tessellate": -1, "extrude": 0, "visibility": -1, "draworder": null, "icon": null }, "geometry": { "type": "MultiPoint", "coordinates": [ [ -266046.5661736136, 5350090.99456493, 0.0 ] ] } },
{ "type": "Feature", "properties": { "id": 2202, "name": "P.K. 60,200", "descriptio": "<html><body><table border=\"1\"><tr><th>Field Name<\/th><th>Field Value<\/th><\/tr><tr><td>LINEA \/ LÍNEA<\/td><td>BILBO-DONOSTIA \/ BILBAO-SAN SEBASTIAN<\/td><\/tr><tr><td>P.K.<\/td><td>60,200<\/td><\/tr><tr><td>ITURRIA \/ FUENTE<\/td><td>Euskal Trenbide Sarea (ETS) 2", "timestamp": null, "begin": null, "end": null, "altitudemo": "absolute", "tessellate": -1, "extrude": 0, "visibility": -1, "draworder": null, "icon": null }, "geometry": { "type": "MultiPoint", "coordinates": [ [ -265997.81844100042, 5350219.3226669906, 0.0 ] ] } },
{ "type": "Feature", "properties": { "id": 2203, "name": "P.K. 60,300", "descriptio": "<html><body><table border=\"1\"><tr><th>Field Name<\/th><th>Field Value<\/th><\/tr><tr><td>LINEA \/ LÍNEA<\/td><td>BILBO-DONOSTIA \/ BILBAO-SAN SEBASTIAN<\/td><\/tr><tr><td>P.K.<\/td><td>60,300<\/td><\/tr><tr><td>ITURRIA \/ FUENTE<\/td><td>Euskal Trenbide Sarea (ETS) 2", "timestamp": null, "begin": null, "end": null, "altitudemo": "absolute", "tessellate": -1, "extrude": 0, "visibility": -1, "draworder": null, "icon": null }, "geometry": { "type": "MultiPoint", "coordinates": [ [ -265941.44119472208, 5350346.2832340095, 0.0 ] ] } },
{ "type": "Feature", "properties": { "id": 2204, "name": "P.K. 60,400", "descriptio": "<html><body><table border=\"1\"><tr><th>Field Name<\/th><th>Field Value<\/th><\/tr><tr><td>LINEA \/ LÍNEA<\/td><td>BILBO-DONOSTIA \/ BILBAO-SAN SEBASTIAN<\/td><\/tr><tr><td>P.K.<\/td><td>60,400<\/td><\/tr><tr><td>ITURRIA \/ FUENTE<\/td><td>Euskal Trenbide Sarea (ETS) 2", "timestamp": null, "begin": null, "end": null, "altitudemo": "absolute", "tessellate": -1, "extrude": 0, "visibility": -1, "draworder": null, "icon": null }, "geometry": { "type": "MultiPoint", "coordinates": [ [ -265836.95505653194, 5350435.5757335359, 0.0 ] ] } },
{ "type": "Feature", "properties": { "id": 2205, "name": "P.K. 60,500", "descriptio": "<html><body><table border=\"1\"><tr><th>Field Name<\/th><th>Field Value<\/th><\/tr><tr><td>LINEA \/ LÍNEA<\/td><td>BILBO-DONOSTIA \/ BILBAO-SAN SEBASTIAN<\/td><\/tr><tr><td>P.K.<\/td><td>60,500<\/td><\/tr><tr><td>ITURRIA \/ FUENTE<\/td><td>Euskal Trenbide Sarea (ETS) 2", "timestamp": null, "begin": null, "end": null, "altitudemo": "absolute", "tessellate": -1, "extrude": 0, "visibility": -1, "draworder": null, "icon": null }, "geometry": { "type": "MultiPoint", "coordinates": [ [ -265728.85249222227, 5350519.8228457738, 0.0 ] ] } },
{ "type": "Feature", "properties": { "id": 2206, "name": "P.K. 60,600", "descriptio": "<html><body><table border=\"1\"><tr><th>Field Name<\/th><th>Field Value<\/th><\/tr><tr><td>LINEA \/ LÍNEA<\/td><td>BILBO-DONOSTIA \/ BILBAO-SAN SEBASTIAN<\/td><\/tr><tr><td>P.K.<\/td><td>60,600<\/td><\/tr><tr><td>ITURRIA \/ FUENTE<\/td><td>Euskal Trenbide Sarea (ETS) 2", "timestamp": null, "begin": null, "end": null, "altitudemo": "absolute", "tessellate": -1, "extrude": 0, "visibility": -1, "draworder": null, "icon": null }, "geometry": { "type": "MultiPoint", "coordinates": [ [ -265643.32908106333, 5350626.269496615, 0.0 ] ] } },
{ "type": "Feature", "properties": { "id": 2207, "name": "P.K. 60,700", "descriptio": "<html><body><table border=\"1\"><tr><th>Field Name<\/th><th>Field Value<\/th><\/tr><tr><td>LINEA \/ LÍNEA<\/td><td>BILBO-DONOSTIA \/ BILBAO-SAN SEBASTIAN<\/td><\/tr><tr><td>P.K.<\/td><td>60,700<\/td><\/tr><tr><td>ITURRIA \/ FUENTE<\/td><td>Euskal Trenbide Sarea (ETS) 2", "timestamp": null, "begin": null, "end": null, "altitudemo": "absolute", "tessellate": -1, "extrude": 0, "visibility": -1, "draworder": null, "icon": null }, "geometry": { "type": "MultiPoint", "coordinates": [ [ -265622.49022743327, 5350757.3484336352, 0.0 ] ] } },
{ "type": "Feature", "properties": { "id": 2208, "name": "P.K. 60,800", "descriptio": "<html><body><table border=\"1\"><tr><th>Field Name<\/th><th>Field Value<\/th><\/tr><tr><td>LINEA \/ LÍNEA<\/td><td>BILBO-DONOSTIA \/ BILBAO-SAN SEBASTIAN<\/td><\/tr><tr><td>P.K.<\/td><td>60,800<\/td><\/tr><tr><td>ITURRIA \/ FUENTE<\/td><td>Euskal Trenbide Sarea (ETS) 2", "timestamp": null, "begin": null, "end": null, "altitudemo": "absolute", "tessellate": -1, "extrude": 0, "visibility": -1, "draworder": null, "icon": null }, "geometry": { "type": "MultiPoint", "coordinates": [ [ -265681.34784986661, 5350881.1433415925, 0.0 ] ] } },
{ "type": "Feature", "properties": { "id": 2209, "name": "P.K. 60,900", "descriptio": "<html><body><table border=\"1\"><tr><th>Field Name<\/th><th>Field Value<\/th><\/tr><tr><td>LINEA \/ LÍNEA<\/td><td>BILBO-DONOSTIA \/ BILBAO-SAN SEBASTIAN<\/td><\/tr><tr><td>P.K.<\/td><td>60,900<\/td><\/tr><tr><td>ITURRIA \/ FUENTE<\/td><td>Euskal Trenbide Sarea (ETS) 2", "timestamp": null, "begin": null, "end": null, "altitudemo": "absolute", "tessellate": -1, "extrude": 0, "visibility": -1, "draworder": null, "icon": null }, "geometry": { "type": "MultiPoint", "coordinates": [ [ -265665.66268144827, 5351010.4441988561, 0.0 ] ] } },
{ "type": "Feature", "properties": { "id": 2210, "name": "P.K. 61,000", "descriptio": "<html><body><table border=\"1\"><tr><th>Field Name<\/th><th>Field Value<\/th><\/tr><tr><td>LINEA \/ LÍNEA<\/td><td>BILBO-DONOSTIA \/ BILBAO-SAN SEBASTIAN<\/td><\/tr><tr><td>P.K.<\/td><td>61,000<\/td><\/tr><tr><td>ITURRIA \/ FUENTE<\/td><td>Euskal Trenbide Sarea (ETS) 2", "timestamp": null, "begin": null, "end": null, "altitudemo": "absolute", "tessellate": -1, "extrude": 0, "visibility": -1, "draworder": null, "icon": null }, "geometry": { "type": "MultiPoint", "coordinates": [ [ -265542.94174602721, 5351076.7216337835, 0.0 ] ] } },
{ "type": "Feature", "properties": { "id": 2211, "name": "P.K. 61,100", "descriptio": "<html><body><table border=\"1\"><tr><th>Field Name<\/th><th>Field Value<\/th><\/tr><tr><td>LINEA \/ LÍNEA<\/td><td>BILBO-DONOSTIA \/ BILBAO-SAN SEBASTIAN<\/td><\/tr><tr><td>P.K.<\/td><td>61,100<\/td><\/tr><tr><td>ITURRIA \/ FUENTE<\/td><td>Euskal Trenbide Sarea (ETS) 2", "timestamp": null, "begin": null, "end": null, "altitudemo": "absolute", "tessellate": -1, "extrude": 0, "visibility": -1, "draworder": null, "icon": null }, "geometry": { "type": "MultiPoint", "coordinates": [ [ -265413.00032087322, 5351124.1117408257, 0.0 ] ] } },
{ "type": "Feature", "properties": { "id": 2212, "name": "P.K. 61,200", "descriptio": "<html><body><table border=\"1\"><tr><th>Field Name<\/th><th>Field Value<\/th><\/tr><tr><td>LINEA \/ LÍNEA<\/td><td>BILBO-DONOSTIA \/ BILBAO-SAN SEBASTIAN<\/td><\/tr><tr><td>P.K.<\/td><td>61,200<\/td><\/tr><tr><td>ITURRIA \/ FUENTE<\/td><td>Euskal Trenbide Sarea (ETS) 2", "timestamp": null, "begin": null, "end": null, "altitudemo": "absolute", "tessellate": -1, "extrude": 0, "visibility": -1, "draworder": null, "icon": null }, "geometry": { "type": "MultiPoint", "coordinates": [ [ -265294.9534766819, 5351196.6798848631, 0.0 ] ] } },
{ "type": "Feature", "properties": { "id": 2213, "name": "P.K. 61,300", "descriptio": "<html><body><table border=\"1\"><tr><th>Field Name<\/th><th>Field Value<\/th><\/tr><tr><td>LINEA \/ LÍNEA<\/td><td>BILBO-DONOSTIA \/ BILBAO-SAN SEBASTIAN<\/td><\/tr><tr><td>P.K.<\/td><td>61,300<\/td><\/tr><tr><td>ITURRIA \/ FUENTE<\/td><td>Euskal Trenbide Sarea (ETS) 2", "timestamp": null, "begin": null, "end": null, "altitudemo": "absolute", "tessellate": -1, "extrude": 0, "visibility": -1, "draworder": null, "icon": null }, "geometry": { "type": "MultiPoint", "coordinates": [ [ -265179.65111678944, 5351268.2153302804, 0.0 ] ] } },
{ "type": "Feature", "properties": { "id": 2214, "name": "P.K. 61,400", "descriptio": "<html><body><table border=\"1\"><tr><th>Field Name<\/th><th>Field Value<\/th><\/tr><tr><td>LINEA \/ LÍNEA<\/td><td>BILBO-DONOSTIA \/ BILBAO-SAN SEBASTIAN<\/td><\/tr><tr><td>P.K.<\/td><td>61,400<\/td><\/tr><tr><td>ITURRIA \/ FUENTE<\/td><td>Euskal Trenbide Sarea (ETS) 2", "timestamp": null, "begin": null, "end": null, "altitudemo": "absolute", "tessellate": -1, "extrude": 0, "visibility": -1, "draworder": null, "icon": null }, "geometry": { "type": "MultiPoint", "coordinates": [ [ -265063.86397336627, 5351340.3242312111, 0.0 ] ] } },
{ "type": "Feature", "properties": { "id": 2215, "name": "P.K. 61,500", "descriptio": "<html><body><table border=\"1\"><tr><th>Field Name<\/th><th>Field Value<\/th><\/tr><tr><td>LINEA \/ LÍNEA<\/td><td>BILBO-DONOSTIA \/ BILBAO-SAN SEBASTIAN<\/td><\/tr><tr><td>P.K.<\/td><td>61,500<\/td><\/tr><tr><td>ITURRIA \/ FUENTE<\/td><td>Euskal Trenbide Sarea (ETS) 2", "timestamp": null, "begin": null, "end": null, "altitudemo": "absolute", "tessellate": -1, "extrude": 0, "visibility": -1, "draworder": null, "icon": null }, "geometry": { "type": "MultiPoint", "coordinates": [ [ -264984.05567743466, 5351446.2256348161, 0.0 ] ] } },
{ "type": "Feature", "properties": { "id": 2216, "name": "P.K. 61,600", "descriptio": "<html><body><table border=\"1\"><tr><th>Field Name<\/th><th>Field Value<\/th><\/tr><tr><td>LINEA \/ LÍNEA<\/td><td>BILBO-DONOSTIA \/ BILBAO-SAN SEBASTIAN<\/td><\/tr><tr><td>P.K.<\/td><td>61,600<\/td><\/tr><tr><td>ITURRIA \/ FUENTE<\/td><td>Euskal Trenbide Sarea (ETS) 2", "timestamp": null, "begin": null, "end": null, "altitudemo": "absolute", "tessellate": -1, "extrude": 0, "visibility": -1, "draworder": null, "icon": null }, "geometry": { "type": "MultiPoint", "coordinates": [ [ -264926.26485282951, 5351569.1601370461, 0.0 ] ] } },
{ "type": "Feature", "properties": { "id": 2217, "name": "P.K. 61,700", "descriptio": "<html><body><table border=\"1\"><tr><th>Field Name<\/th><th>Field Value<\/th><\/tr><tr><td>LINEA \/ LÍNEA<\/td><td>BILBO-DONOSTIA \/ BILBAO-SAN SEBASTIAN<\/td><\/tr><tr><td>P.K.<\/td><td>61,700<\/td><\/tr><tr><td>ITURRIA \/ FUENTE<\/td><td>Euskal Trenbide Sarea (ETS) 2", "timestamp": null, "begin": null, "end": null, "altitudemo": "absolute", "tessellate": -1, "extrude": 0, "visibility": -1, "draworder": null, "icon": null }, "geometry": { "type": "MultiPoint", "coordinates": [ [ -264875.56534608232, 5351696.3547239639, 0.0 ] ] } },
{ "type": "Feature", "properties": { "id": 2218, "name": "P.K. 61,800", "descriptio": "<html><body><table border=\"1\"><tr><th>Field Name<\/th><th>Field Value<\/th><\/tr><tr><td>LINEA \/ LÍNEA<\/td><td>BILBO-DONOSTIA \/ BILBAO-SAN SEBASTIAN<\/td><\/tr><tr><td>P.K.<\/td><td>61,800<\/td><\/tr><tr><td>ITURRIA \/ FUENTE<\/td><td>Euskal Trenbide Sarea (ETS) 2", "timestamp": null, "begin": null, "end": null, "altitudemo": "absolute", "tessellate": -1, "extrude": 0, "visibility": -1, "draworder": null, "icon": null }, "geometry": { "type": "MultiPoint", "coordinates": [ [ -264792.22846273112, 5351805.3681881391, 0.0 ] ] } },
{ "type": "Feature", "properties": { "id": 2219, "name": "P.K. 61,900", "descriptio": "<html><body><table border=\"1\"><tr><th>Field Name<\/th><th>Field Value<\/th><\/tr><tr><td>LINEA \/ LÍNEA<\/td><td>BILBO-DONOSTIA \/ BILBAO-SAN SEBASTIAN<\/td><\/tr><tr><td>P.K.<\/td><td>61,900<\/td><\/tr><tr><td>ITURRIA \/ FUENTE<\/td><td>Euskal Trenbide Sarea (ETS) 2", "timestamp": null, "begin": null, "end": null, "altitudemo": "absolute", "tessellate": -1, "extrude": 0, "visibility": -1, "draworder": null, "icon": null }, "geometry": { "type": "MultiPoint", "coordinates": [ [ -264694.24234344752, 5351904.3131077429, 0.0 ] ] } },
{ "type": "Feature", "properties": { "id": 2220, "name": "P.K. 62,000", "descriptio": "<html><body><table border=\"1\"><tr><th>Field Name<\/th><th>Field Value<\/th><\/tr><tr><td>LINEA \/ LÍNEA<\/td><td>BILBO-DONOSTIA \/ BILBAO-SAN SEBASTIAN<\/td><\/tr><tr><td>P.K.<\/td><td>62,000<\/td><\/tr><tr><td>ITURRIA \/ FUENTE<\/td><td>Euskal Trenbide Sarea (ETS) 2", "timestamp": null, "begin": null, "end": null, "altitudemo": "absolute", "tessellate": -1, "extrude": 0, "visibility": -1, "draworder": null, "icon": null }, "geometry": { "type": "MultiPoint", "coordinates": [ [ -264611.17968865467, 5352013.5793705806, 0.0 ] ] } },
{ "type": "Feature", "properties": { "id": 2221, "name": "P.K. 62,100", "descriptio": "<html><body><table border=\"1\"><tr><th>Field Name<\/th><th>Field Value<\/th><\/tr><tr><td>LINEA \/ LÍNEA<\/td><td>BILBO-DONOSTIA \/ BILBAO-SAN SEBASTIAN<\/td><\/tr><tr><td>P.K.<\/td><td>62,100<\/td><\/tr><tr><td>ITURRIA \/ FUENTE<\/td><td>Euskal Trenbide Sarea (ETS) 2", "timestamp": null, "begin": null, "end": null, "altitudemo": "absolute", "tessellate": -1, "extrude": 0, "visibility": -1, "draworder": null, "icon": null }, "geometry": { "type": "MultiPoint", "coordinates": [ [ -264530.75692345499, 5352122.4239251707, 0.0 ] ] } },
{ "type": "Feature", "properties": { "id": 2222, "name": "P.K. 62,200", "descriptio": "<html><body><table border=\"1\"><tr><th>Field Name<\/th><th>Field Value<\/th><\/tr><tr><td>LINEA \/ LÍNEA<\/td><td>BILBO-DONOSTIA \/ BILBAO-SAN SEBASTIAN<\/td><\/tr><tr><td>P.K.<\/td><td>62,200<\/td><\/tr><tr><td>ITURRIA \/ FUENTE<\/td><td>Euskal Trenbide Sarea (ETS) 2", "timestamp": null, "begin": null, "end": null, "altitudemo": "absolute", "tessellate": -1, "extrude": 0, "visibility": -1, "draworder": null, "icon": null }, "geometry": { "type": "MultiPoint", "coordinates": [ [ -264415.21972327773, 5352192.2489332939, 0.0 ] ] } },
{ "type": "Feature", "properties": { "id": 2223, "name": "P.K. 62,300", "descriptio": "<html><body><table border=\"1\"><tr><th>Field Name<\/th><th>Field Value<\/th><\/tr><tr><td>LINEA \/ LÍNEA<\/td><td>BILBO-DONOSTIA \/ BILBAO-SAN SEBASTIAN<\/td><\/tr><tr><td>P.K.<\/td><td>62,300<\/td><\/tr><tr><td>ITURRIA \/ FUENTE<\/td><td>Euskal Trenbide Sarea (ETS) 2", "timestamp": null, "begin": null, "end": null, "altitudemo": "absolute", "tessellate": -1, "extrude": 0, "visibility": -1, "draworder": null, "icon": null }, "geometry": { "type": "MultiPoint", "coordinates": [ [ -264291.54901853355, 5352261.7169235889, 0.0 ] ] } },
{ "type": "Feature", "properties": { "id": 2224, "name": "P.K. 62,400", "descriptio": "<html><body><table border=\"1\"><tr><th>Field Name<\/th><th>Field Value<\/th><\/tr><tr><td>LINEA \/ LÍNEA<\/td><td>BILBO-DONOSTIA \/ BILBAO-SAN SEBASTIAN<\/td><\/tr><tr><td>P.K.<\/td><td>62,400<\/td><\/tr><tr><td>ITURRIA \/ FUENTE<\/td><td>Euskal Trenbide Sarea (ETS) 2", "timestamp": null, "begin": null, "end": null, "altitudemo": "absolute", "tessellate": -1, "extrude": 0, "visibility": -1, "draworder": null, "icon": null }, "geometry": { "type": "MultiPoint", "coordinates": [ [ -264199.94516950945, 5352358.1147107668, 0.0 ] ] } },
{ "type": "Feature", "properties": { "id": 2225, "name": "P.K. 62,500", "descriptio": "<html><body><table border=\"1\"><tr><th>Field Name<\/th><th>Field Value<\/th><\/tr><tr><td>LINEA \/ LÍNEA<\/td><td>BILBO-DONOSTIA \/ BILBAO-SAN SEBASTIAN<\/td><\/tr><tr><td>P.K.<\/td><td>62,500<\/td><\/tr><tr><td>ITURRIA \/ FUENTE<\/td><td>Euskal Trenbide Sarea (ETS) 2", "timestamp": null, "begin": null, "end": null, "altitudemo": "absolute", "tessellate": -1, "extrude": 0, "visibility": -1, "draworder": null, "icon": null }, "geometry": { "type": "MultiPoint", "coordinates": [ [ -264198.84025602438, 5352500.5248720255, 0.0 ] ] } },
{ "type": "Feature", "properties": { "id": 2226, "name": "P.K. 62,600", "descriptio": "<html><body><table border=\"1\"><tr><th>Field Name<\/th><th>Field Value<\/th><\/tr><tr><td>LINEA \/ LÍNEA<\/td><td>BILBO-DONOSTIA \/ BILBAO-SAN SEBASTIAN<\/td><\/tr><tr><td>P.K.<\/td><td>62,600<\/td><\/tr><tr><td>ITURRIA \/ FUENTE<\/td><td>Euskal Trenbide Sarea (ETS) 2", "timestamp": null, "begin": null, "end": null, "altitudemo": "absolute", "tessellate": -1, "extrude": 0, "visibility": -1, "draworder": null, "icon": null }, "geometry": { "type": "MultiPoint", "coordinates": [ [ -264198.49702324357, 5352635.0731197018, 0.0 ] ] } },
{ "type": "Feature", "properties": { "id": 2227, "name": "P.K. 36,800", "descriptio": "<html><body><table border=\"1\"><tr><th>Field Name<\/th><th>Field Value<\/th><\/tr><tr><td>LINEA \/ LÍNEA<\/td><td>BILBO-DONOSTIA \/ BILBAO-SAN SEBASTIAN<\/td><\/tr><tr><td>P.K.<\/td><td>36,800<\/td><\/tr><tr><td>ITURRIA \/ FUENTE<\/td><td>Euskal Trenbide Sarea (ETS) 2", "timestamp": null, "begin": null, "end": null, "altitudemo": "absolute", "tessellate": -1, "extrude": 0, "visibility": -1, "draworder": null, "icon": null }, "geometry": { "type": "MultiPoint", "coordinates": [ [ -286478.95017083449, 5337862.9698302662, 0.0 ] ] } },
{ "type": "Feature", "properties": { "id": 2228, "name": "P.K. 36,900", "descriptio": "<html><body><table border=\"1\"><tr><th>Field Name<\/th><th>Field Value<\/th><\/tr><tr><td>LINEA \/ LÍNEA<\/td><td>BILBO-DONOSTIA \/ BILBAO-SAN SEBASTIAN<\/td><\/tr><tr><td>P.K.<\/td><td>36,900<\/td><\/tr><tr><td>ITURRIA \/ FUENTE<\/td><td>Euskal Trenbide Sarea (ETS) 2", "timestamp": null, "begin": null, "end": null, "altitudemo": "absolute", "tessellate": -1, "extrude": 0, "visibility": -1, "draworder": null, "icon": null }, "geometry": { "type": "MultiPoint", "coordinates": [ [ -286353.15821889689, 5337906.963312597, 0.0 ] ] } },
{ "type": "Feature", "properties": { "id": 2229, "name": "P.K. 37,000", "descriptio": "<html><body><table border=\"1\"><tr><th>Field Name<\/th><th>Field Value<\/th><\/tr><tr><td>LINEA \/ LÍNEA<\/td><td>BILBO-DONOSTIA \/ BILBAO-SAN SEBASTIAN<\/td><\/tr><tr><td>P.K.<\/td><td>37,000<\/td><\/tr><tr><td>ITURRIA \/ FUENTE<\/td><td>Euskal Trenbide Sarea (ETS) 2", "timestamp": null, "begin": null, "end": null, "altitudemo": "absolute", "tessellate": -1, "extrude": 0, "visibility": -1, "draworder": null, "icon": null }, "geometry": { "type": "MultiPoint", "coordinates": [ [ -286217.62403358112, 5337900.2815094721, 0.0 ] ] } },
{ "type": "Feature", "properties": { "id": 2230, "name": "P.K. 37,100", "descriptio": "<html><body><table border=\"1\"><tr><th>Field Name<\/th><th>Field Value<\/th><\/tr><tr><td>LINEA \/ LÍNEA<\/td><td>BILBO-DONOSTIA \/ BILBAO-SAN SEBASTIAN<\/td><\/tr><tr><td>P.K.<\/td><td>37,100<\/td><\/tr><tr><td>ITURRIA \/ FUENTE<\/td><td>Euskal Trenbide Sarea (ETS) 2", "timestamp": null, "begin": null, "end": null, "altitudemo": "absolute", "tessellate": -1, "extrude": 0, "visibility": -1, "draworder": null, "icon": null }, "geometry": { "type": "MultiPoint", "coordinates": [ [ -286099.68365416612, 5337833.0366258109, 0.0 ] ] } },
{ "type": "Feature", "properties": { "id": 2231, "name": "P.K. 37,200", "descriptio": "<html><body><table border=\"1\"><tr><th>Field Name<\/th><th>Field Value<\/th><\/tr><tr><td>LINEA \/ LÍNEA<\/td><td>BILBO-DONOSTIA \/ BILBAO-SAN SEBASTIAN<\/td><\/tr><tr><td>P.K.<\/td><td>37,200<\/td><\/tr><tr><td>ITURRIA \/ FUENTE<\/td><td>Euskal Trenbide Sarea (ETS) 2", "timestamp": null, "begin": null, "end": null, "altitudemo": "absolute", "tessellate": -1, "extrude": 0, "visibility": -1, "draworder": null, "icon": null }, "geometry": { "type": "MultiPoint", "coordinates": [ [ -285980.87678456964, 5337770.5832345402, 0.0 ] ] } },
{ "type": "Feature", "properties": { "id": 2232, "name": "P.K. 37,300", "descriptio": "<html><body><table border=\"1\"><tr><th>Field Name<\/th><th>Field Value<\/th><\/tr><tr><td>LINEA \/ LÍNEA<\/td><td>BILBO-DONOSTIA \/ BILBAO-SAN SEBASTIAN<\/td><\/tr><tr><td>P.K.<\/td><td>37,300<\/td><\/tr><tr><td>ITURRIA \/ FUENTE<\/td><td>Euskal Trenbide Sarea (ETS) 2", "timestamp": null, "begin": null, "end": null, "altitudemo": "absolute", "tessellate": -1, "extrude": 0, "visibility": -1, "draworder": null, "icon": null }, "geometry": { "type": "MultiPoint", "coordinates": [ [ -285844.16921872844, 5337774.1624004534, 0.0 ] ] } },
{ "type": "Feature", "properties": { "id": 2233, "name": "P.K. 37,400", "descriptio": "<html><body><table border=\"1\"><tr><th>Field Name<\/th><th>Field Value<\/th><\/tr><tr><td>LINEA \/ LÍNEA<\/td><td>BILBO-DONOSTIA \/ BILBAO-SAN SEBASTIAN<\/td><\/tr><tr><td>P.K.<\/td><td>37,400<\/td><\/tr><tr><td>ITURRIA \/ FUENTE<\/td><td>Euskal Trenbide Sarea (ETS) 2", "timestamp": null, "begin": null, "end": null, "altitudemo": "absolute", "tessellate": -1, "extrude": 0, "visibility": -1, "draworder": null, "icon": null }, "geometry": { "type": "MultiPoint", "coordinates": [ [ -285707.7019259301, 5337789.9248773577, 0.0 ] ] } },
{ "type": "Feature", "properties": { "id": 2234, "name": "P.K. 37,500", "descriptio": "<html><body><table border=\"1\"><tr><th>Field Name<\/th><th>Field Value<\/th><\/tr><tr><td>LINEA \/ LÍNEA<\/td><td>BILBO-DONOSTIA \/ BILBAO-SAN SEBASTIAN<\/td><\/tr><tr><td>P.K.<\/td><td>37,500<\/td><\/tr><tr><td>ITURRIA \/ FUENTE<\/td><td>Euskal Trenbide Sarea (ETS) 2", "timestamp": null, "begin": null, "end": null, "altitudemo": "absolute", "tessellate": -1, "extrude": 0, "visibility": -1, "draworder": null, "icon": null }, "geometry": { "type": "MultiPoint", "coordinates": [ [ -285570.6203341994, 5337797.6425051773, 0.0 ] ] } },
{ "type": "Feature", "properties": { "id": 2235, "name": "P.K. 37,600", "descriptio": "<html><body><table border=\"1\"><tr><th>Field Name<\/th><th>Field Value<\/th><\/tr><tr><td>LINEA \/ LÍNEA<\/td><td>BILBO-DONOSTIA \/ BILBAO-SAN SEBASTIAN<\/td><\/tr><tr><td>P.K.<\/td><td>37,600<\/td><\/tr><tr><td>ITURRIA \/ FUENTE<\/td><td>Euskal Trenbide Sarea (ETS) 2", "timestamp": null, "begin": null, "end": null, "altitudemo": "absolute", "tessellate": -1, "extrude": 0, "visibility": -1, "draworder": null, "icon": null }, "geometry": { "type": "MultiPoint", "coordinates": [ [ -285432.79439684993, 5337785.5694639152, 0.0 ] ] } },
{ "type": "Feature", "properties": { "id": 2236, "name": "P.K. 37,700", "descriptio": "<html><body><table border=\"1\"><tr><th>Field Name<\/th><th>Field Value<\/th><\/tr><tr><td>LINEA \/ LÍNEA<\/td><td>BILBO-DONOSTIA \/ BILBAO-SAN SEBASTIAN<\/td><\/tr><tr><td>P.K.<\/td><td>37,700<\/td><\/tr><tr><td>ITURRIA \/ FUENTE<\/td><td>Euskal Trenbide Sarea (ETS) 2", "timestamp": null, "begin": null, "end": null, "altitudemo": "absolute", "tessellate": -1, "extrude": 0, "visibility": -1, "draworder": null, "icon": null }, "geometry": { "type": "MultiPoint", "coordinates": [ [ -285299.55613635352, 5337769.6741852537, 0.0 ] ] } },
{ "type": "Feature", "properties": { "id": 2237, "name": "P.K. 37,800", "descriptio": "<html><body><table border=\"1\"><tr><th>Field Name<\/th><th>Field Value<\/th><\/tr><tr><td>LINEA \/ LÍNEA<\/td><td>BILBO-DONOSTIA \/ BILBAO-SAN SEBASTIAN<\/td><\/tr><tr><td>P.K.<\/td><td>37,800<\/td><\/tr><tr><td>ITURRIA \/ FUENTE<\/td><td>Euskal Trenbide Sarea (ETS) 2", "timestamp": null, "begin": null, "end": null, "altitudemo": "absolute", "tessellate": -1, "extrude": 0, "visibility": -1, "draworder": null, "icon": null }, "geometry": { "type": "MultiPoint", "coordinates": [ [ -285167.67319081532, 5337752.8576495862, 0.0 ] ] } },
{ "type": "Feature", "properties": { "id": 2238, "name": "P.K. 37,900", "descriptio": "<html><body><table border=\"1\"><tr><th>Field Name<\/th><th>Field Value<\/th><\/tr><tr><td>LINEA \/ LÍNEA<\/td><td>BILBO-DONOSTIA \/ BILBAO-SAN SEBASTIAN<\/td><\/tr><tr><td>P.K.<\/td><td>37,900<\/td><\/tr><tr><td>ITURRIA \/ FUENTE<\/td><td>Euskal Trenbide Sarea (ETS) 2", "timestamp": null, "begin": null, "end": null, "altitudemo": "absolute", "tessellate": -1, "extrude": 0, "visibility": -1, "draworder": null, "icon": null }, "geometry": { "type": "MultiPoint", "coordinates": [ [ -285041.65079963527, 5337723.7331602192, 0.0 ] ] } },
{ "type": "Feature", "properties": { "id": 2239, "name": "P.K. 38,000", "descriptio": "<html><body><table border=\"1\"><tr><th>Field Name<\/th><th>Field Value<\/th><\/tr><tr><td>LINEA \/ LÍNEA<\/td><td>BILBO-DONOSTIA \/ BILBAO-SAN SEBASTIAN<\/td><\/tr><tr><td>P.K.<\/td><td>38,000<\/td><\/tr><tr><td>ITURRIA \/ FUENTE<\/td><td>Euskal Trenbide Sarea (ETS) 2", "timestamp": null, "begin": null, "end": null, "altitudemo": "absolute", "tessellate": -1, "extrude": 0, "visibility": -1, "draworder": null, "icon": null }, "geometry": { "type": "MultiPoint", "coordinates": [ [ -284904.91488990944, 5337669.4666743902, 0.0 ] ] } },
{ "type": "Feature", "properties": { "id": 2240, "name": "P.K. 38,100", "descriptio": "<html><body><table border=\"1\"><tr><th>Field Name<\/th><th>Field Value<\/th><\/tr><tr><td>LINEA \/ LÍNEA<\/td><td>BILBO-DONOSTIA \/ BILBAO-SAN SEBASTIAN<\/td><\/tr><tr><td>P.K.<\/td><td>38,100<\/td><\/tr><tr><td>ITURRIA \/ FUENTE<\/td><td>Euskal Trenbide Sarea (ETS) 2", "timestamp": null, "begin": null, "end": null, "altitudemo": "absolute", "tessellate": -1, "extrude": 0, "visibility": -1, "draworder": null, "icon": null }, "geometry": { "type": "MultiPoint", "coordinates": [ [ -284775.68749325222, 5337638.8353637075, 0.0 ] ] } },
{ "type": "Feature", "properties": { "id": 2241, "name": "P.K. 38,200", "descriptio": "<html><body><table border=\"1\"><tr><th>Field Name<\/th><th>Field Value<\/th><\/tr><tr><td>LINEA \/ LÍNEA<\/td><td>BILBO-DONOSTIA \/ BILBAO-SAN SEBASTIAN<\/td><\/tr><tr><td>P.K.<\/td><td>38,200<\/td><\/tr><tr><td>ITURRIA \/ FUENTE<\/td><td>Euskal Trenbide Sarea (ETS) 2", "timestamp": null, "begin": null, "end": null, "altitudemo": "absolute", "tessellate": -1, "extrude": 0, "visibility": -1, "draworder": null, "icon": null }, "geometry": { "type": "MultiPoint", "coordinates": [ [ -284636.42950231122, 5337640.9077874236, 0.0 ] ] } },
{ "type": "Feature", "properties": { "id": 2242, "name": "P.K. 38,300", "descriptio": "<html><body><table border=\"1\"><tr><th>Field Name<\/th><th>Field Value<\/th><\/tr><tr><td>LINEA \/ LÍNEA<\/td><td>BILBO-DONOSTIA \/ BILBAO-SAN SEBASTIAN<\/td><\/tr><tr><td>P.K.<\/td><td>38,300<\/td><\/tr><tr><td>ITURRIA \/ FUENTE<\/td><td>Euskal Trenbide Sarea (ETS) 2", "timestamp": null, "begin": null, "end": null, "altitudemo": "absolute", "tessellate": -1, "extrude": 0, "visibility": -1, "draworder": null, "icon": null }, "geometry": { "type": "MultiPoint", "coordinates": [ [ -284499.56391665689, 5337644.2032175036, 0.0 ] ] } },
{ "type": "Feature", "properties": { "id": 2243, "name": "P.K. 38,400", "descriptio": "<html><body><table border=\"1\"><tr><th>Field Name<\/th><th>Field Value<\/th><\/tr><tr><td>LINEA \/ LÍNEA<\/td><td>BILBO-DONOSTIA \/ BILBAO-SAN SEBASTIAN<\/td><\/tr><tr><td>P.K.<\/td><td>38,400<\/td><\/tr><tr><td>ITURRIA \/ FUENTE<\/td><td>Euskal Trenbide Sarea (ETS) 2", "timestamp": null, "begin": null, "end": null, "altitudemo": "absolute", "tessellate": -1, "extrude": 0, "visibility": -1, "draworder": null, "icon": null }, "geometry": { "type": "MultiPoint", "coordinates": [ [ -284368.11280701007, 5337681.8058225131, 0.0 ] ] } },
{ "type": "Feature", "properties": { "id": 2244, "name": "P.K. 38,500", "descriptio": "<html><body><table border=\"1\"><tr><th>Field Name<\/th><th>Field Value<\/th><\/tr><tr><td>LINEA \/ LÍNEA<\/td><td>BILBO-DONOSTIA \/ BILBAO-SAN SEBASTIAN<\/td><\/tr><tr><td>P.K.<\/td><td>38,500<\/td><\/tr><tr><td>ITURRIA \/ FUENTE<\/td><td>Euskal Trenbide Sarea (ETS) 2", "timestamp": null, "begin": null, "end": null, "altitudemo": "absolute", "tessellate": -1, "extrude": 0, "visibility": -1, "draworder": null, "icon": null }, "geometry": { "type": "MultiPoint", "coordinates": [ [ -284252.15886755224, 5337752.7854331192, 0.0 ] ] } },
{ "type": "Feature", "properties": { "id": 2245, "name": "P.K. 38,600", "descriptio": "<html><body><table border=\"1\"><tr><th>Field Name<\/th><th>Field Value<\/th><\/tr><tr><td>LINEA \/ LÍNEA<\/td><td>BILBO-DONOSTIA \/ BILBAO-SAN SEBASTIAN<\/td><\/tr><tr><td>P.K.<\/td><td>38,600<\/td><\/tr><tr><td>ITURRIA \/ FUENTE<\/td><td>Euskal Trenbide Sarea (ETS) 2", "timestamp": null, "begin": null, "end": null, "altitudemo": "absolute", "tessellate": -1, "extrude": 0, "visibility": -1, "draworder": null, "icon": null }, "geometry": { "type": "MultiPoint", "coordinates": [ [ -284136.7761524769, 5337823.2289692406, 0.0 ] ] } },
{ "type": "Feature", "properties": { "id": 2246, "name": "P.K. 38,700", "descriptio": "<html><body><table border=\"1\"><tr><th>Field Name<\/th><th>Field Value<\/th><\/tr><tr><td>LINEA \/ LÍNEA<\/td><td>BILBO-DONOSTIA \/ BILBAO-SAN SEBASTIAN<\/td><\/tr><tr><td>P.K.<\/td><td>38,700<\/td><\/tr><tr><td>ITURRIA \/ FUENTE<\/td><td>Euskal Trenbide Sarea (ETS) 2", "timestamp": null, "begin": null, "end": null, "altitudemo": "absolute", "tessellate": -1, "extrude": 0, "visibility": -1, "draworder": null, "icon": null }, "geometry": { "type": "MultiPoint", "coordinates": [ [ -284034.62252693885, 5337912.6399471229, 0.0 ] ] } },
{ "type": "Feature", "properties": { "id": 2247, "name": "P.K. 38,800", "descriptio": "<html><body><table border=\"1\"><tr><th>Field Name<\/th><th>Field Value<\/th><\/tr><tr><td>LINEA \/ LÍNEA<\/td><td>BILBO-DONOSTIA \/ BILBAO-SAN SEBASTIAN<\/td><\/tr><tr><td>P.K.<\/td><td>38,800<\/td><\/tr><tr><td>ITURRIA \/ FUENTE<\/td><td>Euskal Trenbide Sarea (ETS) 2", "timestamp": null, "begin": null, "end": null, "altitudemo": "absolute", "tessellate": -1, "extrude": 0, "visibility": -1, "draworder": null, "icon": null }, "geometry": { "type": "MultiPoint", "coordinates": [ [ -283978.67256308912, 5338042.6168580195, 0.0 ] ] } },
{ "type": "Feature", "properties": { "id": 2248, "name": "P.K. 38,900", "descriptio": "<html><body><table border=\"1\"><tr><th>Field Name<\/th><th>Field Value<\/th><\/tr><tr><td>LINEA \/ LÍNEA<\/td><td>BILBO-DONOSTIA \/ BILBAO-SAN SEBASTIAN<\/td><\/tr><tr><td>P.K.<\/td><td>38,900<\/td><\/tr><tr><td>ITURRIA \/ FUENTE<\/td><td>Euskal Trenbide Sarea (ETS) 2", "timestamp": null, "begin": null, "end": null, "altitudemo": "absolute", "tessellate": -1, "extrude": 0, "visibility": -1, "draworder": null, "icon": null }, "geometry": { "type": "MultiPoint", "coordinates": [ [ -283872.80101696565, 5338120.5754481731, 0.0 ] ] } },
{ "type": "Feature", "properties": { "id": 2249, "name": "P.K. 39,000", "descriptio": "<html><body><table border=\"1\"><tr><th>Field Name<\/th><th>Field Value<\/th><\/tr><tr><td>LINEA \/ LÍNEA<\/td><td>BILBO-DONOSTIA \/ BILBAO-SAN SEBASTIAN<\/td><\/tr><tr><td>P.K.<\/td><td>39,000<\/td><\/tr><tr><td>ITURRIA \/ FUENTE<\/td><td>Euskal Trenbide Sarea (ETS) 2", "timestamp": null, "begin": null, "end": null, "altitudemo": "absolute", "tessellate": -1, "extrude": 0, "visibility": -1, "draworder": null, "icon": null }, "geometry": { "type": "MultiPoint", "coordinates": [ [ -283735.47086785879, 5338130.0173641779, 0.0 ] ] } },
{ "type": "Feature", "properties": { "id": 2250, "name": "P.K. 39,100", "descriptio": "<html><body><table border=\"1\"><tr><th>Field Name<\/th><th>Field Value<\/th><\/tr><tr><td>LINEA \/ LÍNEA<\/td><td>BILBO-DONOSTIA \/ BILBAO-SAN SEBASTIAN<\/td><\/tr><tr><td>P.K.<\/td><td>39,100<\/td><\/tr><tr><td>ITURRIA \/ FUENTE<\/td><td>Euskal Trenbide Sarea (ETS) 2", "timestamp": null, "begin": null, "end": null, "altitudemo": "absolute", "tessellate": -1, "extrude": 0, "visibility": -1, "draworder": null, "icon": null }, "geometry": { "type": "MultiPoint", "coordinates": [ [ -283599.60098028975, 5338140.4189200811, 0.0 ] ] } },
{ "type": "Feature", "properties": { "id": 2251, "name": "P.K. 39,200", "descriptio": "<html><body><table border=\"1\"><tr><th>Field Name<\/th><th>Field Value<\/th><\/tr><tr><td>LINEA \/ LÍNEA<\/td><td>BILBO-DONOSTIA \/ BILBAO-SAN SEBASTIAN<\/td><\/tr><tr><td>P.K.<\/td><td>39,200<\/td><\/tr><tr><td>ITURRIA \/ FUENTE<\/td><td>Euskal Trenbide Sarea (ETS) 2", "timestamp": null, "begin": null, "end": null, "altitudemo": "absolute", "tessellate": -1, "extrude": 0, "visibility": -1, "draworder": null, "icon": null }, "geometry": { "type": "MultiPoint", "coordinates": [ [ -283490.08017889649, 5338229.2716743825, 0.0 ] ] } },
{ "type": "Feature", "properties": { "id": 2252, "name": "P.K. 39,300", "descriptio": "<html><body><table border=\"1\"><tr><th>Field Name<\/th><th>Field Value<\/th><\/tr><tr><td>LINEA \/ LÍNEA<\/td><td>BILBO-DONOSTIA \/ BILBAO-SAN SEBASTIAN<\/td><\/tr><tr><td>P.K.<\/td><td>39,300<\/td><\/tr><tr><td>ITURRIA \/ FUENTE<\/td><td>Euskal Trenbide Sarea (ETS) 2", "timestamp": null, "begin": null, "end": null, "altitudemo": "absolute", "tessellate": -1, "extrude": 0, "visibility": -1, "draworder": null, "icon": null }, "geometry": { "type": "MultiPoint", "coordinates": [ [ -283464.1394322394, 5338354.8910182668, 0.0 ] ] } },
{ "type": "Feature", "properties": { "id": 2253, "name": "P.K. 39,400", "descriptio": "<html><body><table border=\"1\"><tr><th>Field Name<\/th><th>Field Value<\/th><\/tr><tr><td>LINEA \/ LÍNEA<\/td><td>BILBO-DONOSTIA \/ BILBAO-SAN SEBASTIAN<\/td><\/tr><tr><td>P.K.<\/td><td>39,400<\/td><\/tr><tr><td>ITURRIA \/ FUENTE<\/td><td>Euskal Trenbide Sarea (ETS) 2", "timestamp": null, "begin": null, "end": null, "altitudemo": "absolute", "tessellate": -1, "extrude": 0, "visibility": -1, "draworder": null, "icon": null }, "geometry": { "type": "MultiPoint", "coordinates": [ [ -283389.66051350662, 5338458.469706838, 0.0 ] ] } },
{ "type": "Feature", "properties": { "id": 2254, "name": "P.K. 39,500", "descriptio": "<html><body><table border=\"1\"><tr><th>Field Name<\/th><th>Field Value<\/th><\/tr><tr><td>LINEA \/ LÍNEA<\/td><td>BILBO-DONOSTIA \/ BILBAO-SAN SEBASTIAN<\/td><\/tr><tr><td>P.K.<\/td><td>39,500<\/td><\/tr><tr><td>ITURRIA \/ FUENTE<\/td><td>Euskal Trenbide Sarea (ETS) 2", "timestamp": null, "begin": null, "end": null, "altitudemo": "absolute", "tessellate": -1, "extrude": 0, "visibility": -1, "draworder": null, "icon": null }, "geometry": { "type": "MultiPoint", "coordinates": [ [ -283259.19751208893, 5338453.9801035793, 0.0 ] ] } },
{ "type": "Feature", "properties": { "id": 2255, "name": "P.K. 39,600", "descriptio": "<html><body><table border=\"1\"><tr><th>Field Name<\/th><th>Field Value<\/th><\/tr><tr><td>LINEA \/ LÍNEA<\/td><td>BILBO-DONOSTIA \/ BILBAO-SAN SEBASTIAN<\/td><\/tr><tr><td>P.K.<\/td><td>39,600<\/td><\/tr><tr><td>ITURRIA \/ FUENTE<\/td><td>Euskal Trenbide Sarea (ETS) 2", "timestamp": null, "begin": null, "end": null, "altitudemo": "absolute", "tessellate": -1, "extrude": 0, "visibility": -1, "draworder": null, "icon": null }, "geometry": { "type": "MultiPoint", "coordinates": [ [ -283183.83236084221, 5338340.4484537793, 0.0 ] ] } },
{ "type": "Feature", "properties": { "id": 2256, "name": "P.K. 39,700", "descriptio": "<html><body><table border=\"1\"><tr><th>Field Name<\/th><th>Field Value<\/th><\/tr><tr><td>LINEA \/ LÍNEA<\/td><td>BILBO-DONOSTIA \/ BILBAO-SAN SEBASTIAN<\/td><\/tr><tr><td>P.K.<\/td><td>39,700<\/td><\/tr><tr><td>ITURRIA \/ FUENTE<\/td><td>Euskal Trenbide Sarea (ETS) 2", "timestamp": null, "begin": null, "end": null, "altitudemo": "absolute", "tessellate": -1, "extrude": 0, "visibility": -1, "draworder": null, "icon": null }, "geometry": { "type": "MultiPoint", "coordinates": [ [ -283087.81126129808, 5338249.856196817, 0.0 ] ] } },
{ "type": "Feature", "properties": { "id": 2257, "name": "P.K. 39,800", "descriptio": "<html><body><table border=\"1\"><tr><th>Field Name<\/th><th>Field Value<\/th><\/tr><tr><td>LINEA \/ LÍNEA<\/td><td>BILBO-DONOSTIA \/ BILBAO-SAN SEBASTIAN<\/td><\/tr><tr><td>P.K.<\/td><td>39,800<\/td><\/tr><tr><td>ITURRIA \/ FUENTE<\/td><td>Euskal Trenbide Sarea (ETS) 2", "timestamp": null, "begin": null, "end": null, "altitudemo": "absolute", "tessellate": -1, "extrude": 0, "visibility": -1, "draworder": null, "icon": null }, "geometry": { "type": "MultiPoint", "coordinates": [ [ -282954.8071186727, 5338260.0262216059, 0.0 ] ] } },
{ "type": "Feature", "properties": { "id": 2258, "name": "P.K. 39,900", "descriptio": "<html><body><table border=\"1\"><tr><th>Field Name<\/th><th>Field Value<\/th><\/tr><tr><td>LINEA \/ LÍNEA<\/td><td>BILBO-DONOSTIA \/ BILBAO-SAN SEBASTIAN<\/td><\/tr><tr><td>P.K.<\/td><td>39,900<\/td><\/tr><tr><td>ITURRIA \/ FUENTE<\/td><td>Euskal Trenbide Sarea (ETS) 2", "timestamp": null, "begin": null, "end": null, "altitudemo": "absolute", "tessellate": -1, "extrude": 0, "visibility": -1, "draworder": null, "icon": null }, "geometry": { "type": "MultiPoint", "coordinates": [ [ -282821.77262969431, 5338254.122172161, 0.0 ] ] } },
{ "type": "Feature", "properties": { "id": 2259, "name": "P.K. 40,000", "descriptio": "<html><body><table border=\"1\"><tr><th>Field Name<\/th><th>Field Value<\/th><\/tr><tr><td>LINEA \/ LÍNEA<\/td><td>BILBO-DONOSTIA \/ BILBAO-SAN SEBASTIAN<\/td><\/tr><tr><td>P.K.<\/td><td>40,000<\/td><\/tr><tr><td>ITURRIA \/ FUENTE<\/td><td>Euskal Trenbide Sarea (ETS) 2", "timestamp": null, "begin": null, "end": null, "altitudemo": "absolute", "tessellate": -1, "extrude": 0, "visibility": -1, "draworder": null, "icon": null }, "geometry": { "type": "MultiPoint", "coordinates": [ [ -282687.39308164595, 5338234.0293463152, 0.0 ] ] } },
{ "type": "Feature", "properties": { "id": 2260, "name": "P.K. 40,100", "descriptio": "<html><body><table border=\"1\"><tr><th>Field Name<\/th><th>Field Value<\/th><\/tr><tr><td>LINEA \/ LÍNEA<\/td><td>BILBO-DONOSTIA \/ BILBAO-SAN SEBASTIAN<\/td><\/tr><tr><td>P.K.<\/td><td>40,100<\/td><\/tr><tr><td>ITURRIA \/ FUENTE<\/td><td>Euskal Trenbide Sarea (ETS) 2", "timestamp": null, "begin": null, "end": null, "altitudemo": "absolute", "tessellate": -1, "extrude": 0, "visibility": -1, "draworder": null, "icon": null }, "geometry": { "type": "MultiPoint", "coordinates": [ [ -282586.10934316163, 5338323.3332903553, 0.0 ] ] } },
{ "type": "Feature", "properties": { "id": 2261, "name": "P.K. 40,200", "descriptio": "<html><body><table border=\"1\"><tr><th>Field Name<\/th><th>Field Value<\/th><\/tr><tr><td>LINEA \/ LÍNEA<\/td><td>BILBO-DONOSTIA \/ BILBAO-SAN SEBASTIAN<\/td><\/tr><tr><td>P.K.<\/td><td>40,200<\/td><\/tr><tr><td>ITURRIA \/ FUENTE<\/td><td>Euskal Trenbide Sarea (ETS) 2", "timestamp": null, "begin": null, "end": null, "altitudemo": "absolute", "tessellate": -1, "extrude": 0, "visibility": -1, "draworder": null, "icon": null }, "geometry": { "type": "MultiPoint", "coordinates": [ [ -282538.08686345129, 5338450.2109350385, 0.0 ] ] } },
{ "type": "Feature", "properties": { "id": 2262, "name": "P.K. 40,300", "descriptio": "<html><body><table border=\"1\"><tr><th>Field Name<\/th><th>Field Value<\/th><\/tr><tr><td>LINEA \/ LÍNEA<\/td><td>BILBO-DONOSTIA \/ BILBAO-SAN SEBASTIAN<\/td><\/tr><tr><td>P.K.<\/td><td>40,300<\/td><\/tr><tr><td>ITURRIA \/ FUENTE<\/td><td>Euskal Trenbide Sarea (ETS) 2", "timestamp": null, "begin": null, "end": null, "altitudemo": "absolute", "tessellate": -1, "extrude": 0, "visibility": -1, "draworder": null, "icon": null }, "geometry": { "type": "MultiPoint", "coordinates": [ [ -282493.25049000181, 5338579.1260576872, 0.0 ] ] } },
{ "type": "Feature", "properties": { "id": 2263, "name": "P.K. 40,400", "descriptio": "<html><body><table border=\"1\"><tr><th>Field Name<\/th><th>Field Value<\/th><\/tr><tr><td>LINEA \/ LÍNEA<\/td><td>BILBO-DONOSTIA \/ BILBAO-SAN SEBASTIAN<\/td><\/tr><tr><td>P.K.<\/td><td>40,400<\/td><\/tr><tr><td>ITURRIA \/ FUENTE<\/td><td>Euskal Trenbide Sarea (ETS) 2", "timestamp": null, "begin": null, "end": null, "altitudemo": "absolute", "tessellate": -1, "extrude": 0, "visibility": -1, "draworder": null, "icon": null }, "geometry": { "type": "MultiPoint", "coordinates": [ [ -282446.34678626101, 5338707.4667330561, 0.0 ] ] } },
{ "type": "Feature", "properties": { "id": 2264, "name": "P.K. 40,500", "descriptio": "<html><body><table border=\"1\"><tr><th>Field Name<\/th><th>Field Value<\/th><\/tr><tr><td>LINEA \/ LÍNEA<\/td><td>BILBO-DONOSTIA \/ BILBAO-SAN SEBASTIAN<\/td><\/tr><tr><td>P.K.<\/td><td>40,500<\/td><\/tr><tr><td>ITURRIA \/ FUENTE<\/td><td>Euskal Trenbide Sarea (ETS) 2", "timestamp": null, "begin": null, "end": null, "altitudemo": "absolute", "tessellate": -1, "extrude": 0, "visibility": -1, "draworder": null, "icon": null }, "geometry": { "type": "MultiPoint", "coordinates": [ [ -282398.91136427579, 5338838.4342838861, 0.0 ] ] } },
{ "type": "Feature", "properties": { "id": 2265, "name": "P.K. 40,600", "descriptio": "<html><body><table border=\"1\"><tr><th>Field Name<\/th><th>Field Value<\/th><\/tr><tr><td>LINEA \/ LÍNEA<\/td><td>BILBO-DONOSTIA \/ BILBAO-SAN SEBASTIAN<\/td><\/tr><tr><td>P.K.<\/td><td>40,600<\/td><\/tr><tr><td>ITURRIA \/ FUENTE<\/td><td>Euskal Trenbide Sarea (ETS) 2", "timestamp": null, "begin": null, "end": null, "altitudemo": "absolute", "tessellate": -1, "extrude": 0, "visibility": -1, "draworder": null, "icon": null }, "geometry": { "type": "MultiPoint", "coordinates": [ [ -282351.90125795675, 5338968.2368238652, 0.0 ] ] } },
{ "type": "Feature", "properties": { "id": 2266, "name": "P.K. 40,700", "descriptio": "<html><body><table border=\"1\"><tr><th>Field Name<\/th><th>Field Value<\/th><\/tr><tr><td>LINEA \/ LÍNEA<\/td><td>BILBO-DONOSTIA \/ BILBAO-SAN SEBASTIAN<\/td><\/tr><tr><td>P.K.<\/td><td>40,700<\/td><\/tr><tr><td>ITURRIA \/ FUENTE<\/td><td>Euskal Trenbide Sarea (ETS) 2", "timestamp": null, "begin": null, "end": null, "altitudemo": "absolute", "tessellate": -1, "extrude": 0, "visibility": -1, "draworder": null, "icon": null }, "geometry": { "type": "MultiPoint", "coordinates": [ [ -282305.74207269424, 5339095.7077111909, 0.0 ] ] } },
{ "type": "Feature", "properties": { "id": 2267, "name": "P.K. 40,800", "descriptio": "<html><body><table border=\"1\"><tr><th>Field Name<\/th><th>Field Value<\/th><\/tr><tr><td>LINEA \/ LÍNEA<\/td><td>BILBO-DONOSTIA \/ BILBAO-SAN SEBASTIAN<\/td><\/tr><tr><td>P.K.<\/td><td>40,800<\/td><\/tr><tr><td>ITURRIA \/ FUENTE<\/td><td>Euskal Trenbide Sarea (ETS) 2", "timestamp": null, "begin": null, "end": null, "altitudemo": "absolute", "tessellate": -1, "extrude": 0, "visibility": -1, "draworder": null, "icon": null }, "geometry": { "type": "MultiPoint", "coordinates": [ [ -282258.94482518424, 5339224.3471735111, 0.0 ] ] } },
{ "type": "Feature", "properties": { "id": 2268, "name": "P.K. 40,900", "descriptio": "<html><body><table border=\"1\"><tr><th>Field Name<\/th><th>Field Value<\/th><\/tr><tr><td>LINEA \/ LÍNEA<\/td><td>BILBO-DONOSTIA \/ BILBAO-SAN SEBASTIAN<\/td><\/tr><tr><td>P.K.<\/td><td>40,900<\/td><\/tr><tr><td>ITURRIA \/ FUENTE<\/td><td>Euskal Trenbide Sarea (ETS) 2", "timestamp": null, "begin": null, "end": null, "altitudemo": "absolute", "tessellate": -1, "extrude": 0, "visibility": -1, "draworder": null, "icon": null }, "geometry": { "type": "MultiPoint", "coordinates": [ [ -282180.13811149978, 5339330.0022043604, 0.0 ] ] } },
{ "type": "Feature", "properties": { "id": 2269, "name": "P.K. 41,000", "descriptio": "<html><body><table border=\"1\"><tr><th>Field Name<\/th><th>Field Value<\/th><\/tr><tr><td>LINEA \/ LÍNEA<\/td><td>BILBO-DONOSTIA \/ BILBAO-SAN SEBASTIAN<\/td><\/tr><tr><td>P.K.<\/td><td>41,000<\/td><\/tr><tr><td>ITURRIA \/ FUENTE<\/td><td>Euskal Trenbide Sarea (ETS) 2", "timestamp": null, "begin": null, "end": null, "altitudemo": "absolute", "tessellate": -1, "extrude": 0, "visibility": -1, "draworder": null, "icon": null }, "geometry": { "type": "MultiPoint", "coordinates": [ [ -282044.88148121099, 5339352.1033552708, 0.0 ] ] } },
{ "type": "Feature", "properties": { "id": 2270, "name": "P.K. 41,100", "descriptio": "<html><body><table border=\"1\"><tr><th>Field Name<\/th><th>Field Value<\/th><\/tr><tr><td>LINEA \/ LÍNEA<\/td><td>BILBO-DONOSTIA \/ BILBAO-SAN SEBASTIAN<\/td><\/tr><tr><td>P.K.<\/td><td>41,100<\/td><\/tr><tr><td>ITURRIA \/ FUENTE<\/td><td>Euskal Trenbide Sarea (ETS) 2", "timestamp": null, "begin": null, "end": null, "altitudemo": "absolute", "tessellate": -1, "extrude": 0, "visibility": -1, "draworder": null, "icon": null }, "geometry": { "type": "MultiPoint", "coordinates": [ [ -281903.76594371145, 5339362.7394131375, 0.0 ] ] } },
{ "type": "Feature", "properties": { "id": 2271, "name": "P.K. 41,200", "descriptio": "<html><body><table border=\"1\"><tr><th>Field Name<\/th><th>Field Value<\/th><\/tr><tr><td>LINEA \/ LÍNEA<\/td><td>BILBO-DONOSTIA \/ BILBAO-SAN SEBASTIAN<\/td><\/tr><tr><td>P.K.<\/td><td>41,200<\/td><\/tr><tr><td>ITURRIA \/ FUENTE<\/td><td>Euskal Trenbide Sarea (ETS) 2", "timestamp": null, "begin": null, "end": null, "altitudemo": "absolute", "tessellate": -1, "extrude": 0, "visibility": -1, "draworder": null, "icon": null }, "geometry": { "type": "MultiPoint", "coordinates": [ [ -281767.31440087367, 5339370.784417701, 0.0 ] ] } },
{ "type": "Feature", "properties": { "id": 2272, "name": "P.K. 41,300", "descriptio": "<html><body><table border=\"1\"><tr><th>Field Name<\/th><th>Field Value<\/th><\/tr><tr><td>LINEA \/ LÍNEA<\/td><td>BILBO-DONOSTIA \/ BILBAO-SAN SEBASTIAN<\/td><\/tr><tr><td>P.K.<\/td><td>41,300<\/td><\/tr><tr><td>ITURRIA \/ FUENTE<\/td><td>Euskal Trenbide Sarea (ETS) 2", "timestamp": null, "begin": null, "end": null, "altitudemo": "absolute", "tessellate": -1, "extrude": 0, "visibility": -1, "draworder": null, "icon": null }, "geometry": { "type": "MultiPoint", "coordinates": [ [ -281638.15950423782, 5339346.3582601398, 0.0 ] ] } },
{ "type": "Feature", "properties": { "id": 2273, "name": "P.K. 41,400", "descriptio": "<html><body><table border=\"1\"><tr><th>Field Name<\/th><th>Field Value<\/th><\/tr><tr><td>LINEA \/ LÍNEA<\/td><td>BILBO-DONOSTIA \/ BILBAO-SAN SEBASTIAN<\/td><\/tr><tr><td>P.K.<\/td><td>41,400<\/td><\/tr><tr><td>ITURRIA \/ FUENTE<\/td><td>Euskal Trenbide Sarea (ETS) 2", "timestamp": null, "begin": null, "end": null, "altitudemo": "absolute", "tessellate": -1, "extrude": 0, "visibility": -1, "draworder": null, "icon": null }, "geometry": { "type": "MultiPoint", "coordinates": [ [ -281510.3557312871, 5339287.799667662, 0.0 ] ] } },
{ "type": "Feature", "properties": { "id": 2274, "name": "P.K. 41,500", "descriptio": "<html><body><table border=\"1\"><tr><th>Field Name<\/th><th>Field Value<\/th><\/tr><tr><td>LINEA \/ LÍNEA<\/td><td>BILBO-DONOSTIA \/ BILBAO-SAN SEBASTIAN<\/td><\/tr><tr><td>P.K.<\/td><td>41,500<\/td><\/tr><tr><td>ITURRIA \/ FUENTE<\/td><td>Euskal Trenbide Sarea (ETS) 2", "timestamp": null, "begin": null, "end": null, "altitudemo": "absolute", "tessellate": -1, "extrude": 0, "visibility": -1, "draworder": null, "icon": null }, "geometry": { "type": "MultiPoint", "coordinates": [ [ -281380.81451909797, 5339239.9958000984, 0.0 ] ] } },
{ "type": "Feature", "properties": { "id": 2275, "name": "P.K. 41,600", "descriptio": "<html><body><table border=\"1\"><tr><th>Field Name<\/th><th>Field Value<\/th><\/tr><tr><td>LINEA \/ LÍNEA<\/td><td>BILBO-DONOSTIA \/ BILBAO-SAN SEBASTIAN<\/td><\/tr><tr><td>P.K.<\/td><td>41,600<\/td><\/tr><tr><td>ITURRIA \/ FUENTE<\/td><td>Euskal Trenbide Sarea (ETS) 2", "timestamp": null, "begin": null, "end": null, "altitudemo": "absolute", "tessellate": -1, "extrude": 0, "visibility": -1, "draworder": null, "icon": null }, "geometry": { "type": "MultiPoint", "coordinates": [ [ -281256.90030714648, 5339199.4147408698, 0.0 ] ] } },
{ "type": "Feature", "properties": { "id": 2276, "name": "P.K. 41,700", "descriptio": "<html><body><table border=\"1\"><tr><th>Field Name<\/th><th>Field Value<\/th><\/tr><tr><td>LINEA \/ LÍNEA<\/td><td>BILBO-DONOSTIA \/ BILBAO-SAN SEBASTIAN<\/td><\/tr><tr><td>P.K.<\/td><td>41,700<\/td><\/tr><tr><td>ITURRIA \/ FUENTE<\/td><td>Euskal Trenbide Sarea (ETS) 2", "timestamp": null, "begin": null, "end": null, "altitudemo": "absolute", "tessellate": -1, "extrude": 0, "visibility": -1, "draworder": null, "icon": null }, "geometry": { "type": "MultiPoint", "coordinates": [ [ -281123.88412952679, 5339155.8919461854, 0.0 ] ] } },
{ "type": "Feature", "properties": { "id": 2277, "name": "P.K. 41,800", "descriptio": "<html><body><table border=\"1\"><tr><th>Field Name<\/th><th>Field Value<\/th><\/tr><tr><td>LINEA \/ LÍNEA<\/td><td>BILBO-DONOSTIA \/ BILBAO-SAN SEBASTIAN<\/td><\/tr><tr><td>P.K.<\/td><td>41,800<\/td><\/tr><tr><td>ITURRIA \/ FUENTE<\/td><td>Euskal Trenbide Sarea (ETS) 2", "timestamp": null, "begin": null, "end": null, "altitudemo": "absolute", "tessellate": -1, "extrude": 0, "visibility": -1, "draworder": null, "icon": null }, "geometry": { "type": "MultiPoint", "coordinates": [ [ -280987.56524550292, 5339132.9686212298, 0.0 ] ] } },
{ "type": "Feature", "properties": { "id": 2278, "name": "P.K. 41,900", "descriptio": "<html><body><table border=\"1\"><tr><th>Field Name<\/th><th>Field Value<\/th><\/tr><tr><td>LINEA \/ LÍNEA<\/td><td>BILBO-DONOSTIA \/ BILBAO-SAN SEBASTIAN<\/td><\/tr><tr><td>P.K.<\/td><td>41,900<\/td><\/tr><tr><td>ITURRIA \/ FUENTE<\/td><td>Euskal Trenbide Sarea (ETS) 2", "timestamp": null, "begin": null, "end": null, "altitudemo": "absolute", "tessellate": -1, "extrude": 0, "visibility": -1, "draworder": null, "icon": null }, "geometry": { "type": "MultiPoint", "coordinates": [ [ -280856.09492530697, 5339085.9943916611, 0.0 ] ] } },
{ "type": "Feature", "properties": { "id": 2279, "name": "P.K. 42,000", "descriptio": "<html><body><table border=\"1\"><tr><th>Field Name<\/th><th>Field Value<\/th><\/tr><tr><td>LINEA \/ LÍNEA<\/td><td>BILBO-DONOSTIA \/ BILBAO-SAN SEBASTIAN<\/td><\/tr><tr><td>P.K.<\/td><td>42,000<\/td><\/tr><tr><td>ITURRIA \/ FUENTE<\/td><td>Euskal Trenbide Sarea (ETS) 2", "timestamp": null, "begin": null, "end": null, "altitudemo": "absolute", "tessellate": -1, "extrude": 0, "visibility": -1, "draworder": null, "icon": null }, "geometry": { "type": "MultiPoint", "coordinates": [ [ -280730.68509241799, 5339032.6061239811, 0.0 ] ] } },
{ "type": "Feature", "properties": { "id": 2280, "name": "P.K. 42,100", "descriptio": "<html><body><table border=\"1\"><tr><th>Field Name<\/th><th>Field Value<\/th><\/tr><tr><td>LINEA \/ LÍNEA<\/td><td>BILBO-DONOSTIA \/ BILBAO-SAN SEBASTIAN<\/td><\/tr><tr><td>P.K.<\/td><td>42,100<\/td><\/tr><tr><td>ITURRIA \/ FUENTE<\/td><td>Euskal Trenbide Sarea (ETS) 2", "timestamp": null, "begin": null, "end": null, "altitudemo": "absolute", "tessellate": -1, "extrude": 0, "visibility": -1, "draworder": null, "icon": null }, "geometry": { "type": "MultiPoint", "coordinates": [ [ -280600.62914942205, 5338988.979895154, 0.0 ] ] } },
{ "type": "Feature", "properties": { "id": 2281, "name": "P.K. 42,200", "descriptio": "<html><body><table border=\"1\"><tr><th>Field Name<\/th><th>Field Value<\/th><\/tr><tr><td>LINEA \/ LÍNEA<\/td><td>BILBO-DONOSTIA \/ BILBAO-SAN SEBASTIAN<\/td><\/tr><tr><td>P.K.<\/td><td>42,200<\/td><\/tr><tr><td>ITURRIA \/ FUENTE<\/td><td>Euskal Trenbide Sarea (ETS) 2", "timestamp": null, "begin": null, "end": null, "altitudemo": "absolute", "tessellate": -1, "extrude": 0, "visibility": -1, "draworder": null, "icon": null }, "geometry": { "type": "MultiPoint", "coordinates": [ [ -280466.08090314263, 5338952.0633010166, 0.0 ] ] } },
{ "type": "Feature", "properties": { "id": 2282, "name": "P.K. 42,300", "descriptio": "<html><body><table border=\"1\"><tr><th>Field Name<\/th><th>Field Value<\/th><\/tr><tr><td>LINEA \/ LÍNEA<\/td><td>BILBO-DONOSTIA \/ BILBAO-SAN SEBASTIAN<\/td><\/tr><tr><td>P.K.<\/td><td>42,300<\/td><\/tr><tr><td>ITURRIA \/ FUENTE<\/td><td>Euskal Trenbide Sarea (ETS) 2", "timestamp": null, "begin": null, "end": null, "altitudemo": "absolute", "tessellate": -1, "extrude": 0, "visibility": -1, "draworder": null, "icon": null }, "geometry": { "type": "MultiPoint", "coordinates": [ [ -280341.63380049157, 5338910.7062768955, 0.0 ] ] } },
{ "type": "Feature", "properties": { "id": 2283, "name": "P.K. 42,400", "descriptio": "<html><body><table border=\"1\"><tr><th>Field Name<\/th><th>Field Value<\/th><\/tr><tr><td>LINEA \/ LÍNEA<\/td><td>BILBO-DONOSTIA \/ BILBAO-SAN SEBASTIAN<\/td><\/tr><tr><td>P.K.<\/td><td>42,400<\/td><\/tr><tr><td>ITURRIA \/ FUENTE<\/td><td>Euskal Trenbide Sarea (ETS) 2", "timestamp": null, "begin": null, "end": null, "altitudemo": "absolute", "tessellate": -1, "extrude": 0, "visibility": -1, "draworder": null, "icon": null }, "geometry": { "type": "MultiPoint", "coordinates": [ [ -280213.99221736379, 5338860.864652873, 0.0 ] ] } },
{ "type": "Feature", "properties": { "id": 2284, "name": "P.K. 42,500", "descriptio": "<html><body><table border=\"1\"><tr><th>Field Name<\/th><th>Field Value<\/th><\/tr><tr><td>LINEA \/ LÍNEA<\/td><td>BILBO-DONOSTIA \/ BILBAO-SAN SEBASTIAN<\/td><\/tr><tr><td>P.K.<\/td><td>42,500<\/td><\/tr><tr><td>ITURRIA \/ FUENTE<\/td><td>Euskal Trenbide Sarea (ETS) 2", "timestamp": null, "begin": null, "end": null, "altitudemo": "absolute", "tessellate": -1, "extrude": 0, "visibility": -1, "draworder": null, "icon": null }, "geometry": { "type": "MultiPoint", "coordinates": [ [ -280078.84429614682, 5338854.5983234234, 0.0 ] ] } },
{ "type": "Feature", "properties": { "id": 2285, "name": "P.K. 42,600", "descriptio": "<html><body><table border=\"1\"><tr><th>Field Name<\/th><th>Field Value<\/th><\/tr><tr><td>LINEA \/ LÍNEA<\/td><td>BILBO-DONOSTIA \/ BILBAO-SAN SEBASTIAN<\/td><\/tr><tr><td>P.K.<\/td><td>42,600<\/td><\/tr><tr><td>ITURRIA \/ FUENTE<\/td><td>Euskal Trenbide Sarea (ETS) 2", "timestamp": null, "begin": null, "end": null, "altitudemo": "absolute", "tessellate": -1, "extrude": 0, "visibility": -1, "draworder": null, "icon": null }, "geometry": { "type": "MultiPoint", "coordinates": [ [ -279947.92664754408, 5338862.8699877141, 0.0 ] ] } },
{ "type": "Feature", "properties": { "id": 2286, "name": "P.K. 42,700", "descriptio": "<html><body><table border=\"1\"><tr><th>Field Name<\/th><th>Field Value<\/th><\/tr><tr><td>LINEA \/ LÍNEA<\/td><td>BILBO-DONOSTIA \/ BILBAO-SAN SEBASTIAN<\/td><\/tr><tr><td>P.K.<\/td><td>42,700<\/td><\/tr><tr><td>ITURRIA \/ FUENTE<\/td><td>Euskal Trenbide Sarea (ETS) 2", "timestamp": null, "begin": null, "end": null, "altitudemo": "absolute", "tessellate": -1, "extrude": 0, "visibility": -1, "draworder": null, "icon": null }, "geometry": { "type": "MultiPoint", "coordinates": [ [ -279811.37870103837, 5338873.4226014847, 0.0 ] ] } },
{ "type": "Feature", "properties": { "id": 2287, "name": "P.K. 42,800", "descriptio": "<html><body><table border=\"1\"><tr><th>Field Name<\/th><th>Field Value<\/th><\/tr><tr><td>LINEA \/ LÍNEA<\/td><td>BILBO-DONOSTIA \/ BILBAO-SAN SEBASTIAN<\/td><\/tr><tr><td>P.K.<\/td><td>42,800<\/td><\/tr><tr><td>ITURRIA \/ FUENTE<\/td><td>Euskal Trenbide Sarea (ETS) 2", "timestamp": null, "begin": null, "end": null, "altitudemo": "absolute", "tessellate": -1, "extrude": 0, "visibility": -1, "draworder": null, "icon": null }, "geometry": { "type": "MultiPoint", "coordinates": [ [ -279683.78565638972, 5338841.5223436505, 0.0 ] ] } },
{ "type": "Feature", "properties": { "id": 2288, "name": "P.K. 42,900", "descriptio": "<html><body><table border=\"1\"><tr><th>Field Name<\/th><th>Field Value<\/th><\/tr><tr><td>LINEA \/ LÍNEA<\/td><td>BILBO-DONOSTIA \/ BILBAO-SAN SEBASTIAN<\/td><\/tr><tr><td>P.K.<\/td><td>42,900<\/td><\/tr><tr><td>ITURRIA \/ FUENTE<\/td><td>Euskal Trenbide Sarea (ETS) 2", "timestamp": null, "begin": null, "end": null, "altitudemo": "absolute", "tessellate": -1, "extrude": 0, "visibility": -1, "draworder": null, "icon": null }, "geometry": { "type": "MultiPoint", "coordinates": [ [ -279566.22406100912, 5338766.9807204567, 0.0 ] ] } },
{ "type": "Feature", "properties": { "id": 2289, "name": "P.K. 43,000", "descriptio": "<html><body><table border=\"1\"><tr><th>Field Name<\/th><th>Field Value<\/th><\/tr><tr><td>LINEA \/ LÍNEA<\/td><td>BILBO-DONOSTIA \/ BILBAO-SAN SEBASTIAN<\/td><\/tr><tr><td>P.K.<\/td><td>43,000<\/td><\/tr><tr><td>ITURRIA \/ FUENTE<\/td><td>Euskal Trenbide Sarea (ETS) 2", "timestamp": null, "begin": null, "end": null, "altitudemo": "absolute", "tessellate": -1, "extrude": 0, "visibility": -1, "draworder": null, "icon": null }, "geometry": { "type": "MultiPoint", "coordinates": [ [ -279438.36888034357, 5338714.9782881392, 0.0 ] ] } },
{ "type": "Feature", "properties": { "id": 2290, "name": "P.K. 43,100", "descriptio": "<html><body><table border=\"1\"><tr><th>Field Name<\/th><th>Field Value<\/th><\/tr><tr><td>LINEA \/ LÍNEA<\/td><td>BILBO-DONOSTIA \/ BILBAO-SAN SEBASTIAN<\/td><\/tr><tr><td>P.K.<\/td><td>43,100<\/td><\/tr><tr><td>ITURRIA \/ FUENTE<\/td><td>Euskal Trenbide Sarea (ETS) 2", "timestamp": null, "begin": null, "end": null, "altitudemo": "absolute", "tessellate": -1, "extrude": 0, "visibility": -1, "draworder": null, "icon": null }, "geometry": { "type": "MultiPoint", "coordinates": [ [ -279304.44474236132, 5338691.8139228765, 0.0 ] ] } },
{ "type": "Feature", "properties": { "id": 2291, "name": "P.K. 43,400", "descriptio": "<html><body><table border=\"1\"><tr><th>Field Name<\/th><th>Field Value<\/th><\/tr><tr><td>LINEA \/ LÍNEA<\/td><td>BILBO-DONOSTIA \/ BILBAO-SAN SEBASTIAN<\/td><\/tr><tr><td>P.K.<\/td><td>43,400<\/td><\/tr><tr><td>ITURRIA \/ FUENTE<\/td><td>Euskal Trenbide Sarea (ETS) 2", "timestamp": null, "begin": null, "end": null, "altitudemo": "absolute", "tessellate": -1, "extrude": 0, "visibility": -1, "draworder": null, "icon": null }, "geometry": { "type": "MultiPoint", "coordinates": [ [ -279174.69858540024, 5338727.3656172613, 0.0 ] ] } },
{ "type": "Feature", "properties": { "id": 2292, "name": "P.K. 43,500", "descriptio": "<html><body><table border=\"1\"><tr><th>Field Name<\/th><th>Field Value<\/th><\/tr><tr><td>LINEA \/ LÍNEA<\/td><td>BILBO-DONOSTIA \/ BILBAO-SAN SEBASTIAN<\/td><\/tr><tr><td>P.K.<\/td><td>43,500<\/td><\/tr><tr><td>ITURRIA \/ FUENTE<\/td><td>Euskal Trenbide Sarea (ETS) 2", "timestamp": null, "begin": null, "end": null, "altitudemo": "absolute", "tessellate": -1, "extrude": 0, "visibility": -1, "draworder": null, "icon": null }, "geometry": { "type": "MultiPoint", "coordinates": [ [ -279064.00301117077, 5338807.5904731285, 0.0 ] ] } },
{ "type": "Feature", "properties": { "id": 2293, "name": "P.K. 43,600", "descriptio": "<html><body><table border=\"1\"><tr><th>Field Name<\/th><th>Field Value<\/th><\/tr><tr><td>LINEA \/ LÍNEA<\/td><td>BILBO-DONOSTIA \/ BILBAO-SAN SEBASTIAN<\/td><\/tr><tr><td>P.K.<\/td><td>43,600<\/td><\/tr><tr><td>ITURRIA \/ FUENTE<\/td><td>Euskal Trenbide Sarea (ETS) 2", "timestamp": null, "begin": null, "end": null, "altitudemo": "absolute", "tessellate": -1, "extrude": 0, "visibility": -1, "draworder": null, "icon": null }, "geometry": { "type": "MultiPoint", "coordinates": [ [ -278955.0200672698, 5338891.4298020145, 0.0 ] ] } },
{ "type": "Feature", "properties": { "id": 2294, "name": "P.K. 44,900", "descriptio": "<html><body><table border=\"1\"><tr><th>Field Name<\/th><th>Field Value<\/th><\/tr><tr><td>LINEA \/ LÍNEA<\/td><td>BILBO-DONOSTIA \/ BILBAO-SAN SEBASTIAN<\/td><\/tr><tr><td>P.K.<\/td><td>44,900<\/td><\/tr><tr><td>ITURRIA \/ FUENTE<\/td><td>Euskal Trenbide Sarea (ETS) 2", "timestamp": null, "begin": null, "end": null, "altitudemo": "absolute", "tessellate": -1, "extrude": 0, "visibility": -1, "draworder": null, "icon": null }, "geometry": { "type": "MultiPoint", "coordinates": [ [ -278399.04633973941, 5340204.9851540495, 0.0 ] ] } },
{ "type": "Feature", "properties": { "id": 2295, "name": "P.K. 45,000", "descriptio": "<html><body><table border=\"1\"><tr><th>Field Name<\/th><th>Field Value<\/th><\/tr><tr><td>LINEA \/ LÍNEA<\/td><td>BILBO-DONOSTIA \/ BILBAO-SAN SEBASTIAN<\/td><\/tr><tr><td>P.K.<\/td><td>45,000<\/td><\/tr><tr><td>ITURRIA \/ FUENTE<\/td><td>Euskal Trenbide Sarea (ETS) 2", "timestamp": null, "begin": null, "end": null, "altitudemo": "absolute", "tessellate": -1, "extrude": 0, "visibility": -1, "draworder": null, "icon": null }, "geometry": { "type": "MultiPoint", "coordinates": [ [ -278271.39738496544, 5340215.4616517099, 0.0 ] ] } },
{ "type": "Feature", "properties": { "id": 2296, "name": "P.K. 45,100", "descriptio": "<html><body><table border=\"1\"><tr><th>Field Name<\/th><th>Field Value<\/th><\/tr><tr><td>LINEA \/ LÍNEA<\/td><td>BILBO-DONOSTIA \/ BILBAO-SAN SEBASTIAN<\/td><\/tr><tr><td>P.K.<\/td><td>45,100<\/td><\/tr><tr><td>ITURRIA \/ FUENTE<\/td><td>Euskal Trenbide Sarea (ETS) 2", "timestamp": null, "begin": null, "end": null, "altitudemo": "absolute", "tessellate": -1, "extrude": 0, "visibility": -1, "draworder": null, "icon": null }, "geometry": { "type": "MultiPoint", "coordinates": [ [ -278205.37000347348, 5340098.9010350564, 0.0 ] ] } },
{ "type": "Feature", "properties": { "id": 2297, "name": "P.K. 45,200", "descriptio": "<html><body><table border=\"1\"><tr><th>Field Name<\/th><th>Field Value<\/th><\/tr><tr><td>LINEA \/ LÍNEA<\/td><td>BILBO-DONOSTIA \/ BILBAO-SAN SEBASTIAN<\/td><\/tr><tr><td>P.K.<\/td><td>45,200<\/td><\/tr><tr><td>ITURRIA \/ FUENTE<\/td><td>Euskal Trenbide Sarea (ETS) 2", "timestamp": null, "begin": null, "end": null, "altitudemo": "absolute", "tessellate": -1, "extrude": 0, "visibility": -1, "draworder": null, "icon": null }, "geometry": { "type": "MultiPoint", "coordinates": [ [ -278175.56567719916, 5339969.3203362701, 0.0 ] ] } },
{ "type": "Feature", "properties": { "id": 2298, "name": "P.K. 45,300", "descriptio": "<html><body><table border=\"1\"><tr><th>Field Name<\/th><th>Field Value<\/th><\/tr><tr><td>LINEA \/ LÍNEA<\/td><td>BILBO-DONOSTIA \/ BILBAO-SAN SEBASTIAN<\/td><\/tr><tr><td>P.K.<\/td><td>45,300<\/td><\/tr><tr><td>ITURRIA \/ FUENTE<\/td><td>Euskal Trenbide Sarea (ETS) 2", "timestamp": null, "begin": null, "end": null, "altitudemo": "absolute", "tessellate": -1, "extrude": 0, "visibility": -1, "draworder": null, "icon": null }, "geometry": { "type": "MultiPoint", "coordinates": [ [ -278167.0008401231, 5339836.9040974155, 0.0 ] ] } },
{ "type": "Feature", "properties": { "id": 2299, "name": "P.K. 45,400", "descriptio": "<html><body><table border=\"1\"><tr><th>Field Name<\/th><th>Field Value<\/th><\/tr><tr><td>LINEA \/ LÍNEA<\/td><td>BILBO-DONOSTIA \/ BILBAO-SAN SEBASTIAN<\/td><\/tr><tr><td>P.K.<\/td><td>45,400<\/td><\/tr><tr><td>ITURRIA \/ FUENTE<\/td><td>Euskal Trenbide Sarea (ETS) 2", "timestamp": null, "begin": null, "end": null, "altitudemo": "absolute", "tessellate": -1, "extrude": 0, "visibility": -1, "draworder": null, "icon": null }, "geometry": { "type": "MultiPoint", "coordinates": [ [ -278158.7247402792, 5339697.6421599686, 0.0 ] ] } },
{ "type": "Feature", "properties": { "id": 2300, "name": "P.K. 45,500", "descriptio": "<html><body><table border=\"1\"><tr><th>Field Name<\/th><th>Field Value<\/th><\/tr><tr><td>LINEA \/ LÍNEA<\/td><td>BILBO-DONOSTIA \/ BILBAO-SAN SEBASTIAN<\/td><\/tr><tr><td>P.K.<\/td><td>45,500<\/td><\/tr><tr><td>ITURRIA \/ FUENTE<\/td><td>Euskal Trenbide Sarea (ETS) 2", "timestamp": null, "begin": null, "end": null, "altitudemo": "absolute", "tessellate": -1, "extrude": 0, "visibility": -1, "draworder": null, "icon": null }, "geometry": { "type": "MultiPoint", "coordinates": [ [ -278075.63955318456, 5339587.9212966664, 0.0 ] ] } },
{ "type": "Feature", "properties": { "id": 2301, "name": "P.K. 45,600", "descriptio": "<html><body><table border=\"1\"><tr><th>Field Name<\/th><th>Field Value<\/th><\/tr><tr><td>LINEA \/ LÍNEA<\/td><td>BILBO-DONOSTIA \/ BILBAO-SAN SEBASTIAN<\/td><\/tr><tr><td>P.K.<\/td><td>45,600<\/td><\/tr><tr><td>ITURRIA \/ FUENTE<\/td><td>Euskal Trenbide Sarea (ETS) 2", "timestamp": null, "begin": null, "end": null, "altitudemo": "absolute", "tessellate": -1, "extrude": 0, "visibility": -1, "draworder": null, "icon": null }, "geometry": { "type": "MultiPoint", "coordinates": [ [ -278037.9599781537, 5339459.5763074905, 0.0 ] ] } },
{ "type": "Feature", "properties": { "id": 2302, "name": "P.K. 45,700", "descriptio": "<html><body><table border=\"1\"><tr><th>Field Name<\/th><th>Field Value<\/th><\/tr><tr><td>LINEA \/ LÍNEA<\/td><td>BILBO-DONOSTIA \/ BILBAO-SAN SEBASTIAN<\/td><\/tr><tr><td>P.K.<\/td><td>45,700<\/td><\/tr><tr><td>ITURRIA \/ FUENTE<\/td><td>Euskal Trenbide Sarea (ETS) 2", "timestamp": null, "begin": null, "end": null, "altitudemo": "absolute", "tessellate": -1, "extrude": 0, "visibility": -1, "draworder": null, "icon": null }, "geometry": { "type": "MultiPoint", "coordinates": [ [ -277990.29043774784, 5339332.9523298908, 0.0 ] ] } },
{ "type": "Feature", "properties": { "id": 2303, "name": "P.K. 45,800", "descriptio": "<html><body><table border=\"1\"><tr><th>Field Name<\/th><th>Field Value<\/th><\/tr><tr><td>LINEA \/ LÍNEA<\/td><td>BILBO-DONOSTIA \/ BILBAO-SAN SEBASTIAN<\/td><\/tr><tr><td>P.K.<\/td><td>45,800<\/td><\/tr><tr><td>ITURRIA \/ FUENTE<\/td><td>Euskal Trenbide Sarea (ETS) 2", "timestamp": null, "begin": null, "end": null, "altitudemo": "absolute", "tessellate": -1, "extrude": 0, "visibility": -1, "draworder": null, "icon": null }, "geometry": { "type": "MultiPoint", "coordinates": [ [ -277859.64118481486, 5339304.3920824984, 0.0 ] ] } },
{ "type": "Feature", "properties": { "id": 2304, "name": "P.K. 45,900", "descriptio": "<html><body><table border=\"1\"><tr><th>Field Name<\/th><th>Field Value<\/th><\/tr><tr><td>LINEA \/ LÍNEA<\/td><td>BILBO-DONOSTIA \/ BILBAO-SAN SEBASTIAN<\/td><\/tr><tr><td>P.K.<\/td><td>45,900<\/td><\/tr><tr><td>ITURRIA \/ FUENTE<\/td><td>Euskal Trenbide Sarea (ETS) 2", "timestamp": null, "begin": null, "end": null, "altitudemo": "absolute", "tessellate": -1, "extrude": 0, "visibility": -1, "draworder": null, "icon": null }, "geometry": { "type": "MultiPoint", "coordinates": [ [ -277725.57362313423, 5339329.8543873169, 0.0 ] ] } },
{ "type": "Feature", "properties": { "id": 2305, "name": "P.K. 46,000", "descriptio": "<html><body><table border=\"1\"><tr><th>Field Name<\/th><th>Field Value<\/th><\/tr><tr><td>LINEA \/ LÍNEA<\/td><td>BILBO-DONOSTIA \/ BILBAO-SAN SEBASTIAN<\/td><\/tr><tr><td>P.K.<\/td><td>46,000<\/td><\/tr><tr><td>ITURRIA \/ FUENTE<\/td><td>Euskal Trenbide Sarea (ETS) 2", "timestamp": null, "begin": null, "end": null, "altitudemo": "absolute", "tessellate": -1, "extrude": 0, "visibility": -1, "draworder": null, "icon": null }, "geometry": { "type": "MultiPoint", "coordinates": [ [ -277613.50451525755, 5339227.5029210746, 0.0 ] ] } },
{ "type": "Feature", "properties": { "id": 2306, "name": "P.K. 46,100", "descriptio": "<html><body><table border=\"1\"><tr><th>Field Name<\/th><th>Field Value<\/th><\/tr><tr><td>LINEA \/ LÍNEA<\/td><td>BILBO-DONOSTIA \/ BILBAO-SAN SEBASTIAN<\/td><\/tr><tr><td>P.K.<\/td><td>46,100<\/td><\/tr><tr><td>ITURRIA \/ FUENTE<\/td><td>Euskal Trenbide Sarea (ETS) 2", "timestamp": null, "begin": null, "end": null, "altitudemo": "absolute", "tessellate": -1, "extrude": 0, "visibility": -1, "draworder": null, "icon": null }, "geometry": { "type": "MultiPoint", "coordinates": [ [ -277519.5167171511, 5339137.8861081703, 0.0 ] ] } },
{ "type": "Feature", "properties": { "id": 2307, "name": "P.K. 46,200", "descriptio": "<html><body><table border=\"1\"><tr><th>Field Name<\/th><th>Field Value<\/th><\/tr><tr><td>LINEA \/ LÍNEA<\/td><td>BILBO-DONOSTIA \/ BILBAO-SAN SEBASTIAN<\/td><\/tr><tr><td>P.K.<\/td><td>46,200<\/td><\/tr><tr><td>ITURRIA \/ FUENTE<\/td><td>Euskal Trenbide Sarea (ETS) 2", "timestamp": null, "begin": null, "end": null, "altitudemo": "absolute", "tessellate": -1, "extrude": 0, "visibility": -1, "draworder": null, "icon": null }, "geometry": { "type": "MultiPoint", "coordinates": [ [ -277394.51372834871, 5339145.541446765, 0.0 ] ] } },
{ "type": "Feature", "properties": { "id": 2308, "name": "P.K. 46,300", "descriptio": "<html><body><table border=\"1\"><tr><th>Field Name<\/th><th>Field Value<\/th><\/tr><tr><td>LINEA \/ LÍNEA<\/td><td>BILBO-DONOSTIA \/ BILBAO-SAN SEBASTIAN<\/td><\/tr><tr><td>P.K.<\/td><td>46,300<\/td><\/tr><tr><td>ITURRIA \/ FUENTE<\/td><td>Euskal Trenbide Sarea (ETS) 2", "timestamp": null, "begin": null, "end": null, "altitudemo": "absolute", "tessellate": -1, "extrude": 0, "visibility": -1, "draworder": null, "icon": null }, "geometry": { "type": "MultiPoint", "coordinates": [ [ -277311.68926305673, 5339245.8258936005, 0.0 ] ] } },
{ "type": "Feature", "properties": { "id": 2309, "name": "P.K. 46,400", "descriptio": "<html><body><table border=\"1\"><tr><th>Field Name<\/th><th>Field Value<\/th><\/tr><tr><td>LINEA \/ LÍNEA<\/td><td>BILBO-DONOSTIA \/ BILBAO-SAN SEBASTIAN<\/td><\/tr><tr><td>P.K.<\/td><td>46,400<\/td><\/tr><tr><td>ITURRIA \/ FUENTE<\/td><td>Euskal Trenbide Sarea (ETS) 2", "timestamp": null, "begin": null, "end": null, "altitudemo": "absolute", "tessellate": -1, "extrude": 0, "visibility": -1, "draworder": null, "icon": null }, "geometry": { "type": "MultiPoint", "coordinates": [ [ -277254.77970416442, 5339364.9917407744, 0.0 ] ] } },
{ "type": "Feature", "properties": { "id": 2310, "name": "P.K. 46,500", "descriptio": "<html><body><table border=\"1\"><tr><th>Field Name<\/th><th>Field Value<\/th><\/tr><tr><td>LINEA \/ LÍNEA<\/td><td>BILBO-DONOSTIA \/ BILBAO-SAN SEBASTIAN<\/td><\/tr><tr><td>P.K.<\/td><td>46,500<\/td><\/tr><tr><td>ITURRIA \/ FUENTE<\/td><td>Euskal Trenbide Sarea (ETS) 2", "timestamp": null, "begin": null, "end": null, "altitudemo": "absolute", "tessellate": -1, "extrude": 0, "visibility": -1, "draworder": null, "icon": null }, "geometry": { "type": "MultiPoint", "coordinates": [ [ -277157.32714431622, 5339460.6639459971, 0.0 ] ] } },
{ "type": "Feature", "properties": { "id": 2311, "name": "P.K. 46,600", "descriptio": "<html><body><table border=\"1\"><tr><th>Field Name<\/th><th>Field Value<\/th><\/tr><tr><td>LINEA \/ LÍNEA<\/td><td>BILBO-DONOSTIA \/ BILBAO-SAN SEBASTIAN<\/td><\/tr><tr><td>P.K.<\/td><td>46,600<\/td><\/tr><tr><td>ITURRIA \/ FUENTE<\/td><td>Euskal Trenbide Sarea (ETS) 2", "timestamp": null, "begin": null, "end": null, "altitudemo": "absolute", "tessellate": -1, "extrude": 0, "visibility": -1, "draworder": null, "icon": null }, "geometry": { "type": "MultiPoint", "coordinates": [ [ -277019.95928196021, 5339462.4273482682, 0.0 ] ] } },
{ "type": "Feature", "properties": { "id": 2312, "name": "P.K. 46,700", "descriptio": "<html><body><table border=\"1\"><tr><th>Field Name<\/th><th>Field Value<\/th><\/tr><tr><td>LINEA \/ LÍNEA<\/td><td>BILBO-DONOSTIA \/ BILBAO-SAN SEBASTIAN<\/td><\/tr><tr><td>P.K.<\/td><td>46,700<\/td><\/tr><tr><td>ITURRIA \/ FUENTE<\/td><td>Euskal Trenbide Sarea (ETS) 2", "timestamp": null, "begin": null, "end": null, "altitudemo": "absolute", "tessellate": -1, "extrude": 0, "visibility": -1, "draworder": null, "icon": null }, "geometry": { "type": "MultiPoint", "coordinates": [ [ -276890.17008796247, 5339508.7092740992, 0.0 ] ] } },
{ "type": "Feature", "properties": { "id": 2313, "name": "P.K. 46,800", "descriptio": "<html><body><table border=\"1\"><tr><th>Field Name<\/th><th>Field Value<\/th><\/tr><tr><td>LINEA \/ LÍNEA<\/td><td>BILBO-DONOSTIA \/ BILBAO-SAN SEBASTIAN<\/td><\/tr><tr><td>P.K.<\/td><td>46,800<\/td><\/tr><tr><td>ITURRIA \/ FUENTE<\/td><td>Euskal Trenbide Sarea (ETS) 2", "timestamp": null, "begin": null, "end": null, "altitudemo": "absolute", "tessellate": -1, "extrude": 0, "visibility": -1, "draworder": null, "icon": null }, "geometry": { "type": "MultiPoint", "coordinates": [ [ -276763.61290975532, 5339563.1957095843, 0.0 ] ] } },
{ "type": "Feature", "properties": { "id": 2314, "name": "P.K. 46,900", "descriptio": "<html><body><table border=\"1\"><tr><th>Field Name<\/th><th>Field Value<\/th><\/tr><tr><td>LINEA \/ LÍNEA<\/td><td>BILBO-DONOSTIA \/ BILBAO-SAN SEBASTIAN<\/td><\/tr><tr><td>P.K.<\/td><td>46,900<\/td><\/tr><tr><td>ITURRIA \/ FUENTE<\/td><td>Euskal Trenbide Sarea (ETS) 2", "timestamp": null, "begin": null, "end": null, "altitudemo": "absolute", "tessellate": -1, "extrude": 0, "visibility": -1, "draworder": null, "icon": null }, "geometry": { "type": "MultiPoint", "coordinates": [ [ -276644.40691945644, 5339632.5735279433, 0.0 ] ] } },
{ "type": "Feature", "properties": { "id": 2315, "name": "P.K. 47,000", "descriptio": "<html><body><table border=\"1\"><tr><th>Field Name<\/th><th>Field Value<\/th><\/tr><tr><td>LINEA \/ LÍNEA<\/td><td>BILBO-DONOSTIA \/ BILBAO-SAN SEBASTIAN<\/td><\/tr><tr><td>P.K.<\/td><td>47,000<\/td><\/tr><tr><td>ITURRIA \/ FUENTE<\/td><td>Euskal Trenbide Sarea (ETS) 2", "timestamp": null, "begin": null, "end": null, "altitudemo": "absolute", "tessellate": -1, "extrude": 0, "visibility": -1, "draworder": null, "icon": null }, "geometry": { "type": "MultiPoint", "coordinates": [ [ -276527.15851250925, 5339706.2336138738, 0.0 ] ] } },
{ "type": "Feature", "properties": { "id": 2316, "name": "P.K. 47,100", "descriptio": "<html><body><table border=\"1\"><tr><th>Field Name<\/th><th>Field Value<\/th><\/tr><tr><td>LINEA \/ LÍNEA<\/td><td>BILBO-DONOSTIA \/ BILBAO-SAN SEBASTIAN<\/td><\/tr><tr><td>P.K.<\/td><td>47,100<\/td><\/tr><tr><td>ITURRIA \/ FUENTE<\/td><td>Euskal Trenbide Sarea (ETS) 2", "timestamp": null, "begin": null, "end": null, "altitudemo": "absolute", "tessellate": -1, "extrude": 0, "visibility": -1, "draworder": null, "icon": null }, "geometry": { "type": "MultiPoint", "coordinates": [ [ -276413.66149320197, 5339785.9078421732, 0.0 ] ] } },
{ "type": "Feature", "properties": { "id": 2317, "name": "P.K. 47,200", "descriptio": "<html><body><table border=\"1\"><tr><th>Field Name<\/th><th>Field Value<\/th><\/tr><tr><td>LINEA \/ LÍNEA<\/td><td>BILBO-DONOSTIA \/ BILBAO-SAN SEBASTIAN<\/td><\/tr><tr><td>P.K.<\/td><td>47,200<\/td><\/tr><tr><td>ITURRIA \/ FUENTE<\/td><td>Euskal Trenbide Sarea (ETS) 2", "timestamp": null, "begin": null, "end": null, "altitudemo": "absolute", "tessellate": -1, "extrude": 0, "visibility": -1, "draworder": null, "icon": null }, "geometry": { "type": "MultiPoint", "coordinates": [ [ -276317.97294663568, 5339885.9687742647, 0.0 ] ] } },
{ "type": "Feature", "properties": { "id": 2318, "name": "P.K. 47,300", "descriptio": "<html><body><table border=\"1\"><tr><th>Field Name<\/th><th>Field Value<\/th><\/tr><tr><td>LINEA \/ LÍNEA<\/td><td>BILBO-DONOSTIA \/ BILBAO-SAN SEBASTIAN<\/td><\/tr><tr><td>P.K.<\/td><td>47,300<\/td><\/tr><tr><td>ITURRIA \/ FUENTE<\/td><td>Euskal Trenbide Sarea (ETS) 2", "timestamp": null, "begin": null, "end": null, "altitudemo": "absolute", "tessellate": -1, "extrude": 0, "visibility": -1, "draworder": null, "icon": null }, "geometry": { "type": "MultiPoint", "coordinates": [ [ -276228.62018840108, 5339992.8133603679, 0.0 ] ] } },
{ "type": "Feature", "properties": { "id": 2319, "name": "P.K. 47,400", "descriptio": "<html><body><table border=\"1\"><tr><th>Field Name<\/th><th>Field Value<\/th><\/tr><tr><td>LINEA \/ LÍNEA<\/td><td>BILBO-DONOSTIA \/ BILBAO-SAN SEBASTIAN<\/td><\/tr><tr><td>P.K.<\/td><td>47,400<\/td><\/tr><tr><td>ITURRIA \/ FUENTE<\/td><td>Euskal Trenbide Sarea (ETS) 2", "timestamp": null, "begin": null, "end": null, "altitudemo": "absolute", "tessellate": -1, "extrude": 0, "visibility": -1, "draworder": null, "icon": null }, "geometry": { "type": "MultiPoint", "coordinates": [ [ -276161.75274359935, 5340067.5421880772, 0.0 ] ] } },
{ "type": "Feature", "properties": { "id": 2320, "name": "P.K. 47,500", "descriptio": "<html><body><table border=\"1\"><tr><th>Field Name<\/th><th>Field Value<\/th><\/tr><tr><td>LINEA \/ LÍNEA<\/td><td>BILBO-DONOSTIA \/ BILBAO-SAN SEBASTIAN<\/td><\/tr><tr><td>P.K.<\/td><td>47,500<\/td><\/tr><tr><td>ITURRIA \/ FUENTE<\/td><td>Euskal Trenbide Sarea (ETS) 2", "timestamp": null, "begin": null, "end": null, "altitudemo": "absolute", "tessellate": -1, "extrude": 0, "visibility": -1, "draworder": null, "icon": null }, "geometry": { "type": "MultiPoint", "coordinates": [ [ -276047.98898334947, 5340147.4486953458, 0.0 ] ] } },
{ "type": "Feature", "properties": { "id": 2321, "name": "P.K. 47,600", "descriptio": "<html><body><table border=\"1\"><tr><th>Field Name<\/th><th>Field Value<\/th><\/tr><tr><td>LINEA \/ LÍNEA<\/td><td>BILBO-DONOSTIA \/ BILBAO-SAN SEBASTIAN<\/td><\/tr><tr><td>P.K.<\/td><td>47,600<\/td><\/tr><tr><td>ITURRIA \/ FUENTE<\/td><td>Euskal Trenbide Sarea (ETS) 2", "timestamp": null, "begin": null, "end": null, "altitudemo": "absolute", "tessellate": -1, "extrude": 0, "visibility": -1, "draworder": null, "icon": null }, "geometry": { "type": "MultiPoint", "coordinates": [ [ -275920.49635314889, 5340191.9556554602, 0.0 ] ] } },
{ "type": "Feature", "properties": { "id": 2322, "name": "P.K. 47,700", "descriptio": "<html><body><table border=\"1\"><tr><th>Field Name<\/th><th>Field Value<\/th><\/tr><tr><td>LINEA \/ LÍNEA<\/td><td>BILBO-DONOSTIA \/ BILBAO-SAN SEBASTIAN<\/td><\/tr><tr><td>P.K.<\/td><td>47,700<\/td><\/tr><tr><td>ITURRIA \/ FUENTE<\/td><td>Euskal Trenbide Sarea (ETS) 2", "timestamp": null, "begin": null, "end": null, "altitudemo": "absolute", "tessellate": -1, "extrude": 0, "visibility": -1, "draworder": null, "icon": null }, "geometry": { "type": "MultiPoint", "coordinates": [ [ -275791.54709969636, 5340145.5024174489, 0.0 ] ] } },
{ "type": "Feature", "properties": { "id": 2323, "name": "P.K. 47,800", "descriptio": "<html><body><table border=\"1\"><tr><th>Field Name<\/th><th>Field Value<\/th><\/tr><tr><td>LINEA \/ LÍNEA<\/td><td>BILBO-DONOSTIA \/ BILBAO-SAN SEBASTIAN<\/td><\/tr><tr><td>P.K.<\/td><td>47,800<\/td><\/tr><tr><td>ITURRIA \/ FUENTE<\/td><td>Euskal Trenbide Sarea (ETS) 2", "timestamp": null, "begin": null, "end": null, "altitudemo": "absolute", "tessellate": -1, "extrude": 0, "visibility": -1, "draworder": null, "icon": null }, "geometry": { "type": "MultiPoint", "coordinates": [ [ -275665.62114638631, 5340093.8179250667, 0.0 ] ] } },
{ "type": "Feature", "properties": { "id": 2324, "name": "P.K. 47,900", "descriptio": "<html><body><table border=\"1\"><tr><th>Field Name<\/th><th>Field Value<\/th><\/tr><tr><td>LINEA \/ LÍNEA<\/td><td>BILBO-DONOSTIA \/ BILBAO-SAN SEBASTIAN<\/td><\/tr><tr><td>P.K.<\/td><td>47,900<\/td><\/tr><tr><td>ITURRIA \/ FUENTE<\/td><td>Euskal Trenbide Sarea (ETS) 2", "timestamp": null, "begin": null, "end": null, "altitudemo": "absolute", "tessellate": -1, "extrude": 0, "visibility": -1, "draworder": null, "icon": null }, "geometry": { "type": "MultiPoint", "coordinates": [ [ -275523.77153695538, 5340084.3635040047, 0.0 ] ] } },
{ "type": "Feature", "properties": { "id": 2325, "name": "P.K. 48,000", "descriptio": "<html><body><table border=\"1\"><tr><th>Field Name<\/th><th>Field Value<\/th><\/tr><tr><td>LINEA \/ LÍNEA<\/td><td>BILBO-DONOSTIA \/ BILBAO-SAN SEBASTIAN<\/td><\/tr><tr><td>P.K.<\/td><td>48,000<\/td><\/tr><tr><td>ITURRIA \/ FUENTE<\/td><td>Euskal Trenbide Sarea (ETS) 2", "timestamp": null, "begin": null, "end": null, "altitudemo": "absolute", "tessellate": -1, "extrude": 0, "visibility": -1, "draworder": null, "icon": null }, "geometry": { "type": "MultiPoint", "coordinates": [ [ -275390.7012515681, 5340127.9819028536, 0.0 ] ] } },
{ "type": "Feature", "properties": { "id": 2326, "name": "P.K. 48,100", "descriptio": "<html><body><table border=\"1\"><tr><th>Field Name<\/th><th>Field Value<\/th><\/tr><tr><td>LINEA \/ LÍNEA<\/td><td>BILBO-DONOSTIA \/ BILBAO-SAN SEBASTIAN<\/td><\/tr><tr><td>P.K.<\/td><td>48,100<\/td><\/tr><tr><td>ITURRIA \/ FUENTE<\/td><td>Euskal Trenbide Sarea (ETS) 2", "timestamp": null, "begin": null, "end": null, "altitudemo": "absolute", "tessellate": -1, "extrude": 0, "visibility": -1, "draworder": null, "icon": null }, "geometry": { "type": "MultiPoint", "coordinates": [ [ -275275.16811659106, 5340204.1559983725, 0.0 ] ] } },
{ "type": "Feature", "properties": { "id": 2327, "name": "P.K. 48,200", "descriptio": "<html><body><table border=\"1\"><tr><th>Field Name<\/th><th>Field Value<\/th><\/tr><tr><td>LINEA \/ LÍNEA<\/td><td>BILBO-DONOSTIA \/ BILBAO-SAN SEBASTIAN<\/td><\/tr><tr><td>P.K.<\/td><td>48,200<\/td><\/tr><tr><td>ITURRIA \/ FUENTE<\/td><td>Euskal Trenbide Sarea (ETS) 2", "timestamp": null, "begin": null, "end": null, "altitudemo": "absolute", "tessellate": -1, "extrude": 0, "visibility": -1, "draworder": null, "icon": null }, "geometry": { "type": "MultiPoint", "coordinates": [ [ -275181.12269535154, 5340303.2182220928, 0.0 ] ] } },
{ "type": "Feature", "properties": { "id": 2328, "name": "P.K. 48,300", "descriptio": "<html><body><table border=\"1\"><tr><th>Field Name<\/th><th>Field Value<\/th><\/tr><tr><td>LINEA \/ LÍNEA<\/td><td>BILBO-DONOSTIA \/ BILBAO-SAN SEBASTIAN<\/td><\/tr><tr><td>P.K.<\/td><td>48,300<\/td><\/tr><tr><td>ITURRIA \/ FUENTE<\/td><td>Euskal Trenbide Sarea (ETS) 2", "timestamp": null, "begin": null, "end": null, "altitudemo": "absolute", "tessellate": -1, "extrude": 0, "visibility": -1, "draworder": null, "icon": null }, "geometry": { "type": "MultiPoint", "coordinates": [ [ -275072.92726046499, 5340384.123783824, 0.0 ] ] } },
{ "type": "Feature", "properties": { "id": 2329, "name": "P.K. 48,400", "descriptio": "<html><body><table border=\"1\"><tr><th>Field Name<\/th><th>Field Value<\/th><\/tr><tr><td>LINEA \/ LÍNEA<\/td><td>BILBO-DONOSTIA \/ BILBAO-SAN SEBASTIAN<\/td><\/tr><tr><td>P.K.<\/td><td>48,400<\/td><\/tr><tr><td>ITURRIA \/ FUENTE<\/td><td>Euskal Trenbide Sarea (ETS) 2", "timestamp": null, "begin": null, "end": null, "altitudemo": "absolute", "tessellate": -1, "extrude": 0, "visibility": -1, "draworder": null, "icon": null }, "geometry": { "type": "MultiPoint", "coordinates": [ [ -274937.37704973744, 5340414.795463101, 0.0 ] ] } },
{ "type": "Feature", "properties": { "id": 2330, "name": "P.K. 48,500", "descriptio": "<html><body><table border=\"1\"><tr><th>Field Name<\/th><th>Field Value<\/th><\/tr><tr><td>LINEA \/ LÍNEA<\/td><td>BILBO-DONOSTIA \/ BILBAO-SAN SEBASTIAN<\/td><\/tr><tr><td>P.K.<\/td><td>48,500<\/td><\/tr><tr><td>ITURRIA \/ FUENTE<\/td><td>Euskal Trenbide Sarea (ETS) 2", "timestamp": null, "begin": null, "end": null, "altitudemo": "absolute", "tessellate": -1, "extrude": 0, "visibility": -1, "draworder": null, "icon": null }, "geometry": { "type": "MultiPoint", "coordinates": [ [ -274801.53638517263, 5340430.3884176454, 0.0 ] ] } },
{ "type": "Feature", "properties": { "id": 2331, "name": "P.K. 48,600", "descriptio": "<html><body><table border=\"1\"><tr><th>Field Name<\/th><th>Field Value<\/th><\/tr><tr><td>LINEA \/ LÍNEA<\/td><td>BILBO-DONOSTIA \/ BILBAO-SAN SEBASTIAN<\/td><\/tr><tr><td>P.K.<\/td><td>48,600<\/td><\/tr><tr><td>ITURRIA \/ FUENTE<\/td><td>Euskal Trenbide Sarea (ETS) 2", "timestamp": null, "begin": null, "end": null, "altitudemo": "absolute", "tessellate": -1, "extrude": 0, "visibility": -1, "draworder": null, "icon": null }, "geometry": { "type": "MultiPoint", "coordinates": [ [ -274664.1650617579, 5340442.118809836, 0.0 ] ] } },
{ "type": "Feature", "properties": { "id": 2332, "name": "P.K. 48,700", "descriptio": "<html><body><table border=\"1\"><tr><th>Field Name<\/th><th>Field Value<\/th><\/tr><tr><td>LINEA \/ LÍNEA<\/td><td>BILBO-DONOSTIA \/ BILBAO-SAN SEBASTIAN<\/td><\/tr><tr><td>P.K.<\/td><td>48,700<\/td><\/tr><tr><td>ITURRIA \/ FUENTE<\/td><td>Euskal Trenbide Sarea (ETS) 2", "timestamp": null, "begin": null, "end": null, "altitudemo": "absolute", "tessellate": -1, "extrude": 0, "visibility": -1, "draworder": null, "icon": null }, "geometry": { "type": "MultiPoint", "coordinates": [ [ -274527.85433578206, 5340469.8741842797, 0.0 ] ] } },
{ "type": "Feature", "properties": { "id": 2333, "name": "P.K. 48,800", "descriptio": "<html><body><table border=\"1\"><tr><th>Field Name<\/th><th>Field Value<\/th><\/tr><tr><td>LINEA \/ LÍNEA<\/td><td>BILBO-DONOSTIA \/ BILBAO-SAN SEBASTIAN<\/td><\/tr><tr><td>P.K.<\/td><td>48,800<\/td><\/tr><tr><td>ITURRIA \/ FUENTE<\/td><td>Euskal Trenbide Sarea (ETS) 2", "timestamp": null, "begin": null, "end": null, "altitudemo": "absolute", "tessellate": -1, "extrude": 0, "visibility": -1, "draworder": null, "icon": null }, "geometry": { "type": "MultiPoint", "coordinates": [ [ -274398.27339155198, 5340513.8097390421, 0.0 ] ] } },
{ "type": "Feature", "properties": { "id": 2334, "name": "P.K. 48,900", "descriptio": "<html><body><table border=\"1\"><tr><th>Field Name<\/th><th>Field Value<\/th><\/tr><tr><td>LINEA \/ LÍNEA<\/td><td>BILBO-DONOSTIA \/ BILBAO-SAN SEBASTIAN<\/td><\/tr><tr><td>P.K.<\/td><td>48,900<\/td><\/tr><tr><td>ITURRIA \/ FUENTE<\/td><td>Euskal Trenbide Sarea (ETS) 2", "timestamp": null, "begin": null, "end": null, "altitudemo": "absolute", "tessellate": -1, "extrude": 0, "visibility": -1, "draworder": null, "icon": null }, "geometry": { "type": "MultiPoint", "coordinates": [ [ -274266.56562178757, 5340551.5290278913, 0.0 ] ] } },
{ "type": "Feature", "properties": { "id": 2335, "name": "P.K. 49,000", "descriptio": "<html><body><table border=\"1\"><tr><th>Field Name<\/th><th>Field Value<\/th><\/tr><tr><td>LINEA \/ LÍNEA<\/td><td>BILBO-DONOSTIA \/ BILBAO-SAN SEBASTIAN<\/td><\/tr><tr><td>P.K.<\/td><td>49,000<\/td><\/tr><tr><td>ITURRIA \/ FUENTE<\/td><td>Euskal Trenbide Sarea (ETS) 2", "timestamp": null, "begin": null, "end": null, "altitudemo": "absolute", "tessellate": -1, "extrude": 0, "visibility": -1, "draworder": null, "icon": null }, "geometry": { "type": "MultiPoint", "coordinates": [ [ -274146.91908698663, 5340614.6906830175, 0.0 ] ] } },
{ "type": "Feature", "properties": { "id": 2336, "name": "P.K. 49,100", "descriptio": "<html><body><table border=\"1\"><tr><th>Field Name<\/th><th>Field Value<\/th><\/tr><tr><td>LINEA \/ LÍNEA<\/td><td>BILBO-DONOSTIA \/ BILBAO-SAN SEBASTIAN<\/td><\/tr><tr><td>P.K.<\/td><td>49,100<\/td><\/tr><tr><td>ITURRIA \/ FUENTE<\/td><td>Euskal Trenbide Sarea (ETS) 2", "timestamp": null, "begin": null, "end": null, "altitudemo": "absolute", "tessellate": -1, "extrude": 0, "visibility": -1, "draworder": null, "icon": null }, "geometry": { "type": "MultiPoint", "coordinates": [ [ -274022.41009921988, 5340689.2112021437, 0.0 ] ] } },
{ "type": "Feature", "properties": { "id": 2337, "name": "P.K. 49,200", "descriptio": "<html><body><table border=\"1\"><tr><th>Field Name<\/th><th>Field Value<\/th><\/tr><tr><td>LINEA \/ LÍNEA<\/td><td>BILBO-DONOSTIA \/ BILBAO-SAN SEBASTIAN<\/td><\/tr><tr><td>P.K.<\/td><td>49,200<\/td><\/tr><tr><td>ITURRIA \/ FUENTE<\/td><td>Euskal Trenbide Sarea (ETS) 2", "timestamp": null, "begin": null, "end": null, "altitudemo": "absolute", "tessellate": -1, "extrude": 0, "visibility": -1, "draworder": null, "icon": null }, "geometry": { "type": "MultiPoint", "coordinates": [ [ -273904.85775980051, 5340754.7487788415, 0.0 ] ] } },
{ "type": "Feature", "properties": { "id": 2338, "name": "P.K. 49,300", "descriptio": "<html><body><table border=\"1\"><tr><th>Field Name<\/th><th>Field Value<\/th><\/tr><tr><td>LINEA \/ LÍNEA<\/td><td>BILBO-DONOSTIA \/ BILBAO-SAN SEBASTIAN<\/td><\/tr><tr><td>P.K.<\/td><td>49,300<\/td><\/tr><tr><td>ITURRIA \/ FUENTE<\/td><td>Euskal Trenbide Sarea (ETS) 2", "timestamp": null, "begin": null, "end": null, "altitudemo": "absolute", "tessellate": -1, "extrude": 0, "visibility": -1, "draworder": null, "icon": null }, "geometry": { "type": "MultiPoint", "coordinates": [ [ -273784.9850824828, 5340820.6346233319, 0.0 ] ] } },
{ "type": "Feature", "properties": { "id": 2339, "name": "P.K. 49,400", "descriptio": "<html><body><table border=\"1\"><tr><th>Field Name<\/th><th>Field Value<\/th><\/tr><tr><td>LINEA \/ LÍNEA<\/td><td>BILBO-DONOSTIA \/ BILBAO-SAN SEBASTIAN<\/td><\/tr><tr><td>P.K.<\/td><td>49,400<\/td><\/tr><tr><td>ITURRIA \/ FUENTE<\/td><td>Euskal Trenbide Sarea (ETS) 2", "timestamp": null, "begin": null, "end": null, "altitudemo": "absolute", "tessellate": -1, "extrude": 0, "visibility": -1, "draworder": null, "icon": null }, "geometry": { "type": "MultiPoint", "coordinates": [ [ -273662.70604488289, 5340881.4388764696, 0.0 ] ] } },
{ "type": "Feature", "properties": { "id": 2340, "name": "P.K. 49,500", "descriptio": "<html><body><table border=\"1\"><tr><th>Field Name<\/th><th>Field Value<\/th><\/tr><tr><td>LINEA \/ LÍNEA<\/td><td>BILBO-DONOSTIA \/ BILBAO-SAN SEBASTIAN<\/td><\/tr><tr><td>P.K.<\/td><td>49,500<\/td><\/tr><tr><td>ITURRIA \/ FUENTE<\/td><td>Euskal Trenbide Sarea (ETS) 2", "timestamp": null, "begin": null, "end": null, "altitudemo": "absolute", "tessellate": -1, "extrude": 0, "visibility": -1, "draworder": null, "icon": null }, "geometry": { "type": "MultiPoint", "coordinates": [ [ -273535.86920181022, 5340935.4112893259, 0.0 ] ] } },
{ "type": "Feature", "properties": { "id": 2341, "name": "P.K. 49,600", "descriptio": "<html><body><table border=\"1\"><tr><th>Field Name<\/th><th>Field Value<\/th><\/tr><tr><td>LINEA \/ LÍNEA<\/td><td>BILBO-DONOSTIA \/ BILBAO-SAN SEBASTIAN<\/td><\/tr><tr><td>P.K.<\/td><td>49,600<\/td><\/tr><tr><td>ITURRIA \/ FUENTE<\/td><td>Euskal Trenbide Sarea (ETS) 2", "timestamp": null, "begin": null, "end": null, "altitudemo": "absolute", "tessellate": -1, "extrude": 0, "visibility": -1, "draworder": null, "icon": null }, "geometry": { "type": "MultiPoint", "coordinates": [ [ -273401.65426123823, 5340965.7087399997, 0.0 ] ] } },
{ "type": "Feature", "properties": { "id": 2342, "name": "P.K. 49,700", "descriptio": "<html><body><table border=\"1\"><tr><th>Field Name<\/th><th>Field Value<\/th><\/tr><tr><td>LINEA \/ LÍNEA<\/td><td>BILBO-DONOSTIA \/ BILBAO-SAN SEBASTIAN<\/td><\/tr><tr><td>P.K.<\/td><td>49,700<\/td><\/tr><tr><td>ITURRIA \/ FUENTE<\/td><td>Euskal Trenbide Sarea (ETS) 2", "timestamp": null, "begin": null, "end": null, "altitudemo": "absolute", "tessellate": -1, "extrude": 0, "visibility": -1, "draworder": null, "icon": null }, "geometry": { "type": "MultiPoint", "coordinates": [ [ -273262.27637376322, 5340993.6218847204, 0.0 ] ] } },
{ "type": "Feature", "properties": { "id": 2343, "name": "P.K. 49,800", "descriptio": "<html><body><table border=\"1\"><tr><th>Field Name<\/th><th>Field Value<\/th><\/tr><tr><td>LINEA \/ LÍNEA<\/td><td>BILBO-DONOSTIA \/ BILBAO-SAN SEBASTIAN<\/td><\/tr><tr><td>P.K.<\/td><td>49,800<\/td><\/tr><tr><td>ITURRIA \/ FUENTE<\/td><td>Euskal Trenbide Sarea (ETS) 2", "timestamp": null, "begin": null, "end": null, "altitudemo": "absolute", "tessellate": -1, "extrude": 0, "visibility": -1, "draworder": null, "icon": null }, "geometry": { "type": "MultiPoint", "coordinates": [ [ -273125.16286696587, 5341010.1068650652, 0.0 ] ] } },
{ "type": "Feature", "properties": { "id": 2344, "name": "P.K. 49,900", "descriptio": "<html><body><table border=\"1\"><tr><th>Field Name<\/th><th>Field Value<\/th><\/tr><tr><td>LINEA \/ LÍNEA<\/td><td>BILBO-DONOSTIA \/ BILBAO-SAN SEBASTIAN<\/td><\/tr><tr><td>P.K.<\/td><td>49,900<\/td><\/tr><tr><td>ITURRIA \/ FUENTE<\/td><td>Euskal Trenbide Sarea (ETS) 2", "timestamp": null, "begin": null, "end": null, "altitudemo": "absolute", "tessellate": -1, "extrude": 0, "visibility": -1, "draworder": null, "icon": null }, "geometry": { "type": "MultiPoint", "coordinates": [ [ -272994.27207785932, 5340958.2392952228, 0.0 ] ] } },
{ "type": "Feature", "properties": { "id": 2345, "name": "P.K. 50,000", "descriptio": "<html><body><table border=\"1\"><tr><th>Field Name<\/th><th>Field Value<\/th><\/tr><tr><td>LINEA \/ LÍNEA<\/td><td>BILBO-DONOSTIA \/ BILBAO-SAN SEBASTIAN<\/td><\/tr><tr><td>P.K.<\/td><td>50,000<\/td><\/tr><tr><td>ITURRIA \/ FUENTE<\/td><td>Euskal Trenbide Sarea (ETS) 2", "timestamp": null, "begin": null, "end": null, "altitudemo": "absolute", "tessellate": -1, "extrude": 0, "visibility": -1, "draworder": null, "icon": null }, "geometry": { "type": "MultiPoint", "coordinates": [ [ -272894.47886621777, 5340908.5110942321, 0.0 ] ] } },
{ "type": "Feature", "properties": { "id": 2346, "name": "P.K. 50,100", "descriptio": "<html><body><table border=\"1\"><tr><th>Field Name<\/th><th>Field Value<\/th><\/tr><tr><td>LINEA \/ LÍNEA<\/td><td>BILBO-DONOSTIA \/ BILBAO-SAN SEBASTIAN<\/td><\/tr><tr><td>P.K.<\/td><td>50,100<\/td><\/tr><tr><td>ITURRIA \/ FUENTE<\/td><td>Euskal Trenbide Sarea (ETS) 2", "timestamp": null, "begin": null, "end": null, "altitudemo": "absolute", "tessellate": -1, "extrude": 0, "visibility": -1, "draworder": null, "icon": null }, "geometry": { "type": "MultiPoint", "coordinates": [ [ -272759.95872206386, 5340938.2124390099, 0.0 ] ] } },
{ "type": "Feature", "properties": { "id": 2347, "name": "P.K. 50,200", "descriptio": "<html><body><table border=\"1\"><tr><th>Field Name<\/th><th>Field Value<\/th><\/tr><tr><td>LINEA \/ LÍNEA<\/td><td>BILBO-DONOSTIA \/ BILBAO-SAN SEBASTIAN<\/td><\/tr><tr><td>P.K.<\/td><td>50,200<\/td><\/tr><tr><td>ITURRIA \/ FUENTE<\/td><td>Euskal Trenbide Sarea (ETS) 2", "timestamp": null, "begin": null, "end": null, "altitudemo": "absolute", "tessellate": -1, "extrude": 0, "visibility": -1, "draworder": null, "icon": null }, "geometry": { "type": "MultiPoint", "coordinates": [ [ -272645.08218669792, 5341008.7636456303, 0.0 ] ] } },
{ "type": "Feature", "properties": { "id": 2348, "name": "P.K. 50,300", "descriptio": "<html><body><table border=\"1\"><tr><th>Field Name<\/th><th>Field Value<\/th><\/tr><tr><td>LINEA \/ LÍNEA<\/td><td>BILBO-DONOSTIA \/ BILBAO-SAN SEBASTIAN<\/td><\/tr><tr><td>P.K.<\/td><td>50,300<\/td><\/tr><tr><td>ITURRIA \/ FUENTE<\/td><td>Euskal Trenbide Sarea (ETS) 2", "timestamp": null, "begin": null, "end": null, "altitudemo": "absolute", "tessellate": -1, "extrude": 0, "visibility": -1, "draworder": null, "icon": null }, "geometry": { "type": "MultiPoint", "coordinates": [ [ -272522.73049065424, 5341071.7449195813, 0.0 ] ] } },
{ "type": "Feature", "properties": { "id": 2349, "name": "P.K. 50,400", "descriptio": "<html><body><table border=\"1\"><tr><th>Field Name<\/th><th>Field Value<\/th><\/tr><tr><td>LINEA \/ LÍNEA<\/td><td>BILBO-DONOSTIA \/ BILBAO-SAN SEBASTIAN<\/td><\/tr><tr><td>P.K.<\/td><td>50,400<\/td><\/tr><tr><td>ITURRIA \/ FUENTE<\/td><td>Euskal Trenbide Sarea (ETS) 2", "timestamp": null, "begin": null, "end": null, "altitudemo": "absolute", "tessellate": -1, "extrude": 0, "visibility": -1, "draworder": null, "icon": null }, "geometry": { "type": "MultiPoint", "coordinates": [ [ -272388.43856847752, 5341049.6196285579, 0.0 ] ] } },
{ "type": "Feature", "properties": { "id": 2350, "name": "P.K. 50,500", "descriptio": "<html><body><table border=\"1\"><tr><th>Field Name<\/th><th>Field Value<\/th><\/tr><tr><td>LINEA \/ LÍNEA<\/td><td>BILBO-DONOSTIA \/ BILBAO-SAN SEBASTIAN<\/td><\/tr><tr><td>P.K.<\/td><td>50,500<\/td><\/tr><tr><td>ITURRIA \/ FUENTE<\/td><td>Euskal Trenbide Sarea (ETS) 2", "timestamp": null, "begin": null, "end": null, "altitudemo": "absolute", "tessellate": -1, "extrude": 0, "visibility": -1, "draworder": null, "icon": null }, "geometry": { "type": "MultiPoint", "coordinates": [ [ -272250.9433267134, 5341047.9842536449, 0.0 ] ] } },
{ "type": "Feature", "properties": { "id": 2351, "name": "P.K. 50,600", "descriptio": "<html><body><table border=\"1\"><tr><th>Field Name<\/th><th>Field Value<\/th><\/tr><tr><td>LINEA \/ LÍNEA<\/td><td>BILBO-DONOSTIA \/ BILBAO-SAN SEBASTIAN<\/td><\/tr><tr><td>P.K.<\/td><td>50,600<\/td><\/tr><tr><td>ITURRIA \/ FUENTE<\/td><td>Euskal Trenbide Sarea (ETS) 2", "timestamp": null, "begin": null, "end": null, "altitudemo": "absolute", "tessellate": -1, "extrude": 0, "visibility": -1, "draworder": null, "icon": null }, "geometry": { "type": "MultiPoint", "coordinates": [ [ -272137.76902117638, 5341124.1741527757, 0.0 ] ] } },
{ "type": "Feature", "properties": { "id": 2352, "name": "P.K. 50,700", "descriptio": "<html><body><table border=\"1\"><tr><th>Field Name<\/th><th>Field Value<\/th><\/tr><tr><td>LINEA \/ LÍNEA<\/td><td>BILBO-DONOSTIA \/ BILBAO-SAN SEBASTIAN<\/td><\/tr><tr><td>P.K.<\/td><td>50,700<\/td><\/tr><tr><td>ITURRIA \/ FUENTE<\/td><td>Euskal Trenbide Sarea (ETS) 2", "timestamp": null, "begin": null, "end": null, "altitudemo": "absolute", "tessellate": -1, "extrude": 0, "visibility": -1, "draworder": null, "icon": null }, "geometry": { "type": "MultiPoint", "coordinates": [ [ -272015.11226826382, 5341182.207139438, 0.0 ] ] } },
{ "type": "Feature", "properties": { "id": 2353, "name": "P.K. 50,800", "descriptio": "<html><body><table border=\"1\"><tr><th>Field Name<\/th><th>Field Value<\/th><\/tr><tr><td>LINEA \/ LÍNEA<\/td><td>BILBO-DONOSTIA \/ BILBAO-SAN SEBASTIAN<\/td><\/tr><tr><td>P.K.<\/td><td>50,800<\/td><\/tr><tr><td>ITURRIA \/ FUENTE<\/td><td>Euskal Trenbide Sarea (ETS) 2", "timestamp": null, "begin": null, "end": null, "altitudemo": "absolute", "tessellate": -1, "extrude": 0, "visibility": -1, "draworder": null, "icon": null }, "geometry": { "type": "MultiPoint", "coordinates": [ [ -271871.35231798165, 5341192.8697986929, 0.0 ] ] } },
{ "type": "Feature", "properties": { "id": 2354, "name": "P.K. 50,900", "descriptio": "<html><body><table border=\"1\"><tr><th>Field Name<\/th><th>Field Value<\/th><\/tr><tr><td>LINEA \/ LÍNEA<\/td><td>BILBO-DONOSTIA \/ BILBAO-SAN SEBASTIAN<\/td><\/tr><tr><td>P.K.<\/td><td>50,900<\/td><\/tr><tr><td>ITURRIA \/ FUENTE<\/td><td>Euskal Trenbide Sarea (ETS) 2", "timestamp": null, "begin": null, "end": null, "altitudemo": "absolute", "tessellate": -1, "extrude": 0, "visibility": -1, "draworder": null, "icon": null }, "geometry": { "type": "MultiPoint", "coordinates": [ [ -271739.49478185509, 5341197.707638301, 0.0 ] ] } },
{ "type": "Feature", "properties": { "id": 2355, "name": "P.K. 51,000", "descriptio": "<html><body><table border=\"1\"><tr><th>Field Name<\/th><th>Field Value<\/th><\/tr><tr><td>LINEA \/ LÍNEA<\/td><td>BILBO-DONOSTIA \/ BILBAO-SAN SEBASTIAN<\/td><\/tr><tr><td>P.K.<\/td><td>51,000<\/td><\/tr><tr><td>ITURRIA \/ FUENTE<\/td><td>Euskal Trenbide Sarea (ETS) 2", "timestamp": null, "begin": null, "end": null, "altitudemo": "absolute", "tessellate": -1, "extrude": 0, "visibility": -1, "draworder": null, "icon": null }, "geometry": { "type": "MultiPoint", "coordinates": [ [ -271603.08871250658, 5341197.6311546378, 0.0 ] ] } },
{ "type": "Feature", "properties": { "id": 2356, "name": "P.K. 51,100", "descriptio": "<html><body><table border=\"1\"><tr><th>Field Name<\/th><th>Field Value<\/th><\/tr><tr><td>LINEA \/ LÍNEA<\/td><td>BILBO-DONOSTIA \/ BILBAO-SAN SEBASTIAN<\/td><\/tr><tr><td>P.K.<\/td><td>51,100<\/td><\/tr><tr><td>ITURRIA \/ FUENTE<\/td><td>Euskal Trenbide Sarea (ETS) 2", "timestamp": null, "begin": null, "end": null, "altitudemo": "absolute", "tessellate": -1, "extrude": 0, "visibility": -1, "draworder": null, "icon": null }, "geometry": { "type": "MultiPoint", "coordinates": [ [ -271466.30538789951, 5341199.8653456522, 0.0 ] ] } },
{ "type": "Feature", "properties": { "id": 2357, "name": "P.K. 51,200", "descriptio": "<html><body><table border=\"1\"><tr><th>Field Name<\/th><th>Field Value<\/th><\/tr><tr><td>LINEA \/ LÍNEA<\/td><td>BILBO-DONOSTIA \/ BILBAO-SAN SEBASTIAN<\/td><\/tr><tr><td>P.K.<\/td><td>51,200<\/td><\/tr><tr><td>ITURRIA \/ FUENTE<\/td><td>Euskal Trenbide Sarea (ETS) 2", "timestamp": null, "begin": null, "end": null, "altitudemo": "absolute", "tessellate": -1, "extrude": 0, "visibility": -1, "draworder": null, "icon": null }, "geometry": { "type": "MultiPoint", "coordinates": [ [ -271342.76999750128, 5341248.9717535237, 0.0 ] ] } },
{ "type": "Feature", "properties": { "id": 2358, "name": "P.K. 51,300", "descriptio": "<html><body><table border=\"1\"><tr><th>Field Name<\/th><th>Field Value<\/th><\/tr><tr><td>LINEA \/ LÍNEA<\/td><td>BILBO-DONOSTIA \/ BILBAO-SAN SEBASTIAN<\/td><\/tr><tr><td>P.K.<\/td><td>51,300<\/td><\/tr><tr><td>ITURRIA \/ FUENTE<\/td><td>Euskal Trenbide Sarea (ETS) 2", "timestamp": null, "begin": null, "end": null, "altitudemo": "absolute", "tessellate": -1, "extrude": 0, "visibility": -1, "draworder": null, "icon": null }, "geometry": { "type": "MultiPoint", "coordinates": [ [ -271270.22821908764, 5341351.1761161722, 0.0 ] ] } },
{ "type": "Feature", "properties": { "id": 2359, "name": "P.K. 51,400", "descriptio": "<html><body><table border=\"1\"><tr><th>Field Name<\/th><th>Field Value<\/th><\/tr><tr><td>LINEA \/ LÍNEA<\/td><td>BILBO-DONOSTIA \/ BILBAO-SAN SEBASTIAN<\/td><\/tr><tr><td>P.K.<\/td><td>51,400<\/td><\/tr><tr><td>ITURRIA \/ FUENTE<\/td><td>Euskal Trenbide Sarea (ETS) 2", "timestamp": null, "begin": null, "end": null, "altitudemo": "absolute", "tessellate": -1, "extrude": 0, "visibility": -1, "draworder": null, "icon": null }, "geometry": { "type": "MultiPoint", "coordinates": [ [ -271240.17166897107, 5341479.8778686188, 0.0 ] ] } },
{ "type": "Feature", "properties": { "id": 2360, "name": "P.K. 51,500", "descriptio": "<html><body><table border=\"1\"><tr><th>Field Name<\/th><th>Field Value<\/th><\/tr><tr><td>LINEA \/ LÍNEA<\/td><td>BILBO-DONOSTIA \/ BILBAO-SAN SEBASTIAN<\/td><\/tr><tr><td>P.K.<\/td><td>51,500<\/td><\/tr><tr><td>ITURRIA \/ FUENTE<\/td><td>Euskal Trenbide Sarea (ETS) 2", "timestamp": null, "begin": null, "end": null, "altitudemo": "absolute", "tessellate": -1, "extrude": 0, "visibility": -1, "draworder": null, "icon": null }, "geometry": { "type": "MultiPoint", "coordinates": [ [ -271187.58963140048, 5341611.755771501, 0.0 ] ] } },
{ "type": "Feature", "properties": { "id": 2361, "name": "P.K. 51,600", "descriptio": "<html><body><table border=\"1\"><tr><th>Field Name<\/th><th>Field Value<\/th><\/tr><tr><td>LINEA \/ LÍNEA<\/td><td>BILBO-DONOSTIA \/ BILBAO-SAN SEBASTIAN<\/td><\/tr><tr><td>P.K.<\/td><td>51,600<\/td><\/tr><tr><td>ITURRIA \/ FUENTE<\/td><td>Euskal Trenbide Sarea (ETS) 2", "timestamp": null, "begin": null, "end": null, "altitudemo": "absolute", "tessellate": -1, "extrude": 0, "visibility": -1, "draworder": null, "icon": null }, "geometry": { "type": "MultiPoint", "coordinates": [ [ -271121.02616731339, 5341732.6635892317, 0.0 ] ] } },
{ "type": "Feature", "properties": { "id": 2362, "name": "P.K. 51,700", "descriptio": "<html><body><table border=\"1\"><tr><th>Field Name<\/th><th>Field Value<\/th><\/tr><tr><td>LINEA \/ LÍNEA<\/td><td>BILBO-DONOSTIA \/ BILBAO-SAN SEBASTIAN<\/td><\/tr><tr><td>P.K.<\/td><td>51,700<\/td><\/tr><tr><td>ITURRIA \/ FUENTE<\/td><td>Euskal Trenbide Sarea (ETS) 2", "timestamp": null, "begin": null, "end": null, "altitudemo": "absolute", "tessellate": -1, "extrude": 0, "visibility": -1, "draworder": null, "icon": null }, "geometry": { "type": "MultiPoint", "coordinates": [ [ -271006.5209029534, 5341812.9995853249, 0.0 ] ] } },
{ "type": "Feature", "properties": { "id": 2363, "name": "P.K. 51,800", "descriptio": "<html><body><table border=\"1\"><tr><th>Field Name<\/th><th>Field Value<\/th><\/tr><tr><td>LINEA \/ LÍNEA<\/td><td>BILBO-DONOSTIA \/ BILBAO-SAN SEBASTIAN<\/td><\/tr><tr><td>P.K.<\/td><td>51,800<\/td><\/tr><tr><td>ITURRIA \/ FUENTE<\/td><td>Euskal Trenbide Sarea (ETS) 2", "timestamp": null, "begin": null, "end": null, "altitudemo": "absolute", "tessellate": -1, "extrude": 0, "visibility": -1, "draworder": null, "icon": null }, "geometry": { "type": "MultiPoint", "coordinates": [ [ -270907.03553709626, 5341908.2297063041, 0.0 ] ] } },
{ "type": "Feature", "properties": { "id": 2364, "name": "P.K. 51,900", "descriptio": "<html><body><table border=\"1\"><tr><th>Field Name<\/th><th>Field Value<\/th><\/tr><tr><td>LINEA \/ LÍNEA<\/td><td>BILBO-DONOSTIA \/ BILBAO-SAN SEBASTIAN<\/td><\/tr><tr><td>P.K.<\/td><td>51,900<\/td><\/tr><tr><td>ITURRIA \/ FUENTE<\/td><td>Euskal Trenbide Sarea (ETS) 2", "timestamp": null, "begin": null, "end": null, "altitudemo": "absolute", "tessellate": -1, "extrude": 0, "visibility": -1, "draworder": null, "icon": null }, "geometry": { "type": "MultiPoint", "coordinates": [ [ -270844.7192509679, 5342031.5673480956, 0.0 ] ] } },
{ "type": "Feature", "properties": { "id": 2365, "name": "P.K. 52,000", "descriptio": "<html><body><table border=\"1\"><tr><th>Field Name<\/th><th>Field Value<\/th><\/tr><tr><td>LINEA \/ LÍNEA<\/td><td>BILBO-DONOSTIA \/ BILBAO-SAN SEBASTIAN<\/td><\/tr><tr><td>P.K.<\/td><td>52,000<\/td><\/tr><tr><td>ITURRIA \/ FUENTE<\/td><td>Euskal Trenbide Sarea (ETS) 2", "timestamp": null, "begin": null, "end": null, "altitudemo": "absolute", "tessellate": -1, "extrude": 0, "visibility": -1, "draworder": null, "icon": null }, "geometry": { "type": "MultiPoint", "coordinates": [ [ -270813.86506295059, 5342157.2820835197, 0.0 ] ] } },
{ "type": "Feature", "properties": { "id": 2366, "name": "P.K. 52,100", "descriptio": "<html><body><table border=\"1\"><tr><th>Field Name<\/th><th>Field Value<\/th><\/tr><tr><td>LINEA \/ LÍNEA<\/td><td>BILBO-DONOSTIA \/ BILBAO-SAN SEBASTIAN<\/td><\/tr><tr><td>P.K.<\/td><td>52,100<\/td><\/tr><tr><td>ITURRIA \/ FUENTE<\/td><td>Euskal Trenbide Sarea (ETS) 2", "timestamp": null, "begin": null, "end": null, "altitudemo": "absolute", "tessellate": -1, "extrude": 0, "visibility": -1, "draworder": null, "icon": null }, "geometry": { "type": "MultiPoint", "coordinates": [ [ -270736.96851959464, 5342274.7294938145, 0.0 ] ] } },
{ "type": "Feature", "properties": { "id": 2367, "name": "P.K. 52,200", "descriptio": "<html><body><table border=\"1\"><tr><th>Field Name<\/th><th>Field Value<\/th><\/tr><tr><td>LINEA \/ LÍNEA<\/td><td>BILBO-DONOSTIA \/ BILBAO-SAN SEBASTIAN<\/td><\/tr><tr><td>P.K.<\/td><td>52,200<\/td><\/tr><tr><td>ITURRIA \/ FUENTE<\/td><td>Euskal Trenbide Sarea (ETS) 2", "timestamp": null, "begin": null, "end": null, "altitudemo": "absolute", "tessellate": -1, "extrude": 0, "visibility": -1, "draworder": null, "icon": null }, "geometry": { "type": "MultiPoint", "coordinates": [ [ -270658.10439385782, 5342379.1205122527, 0.0 ] ] } },
{ "type": "Feature", "properties": { "id": 2368, "name": "P.K. 52,300", "descriptio": "<html><body><table border=\"1\"><tr><th>Field Name<\/th><th>Field Value<\/th><\/tr><tr><td>LINEA \/ LÍNEA<\/td><td>BILBO-DONOSTIA \/ BILBAO-SAN SEBASTIAN<\/td><\/tr><tr><td>P.K.<\/td><td>52,300<\/td><\/tr><tr><td>ITURRIA \/ FUENTE<\/td><td>Euskal Trenbide Sarea (ETS) 2", "timestamp": null, "begin": null, "end": null, "altitudemo": "absolute", "tessellate": -1, "extrude": 0, "visibility": -1, "draworder": null, "icon": null }, "geometry": { "type": "MultiPoint", "coordinates": [ [ -270576.09889487294, 5342488.3551301463, 0.0 ] ] } },
{ "type": "Feature", "properties": { "id": 2369, "name": "P.K. 52,400", "descriptio": "<html><body><table border=\"1\"><tr><th>Field Name<\/th><th>Field Value<\/th><\/tr><tr><td>LINEA \/ LÍNEA<\/td><td>BILBO-DONOSTIA \/ BILBAO-SAN SEBASTIAN<\/td><\/tr><tr><td>P.K.<\/td><td>52,400<\/td><\/tr><tr><td>ITURRIA \/ FUENTE<\/td><td>Euskal Trenbide Sarea (ETS) 2", "timestamp": null, "begin": null, "end": null, "altitudemo": "absolute", "tessellate": -1, "extrude": 0, "visibility": -1, "draworder": null, "icon": null }, "geometry": { "type": "MultiPoint", "coordinates": [ [ -270494.98504849902, 5342597.9046858428, 0.0 ] ] } },
{ "type": "Feature", "properties": { "id": 2370, "name": "P.K. 52,500", "descriptio": "<html><body><table border=\"1\"><tr><th>Field Name<\/th><th>Field Value<\/th><\/tr><tr><td>LINEA \/ LÍNEA<\/td><td>BILBO-DONOSTIA \/ BILBAO-SAN SEBASTIAN<\/td><\/tr><tr><td>P.K.<\/td><td>52,500<\/td><\/tr><tr><td>ITURRIA \/ FUENTE<\/td><td>Euskal Trenbide Sarea (ETS) 2", "timestamp": null, "begin": null, "end": null, "altitudemo": "absolute", "tessellate": -1, "extrude": 0, "visibility": -1, "draworder": null, "icon": null }, "geometry": { "type": "MultiPoint", "coordinates": [ [ -270416.14101801376, 5342710.1735809743, 0.0 ] ] } },
{ "type": "Feature", "properties": { "id": 2371, "name": "P.K. 52,600", "descriptio": "<html><body><table border=\"1\"><tr><th>Field Name<\/th><th>Field Value<\/th><\/tr><tr><td>LINEA \/ LÍNEA<\/td><td>BILBO-DONOSTIA \/ BILBAO-SAN SEBASTIAN<\/td><\/tr><tr><td>P.K.<\/td><td>52,600<\/td><\/tr><tr><td>ITURRIA \/ FUENTE<\/td><td>Euskal Trenbide Sarea (ETS) 2", "timestamp": null, "begin": null, "end": null, "altitudemo": "absolute", "tessellate": -1, "extrude": 0, "visibility": -1, "draworder": null, "icon": null }, "geometry": { "type": "MultiPoint", "coordinates": [ [ -270348.97800541035, 5342821.243198392, 0.0 ] ] } },
{ "type": "Feature", "properties": { "id": 2372, "name": "P.K. 52,700", "descriptio": "<html><body><table border=\"1\"><tr><th>Field Name<\/th><th>Field Value<\/th><\/tr><tr><td>LINEA \/ LÍNEA<\/td><td>BILBO-DONOSTIA \/ BILBAO-SAN SEBASTIAN<\/td><\/tr><tr><td>P.K.<\/td><td>52,700<\/td><\/tr><tr><td>ITURRIA \/ FUENTE<\/td><td>Euskal Trenbide Sarea (ETS) 2", "timestamp": null, "begin": null, "end": null, "altitudemo": "absolute", "tessellate": -1, "extrude": 0, "visibility": -1, "draworder": null, "icon": null }, "geometry": { "type": "MultiPoint", "coordinates": [ [ -270273.64116350352, 5342939.1730101723, 0.0 ] ] } },
{ "type": "Feature", "properties": { "id": 2373, "name": "P.K. 52,800", "descriptio": "<html><body><table border=\"1\"><tr><th>Field Name<\/th><th>Field Value<\/th><\/tr><tr><td>LINEA \/ LÍNEA<\/td><td>BILBO-DONOSTIA \/ BILBAO-SAN SEBASTIAN<\/td><\/tr><tr><td>P.K.<\/td><td>52,800<\/td><\/tr><tr><td>ITURRIA \/ FUENTE<\/td><td>Euskal Trenbide Sarea (ETS) 2", "timestamp": null, "begin": null, "end": null, "altitudemo": "absolute", "tessellate": -1, "extrude": 0, "visibility": -1, "draworder": null, "icon": null }, "geometry": { "type": "MultiPoint", "coordinates": [ [ -270142.91346411849, 5342974.9876475241, 0.0 ] ] } },
{ "type": "Feature", "properties": { "id": 2374, "name": "P.K. 52,900", "descriptio": "<html><body><table border=\"1\"><tr><th>Field Name<\/th><th>Field Value<\/th><\/tr><tr><td>LINEA \/ LÍNEA<\/td><td>BILBO-DONOSTIA \/ BILBAO-SAN SEBASTIAN<\/td><\/tr><tr><td>P.K.<\/td><td>52,900<\/td><\/tr><tr><td>ITURRIA \/ FUENTE<\/td><td>Euskal Trenbide Sarea (ETS) 2", "timestamp": null, "begin": null, "end": null, "altitudemo": "absolute", "tessellate": -1, "extrude": 0, "visibility": -1, "draworder": null, "icon": null }, "geometry": { "type": "MultiPoint", "coordinates": [ [ -270020.16190679127, 5343006.3985665562, 0.0 ] ] } },
{ "type": "Feature", "properties": { "id": 2375, "name": "P.K. 53,000", "descriptio": "<html><body><table border=\"1\"><tr><th>Field Name<\/th><th>Field Value<\/th><\/tr><tr><td>LINEA \/ LÍNEA<\/td><td>BILBO-DONOSTIA \/ BILBAO-SAN SEBASTIAN<\/td><\/tr><tr><td>P.K.<\/td><td>53,000<\/td><\/tr><tr><td>ITURRIA \/ FUENTE<\/td><td>Euskal Trenbide Sarea (ETS) 2", "timestamp": null, "begin": null, "end": null, "altitudemo": "absolute", "tessellate": -1, "extrude": 0, "visibility": -1, "draworder": null, "icon": null }, "geometry": { "type": "MultiPoint", "coordinates": [ [ -269902.66310224577, 5343076.5598016856, 0.0 ] ] } },
{ "type": "Feature", "properties": { "id": 2376, "name": "P.K. 53,100", "descriptio": "<html><body><table border=\"1\"><tr><th>Field Name<\/th><th>Field Value<\/th><\/tr><tr><td>LINEA \/ LÍNEA<\/td><td>BILBO-DONOSTIA \/ BILBAO-SAN SEBASTIAN<\/td><\/tr><tr><td>P.K.<\/td><td>53,100<\/td><\/tr><tr><td>ITURRIA \/ FUENTE<\/td><td>Euskal Trenbide Sarea (ETS) 2", "timestamp": null, "begin": null, "end": null, "altitudemo": "absolute", "tessellate": -1, "extrude": 0, "visibility": -1, "draworder": null, "icon": null }, "geometry": { "type": "MultiPoint", "coordinates": [ [ -269786.3227610967, 5343151.7919728244, 0.0 ] ] } }
]
}
